arm,family,hs_m,record,z_rms_m,z_pct_hs,rms_3d_m,roll_deg,pitch_deg,yaw_deg,tau_applied,sigma_applied
empirical,JONSWAP,0.27,wave_data_jonswap_H0.270_L14.047_A30.00_P60.00.csv,0.0182035,6.74205,0.03616,0.234655,0.141977,1.06814,1.28034,0.339124
empirical,JONSWAP,1.5,wave_data_jonswap_H1.500_L50.710_A-30.00_P120.00.csv,0.0972764,6.4851,0.211314,0.203282,0.0795939,1.04014,2.18073,0.688929
empirical,JONSWAP,4.0,wave_data_jonswap_H4.000_L112.766_A30.00_P30.00.csv,0.247618,6.19046,0.574698,0.43301,0.21532,0.831385,3.59057,1.0612
empirical,JONSWAP,8.5,wave_data_jonswap_H8.500_L202.839_A-30.00_P72.00.csv,0.511156,6.01359,1.253,0.363599,0.277519,0.389997,4.22184,1.34186
empirical,PM-Stokes,0.27,wave_data_pmstokes_H0.270_L14.047_A30.00_P60.00.csv,0.0182759,6.76884,0.0361908,0.220035,0.169529,0.691219,1.17259,0.364511
empirical,PM-Stokes,1.5,wave_data_pmstokes_H1.500_L50.710_A-30.00_P120.00.csv,0.0941367,6.27578,0.201591,0.213525,0.166998,0.976894,2.04482,0.746237
empirical,PM-Stokes,4.0,wave_data_pmstokes_H4.000_L112.766_A30.00_P30.00.csv,0.241049,6.02624,0.538459,0.348861,0.204516,0.48726,3.28991,1.06392
empirical,PM-Stokes,8.5,wave_data_pmstokes_H8.500_L202.839_A-30.00_P72.00.csv,0.517734,6.09099,1.16817,0.276099,0.177256,0.529123,4.10027,1.41336
C_P=0.07,JONSWAP,0.27,wave_data_jonswap_H0.270_L14.047_A30.00_P60.00.csv,0.0186639,6.91255,0.0339939,0.235598,0.133697,1.04616,1.28034,0.339124
C_P=0.07,JONSWAP,1.5,wave_data_jonswap_H1.500_L50.710_A-30.00_P120.00.csv,0.10004,6.66934,0.194912,0.200936,0.0813664,1.02548,2.18073,0.688929
C_P=0.07,JONSWAP,4.0,wave_data_jonswap_H4.000_L112.766_A30.00_P30.00.csv,0.257863,6.44657,0.53831,0.42961,0.212614,0.828543,3.59057,1.0612
C_P=0.07,JONSWAP,8.5,wave_data_jonswap_H8.500_L202.839_A-30.00_P72.00.csv,0.540425,6.35794,1.17502,0.358396,0.267366,0.382909,4.22184,1.34186
C_P=0.07,PM-Stokes,0.27,wave_data_pmstokes_H0.270_L14.047_A30.00_P60.00.csv,0.0184857,6.84655,0.0331994,0.22126,0.160972,0.664108,1.17259,0.364511
C_P=0.07,PM-Stokes,1.5,wave_data_pmstokes_H1.500_L50.710_A-30.00_P120.00.csv,0.097831,6.52207,0.184273,0.210845,0.168144,0.971527,2.04482,0.746237
C_P=0.07,PM-Stokes,4.0,wave_data_pmstokes_H4.000_L112.766_A30.00_P30.00.csv,0.256009,6.40022,0.502803,0.344257,0.210254,0.484694,3.28991,1.06392
C_P=0.07,PM-Stokes,8.5,wave_data_pmstokes_H8.500_L202.839_A-30.00_P72.00.csv,0.549478,6.46445,1.09916,0.271573,0.186033,0.531908,4.10027,1.41336
C_P=0.085,JONSWAP,0.27,wave_data_jonswap_H0.270_L14.047_A30.00_P60.00.csv,0.0181372,6.7175,0.0338795,0.23484,0.138263,1.05775,1.28034,0.339124
C_P=0.085,JONSWAP,1.5,wave_data_jonswap_H1.500_L50.710_A-30.00_P120.00.csv,0.0976887,6.51258,0.197066,0.201628,0.0803447,1.03341,2.18073,0.688929
C_P=0.085,JONSWAP,4.0,wave_data_jonswap_H4.000_L112.766_A30.00_P30.00.csv,0.249992,6.24979,0.546397,0.43103,0.213445,0.828773,3.59057,1.0612
C_P=0.085,JONSWAP,8.5,wave_data_jonswap_H8.500_L202.839_A-30.00_P72.00.csv,0.519884,6.11629,1.20744,0.36131,0.273556,0.387229,4.22184,1.34186
C_P=0.085,PM-Stokes,0.27,wave_data_pmstokes_H0.270_L14.047_A30.00_P60.00.csv,0.0179646,6.65357,0.0330641,0.220306,0.165851,0.678313,1.17259,0.364511
C_P=0.085,PM-Stokes,1.5,wave_data_pmstokes_H1.500_L50.710_A-30.00_P120.00.csv,0.0949797,6.33198,0.185309,0.211537,0.168298,0.975254,2.04482,0.746237
C_P=0.085,PM-Stokes,4.0,wave_data_pmstokes_H4.000_L112.766_A30.00_P30.00.csv,0.247211,6.18028,0.508087,0.346241,0.207674,0.485342,3.28991,1.06392
C_P=0.085,PM-Stokes,8.5,wave_data_pmstokes_H8.500_L202.839_A-30.00_P72.00.csv,0.529606,6.23066,1.11999,0.27363,0.181966,0.531962,4.10027,1.41336
C_P=0.098,JONSWAP,0.27,wave_data_jonswap_H0.270_L14.047_A30.00_P60.00.csv,0.0179747,6.65731,0.0343597,0.234607,0.140407,1.0634,1.28034,0.339124
C_P=0.098,JONSWAP,1.5,wave_data_jonswap_H1.500_L50.710_A-30.00_P120.00.csv,0.0970517,6.47012,0.202056,0.202359,0.079887,1.03721,2.18073,0.688929
C_P=0.098,JONSWAP,4.0,wave_data_jonswap_H4.000_L112.766_A30.00_P30.00.csv,0.24688,6.17201,0.562085,0.432259,0.214491,0.829908,3.59057,1.0612
C_P=0.098,JONSWAP,8.5,wave_data_jonswap_H8.500_L202.839_A-30.00_P72.00.csv,0.509462,5.99367,1.25418,0.363513,0.277946,0.389363,4.22184,1.34186
C_P=0.098,PM-Stokes,0.27,wave_data_pmstokes_H0.270_L14.047_A30.00_P60.00.csv,0.0178082,6.59561,0.0335267,0.219972,0.168063,0.685176,1.17259,0.364511
C_P=0.098,PM-Stokes,1.5,wave_data_pmstokes_H1.500_L50.710_A-30.00_P120.00.csv,0.0938622,6.25748,0.189329,0.212246,0.167997,0.976622,2.04482,0.746237
C_P=0.098,PM-Stokes,4.0,wave_data_pmstokes_H4.000_L112.766_A30.00_P30.00.csv,0.243112,6.07781,0.52115,0.34772,0.206017,0.486,3.28991,1.06392
C_P=0.098,PM-Stokes,8.5,wave_data_pmstokes_H8.500_L202.839_A-30.00_P72.00.csv,0.520009,6.11776,1.15664,0.275448,0.178598,0.530309,4.10027,1.41336
C_P=0.1116,JONSWAP,0.27,wave_data_jonswap_H0.270_L14.047_A30.00_P60.00.csv,0.0180187,6.6736,0.0352916,0.234587,0.141604,1.06681,1.28034,0.339124
C_P=0.1116,JONSWAP,1.5,wave_data_jonswap_H1.500_L50.710_A-30.00_P120.00.csv,0.0973957,6.49305,0.209571,0.203155,0.0796055,1.03971,2.18073,0.688929
C_P=0.1116,JONSWAP,4.0,wave_data_jonswap_H4.000_L112.766_A30.00_P30.00.csv,0.246296,6.1574,0.584891,0.433502,0.215756,0.831587,3.59057,1.0612
C_P=0.1116,JONSWAP,8.5,wave_data_jonswap_H8.500_L202.839_A-30.00_P72.00.csv,0.50424,5.93224,1.31674,0.365591,0.281881,0.390689,4.22184,1.34186
C_P=0.1116,PM-Stokes,0.27,wave_data_pmstokes_H0.270_L14.047_A30.00_P60.00.csv,0.017861,6.61519,0.034442,0.219864,0.169376,0.689615,1.17259,0.364511
C_P=0.1116,PM-Stokes,1.5,wave_data_pmstokes_H1.500_L50.710_A-30.00_P120.00.csv,0.0936692,6.24461,0.195853,0.213006,0.167542,0.977272,2.04482,0.746237
C_P=0.1116,PM-Stokes,4.0,wave_data_pmstokes_H4.000_L112.766_A30.00_P30.00.csv,0.241402,6.03504,0.541046,0.349098,0.204591,0.486715,3.28991,1.06392
C_P=0.1116,PM-Stokes,8.5,wave_data_pmstokes_H8.500_L202.839_A-30.00_P72.00.csv,0.515447,6.06408,1.20835,0.277304,0.175303,0.52782,4.10027,1.41336
C_P=0.1146,JONSWAP,0.27,wave_data_jonswap_H0.270_L14.047_A30.00_P60.00.csv,0.0180523,6.68604,0.0355456,0.234599,0.141785,1.06735,1.28034,0.339124
C_P=0.1146,JONSWAP,1.5,wave_data_jonswap_H1.500_L50.710_A-30.00_P120.00.csv,0.0975821,6.50547,0.211486,0.203331,0.0795645,1.04012,2.18073,0.688929
C_P=0.1146,JONSWAP,4.0,wave_data_jonswap_H4.000_L112.766_A30.00_P30.00.csv,0.246463,6.16157,0.590642,0.433768,0.21605,0.832006,3.59057,1.0612
C_P=0.1146,JONSWAP,8.5,wave_data_jonswap_H8.500_L202.839_A-30.00_P72.00.csv,0.503762,5.92662,1.33203,0.366022,0.282679,0.390909,4.22184,1.34186
C_P=0.1146,PM-Stokes,0.27,wave_data_pmstokes_H0.270_L14.047_A30.00_P60.00.csv,0.0178973,6.62864,0.0346926,0.219861,0.169575,0.690356,1.17259,0.364511
C_P=0.1146,PM-Stokes,1.5,wave_data_pmstokes_H1.500_L50.710_A-30.00_P120.00.csv,0.0937354,6.24902,0.197549,0.213174,0.167418,0.977309,2.04482,0.746237
C_P=0.1146,PM-Stokes,4.0,wave_data_pmstokes_H4.000_L112.766_A30.00_P30.00.csv,0.241316,6.03291,0.546135,0.349388,0.204311,0.486873,3.28991,1.06392
C_P=0.1146,PM-Stokes,8.5,wave_data_pmstokes_H8.500_L202.839_A-30.00_P72.00.csv,0.515018,6.05904,1.2212,0.277703,0.174624,0.527244,4.10027,1.41336
C_P=0.13,JONSWAP,0.27,wave_data_jonswap_H0.270_L14.047_A30.00_P60.00.csv,0.018338,6.79185,0.037077,0.234731,0.142432,1.0695,1.28034,0.339124
C_P=0.13,JONSWAP,1.5,wave_data_jonswap_H1.500_L50.710_A-30.00_P120.00.csv,0.0990621,6.60414,0.222504,0.204231,0.07938,1.04169,2.18073,0.688929
C_P=0.13,JONSWAP,4.0,wave_data_jonswap_H4.000_L112.766_A30.00_P30.00.csv,0.248695,6.21736,0.623444,0.435086,0.217511,0.834102,3.59057,1.0612
C_P=0.13,JONSWAP,8.5,wave_data_jonswap_H8.500_L202.839_A-30.00_P72.00.csv,0.504607,5.93656,1.41749,0.368105,0.28646,0.391664,4.22184,1.34186
C_P=0.13,PM-Stokes,0.27,wave_data_pmstokes_H0.270_L14.047_A30.00_P60.00.csv,0.0181982,6.74009,0.0362047,0.219938,0.170269,0.693224,1.17259,0.364511
C_P=0.13,PM-Stokes,1.5,wave_data_pmstokes_H1.500_L50.710_A-30.00_P120.00.csv,0.0945775,6.30517,0.207463,0.214033,0.166783,0.977333,2.04482,0.746237
C_P=0.13,PM-Stokes,4.0,wave_data_pmstokes_H4.000_L112.766_A30.00_P30.00.csv,0.24223,6.05574,0.575399,0.350767,0.203029,0.487657,3.28991,1.06392
C_P=0.13,PM-Stokes,8.5,wave_data_pmstokes_H8.500_L202.839_A-30.00_P72.00.csv,0.515316,6.06254,1.29365,0.279679,0.171322,0.524171,4.10027,1.41336
C_P=0.15,JONSWAP,0.27,wave_data_jonswap_H0.270_L14.047_A30.00_P60.00.csv,0.0189327,7.01212,0.0395123,0.235006,0.142722,1.07094,1.28034,0.339124
C_P=0.15,JONSWAP,1.5,wave_data_jonswap_H1.500_L50.710_A-30.00_P120.00.csv,0.102019,6.80126,0.239134,0.205375,0.0792543,1.04267,2.18073,0.688929
C_P=0.15,JONSWAP,4.0,wave_data_jonswap_H4.000_L112.766_A30.00_P30.00.csv,0.254322,6.35806,0.672527,0.436697,0.21945,0.837059,3.59057,1.0612
C_P=0.15,JONSWAP,8.5,wave_data_jonswap_H8.500_L202.839_A-30.00_P72.00.csv,0.512814,6.0331,1.54181,0.370557,0.290855,0.392266,4.22184,1.34186
C_P=0.15,PM-Stokes,0.27,wave_data_pmstokes_H0.270_L14.047_A30.00_P60.00.csv,0.0188213,6.97085,0.0386164,0.220166,0.170644,0.695457,1.17259,0.364511
C_P=0.15,PM-Stokes,1.5,wave_data_pmstokes_H1.500_L50.710_A-30.00_P120.00.csv,0.0966951,6.44634,0.222712,0.215108,0.165936,0.976981,2.04482,0.746237
C_P=0.15,PM-Stokes,4.0,wave_data_pmstokes_H4.000_L112.766_A30.00_P30.00.csv,0.246165,6.15413,0.619552,0.352387,0.201621,0.48871,3.28991,1.06392
C_P=0.15,PM-Stokes,8.5,wave_data_pmstokes_H8.500_L202.839_A-30.00_P72.00.csv,0.520221,6.12025,1.39986,0.282076,0.167473,0.51997,4.10027,1.41336
C_P=0.175,JONSWAP,0.27,wave_data_jonswap_H0.270_L14.047_A30.00_P60.00.csv,0.0199289,7.38107,0.0430534,0.235415,0.142675,1.07174,1.28034,0.339124
C_P=0.175,JONSWAP,1.5,wave_data_jonswap_H1.500_L50.710_A-30.00_P120.00.csv,0.10688,7.12532,0.262475,0.206748,0.0792082,1.04287,2.18073,0.688929
C_P=0.175,JONSWAP,4.0,wave_data_jonswap_H4.000_L112.766_A30.00_P30.00.csv,0.264494,6.61234,0.740923,0.438552,0.221793,0.840726,3.59057,1.0612
C_P=0.175,JONSWAP,8.5,wave_data_jonswap_H8.500_L202.839_A-30.00_P72.00.csv,0.531761,6.25601,1.7116,0.373327,0.295823,0.392923,4.22184,1.34186
C_P=0.175,PM-Stokes,0.27,wave_data_pmstokes_H0.270_L14.047_A30.00_P60.00.csv,0.0198666,7.35802,0.0421274,0.22054,0.170657,0.696873,1.17259,0.364511
C_P=0.175,PM-Stokes,1.5,wave_data_pmstokes_H1.500_L50.710_A-30.00_P120.00.csv,0.100517,6.70115,0.244355,0.216386,0.164916,0.976234,2.04482,0.746237
C_P=0.175,PM-Stokes,4.0,wave_data_pmstokes_H4.000_L112.766_A30.00_P30.00.csv,0.254236,6.35589,0.681247,0.354205,0.200109,0.490023,3.28991,1.06392
C_P=0.175,PM-Stokes,8.5,wave_data_pmstokes_H8.500_L202.839_A-30.00_P72.00.csv,0.530702,6.24356,1.54486,0.284815,0.163361,0.514971,4.10027,1.41336
