condition,guard,records,disp_x_rms_m,disp_y_rms_m,disp_z_rms_m,disp_3d_rms_m,roll_rms_deg,pitch_rms_deg,yaw_rms_deg,accel_bias_3d_rms_mps2,disp_x_mean_m,disp_y_mean_m,disp_z_mean_m,roll_mean_deg,pitch_mean_deg,yaw_mean_deg,guard_engagement,guard_out_of_band_rms_mps2,guard_delay_sec,guard_racc_std_mps2,disp_3d_offset_m,disp_3d_ratio_to_baseline
engine off,off,8,0.2889280453994083,0.21949314359397853,0.17923452487730582,0.40469948275031653,0.2583140232880675,0.12930862155197986,0.5135425722268958,0.04804544569209105,0.03153542759022989,0.013762350856781087,0.007543092682620458,0.2240778797684374,0.11675919621637994,0.4328880813053811,0.0,nan,0.0,nan,0.03522476034868623,1.0
engine off,guard,8,0.2889280453994083,0.21949314359397853,0.17923452487730582,0.40469948275031653,0.2583140232880675,0.12930862155197986,0.5135425722268958,0.04804544569209105,0.03153542759022989,0.013762350856781087,0.007543092682620458,0.2240778797684374,0.11675919621637994,0.4328880813053811,0.0,0.00795534875,0.0,0.0404779,0.03522476034868623,1.0
engine off,guard+R,8,0.2889280453994083,0.21949314359397853,0.17923452487730582,0.40469948275031653,0.2583140232880675,0.12930862155197986,0.5135425722268958,0.04804544569209105,0.03153542759022989,0.013762350856781087,0.007543092682620458,0.2240778797684374,0.11675919621637994,0.4328880813053811,0.0,0.00795534875,0.0,0.0404779,0.03522476034868623,1.0
800 rpm,off,8,2.423211158666207,2.9588428051098665,0.7707947057530589,3.901387797350166,2.0767133968022726,2.073846958387651,99.29377698156523,0.3927064817201372,0.16040410014124948,0.47258541951704336,0.6768559605176677,2.017778901900512,2.017113299328168,103.13010582643291,0.0,nan,0.0,nan,0.8409521064665445,9.640209497764955
800 rpm,guard,8,0.3450034798136026,0.41925383023836527,0.2132425642949512,0.5833297194917604,0.5823824019529716,1.6208613547317372,24.337147888286648,0.2950409102773486,0.1095479992007216,0.07911961032343508,0.05294463236659258,0.5620141583221134,1.513924292308307,24.094094524353217,1.0,0.08669856249999999,0.0227364,0.0515173,0.14513376920292245,1.4413898320983316
800 rpm,guard+R,8,0.3457971259054908,0.40082069623188993,0.21850359616536563,0.5726924878390691,0.2832908056895482,1.6496061803919142,19.591993004720212,0.28695466249873586,0.11763854163581554,0.07099222394496223,0.058051624868777504,0.2486178013396708,1.5191688214230357,19.521442513809994,1.0,0.08669856249999999,0.0227364,0.0700888375,0.14916002644394522,1.4151055591845112
1600 rpm,off,8,8.363926901404259,9.404747753290811,2.163148948876172,12.770425528400402,3.026151890819544,3.6403341645577587,90.28033496958028,0.39996983905937394,0.1455042044261516,0.2930099960085584,2.057149212725453,2.8444616599960337,3.5640807737645366,82.57432924239968,0.0,nan,0.0,nan,2.083000051532302,31.55532950428614
1600 rpm,guard,8,0.32409525288754115,0.3240940821111256,0.20080838922368804,0.5003985632455691,0.24356626065736764,1.459932746730746,12.5686466929729,0.25417769757822867,0.09265479036990597,0.026599231733586942,0.03349394836682354,0.17385228519711796,1.2866398377151043,12.473647802775961,1.0,0.118238125,0.0227364,0.0515173,0.10205034975201074,1.2364694905090725
1600 rpm,guard+R,8,0.3156007012438675,0.2732691346754773,0.19664451346275902,0.4614638514106914,0.36112648171662304,1.0698074223024858,6.6351304410440175,0.1940089850146789,0.077375590800009,0.002404622131999075,0.013957552724682177,0.29884951359001954,0.8845004052932053,6.495940373521501,1.0,0.118238125,0.0227364,0.08809225,0.0786611564707157,1.1402630126300315
2400 rpm,off,8,13.427100639969087,13.64670365667096,4.864452228872019,19.753036184255194,6.403553150912777,1.9236375084862787,90.30380556440352,0.3812215042775211,0.40926147103453714,0.2570739241215366,4.367366711978113,6.072218647622302,1.3897068367466745,95.6357900358862,0.0,nan,0.0,nan,4.3940270767294,48.80914611013237
2400 rpm,guard,8,0.3258984790661397,0.3199085154186801,0.2028649181686449,0.4997053559008971,0.290793692522909,1.3057473685222634,11.596083773686402,0.23041255536574948,0.0988973888523537,0.028774835641841984,0.0361369386615335,0.24131891542429723,1.1628139400725817,11.551735709779292,1.0,0.144302,0.0227364,0.0515173,0.10915385024751124,1.2347565964377458
2400 rpm,guard+R,8,0.31178948380945615,0.25808755321796667,0.19807937546252816,0.4506187956594812,0.21272142747119782,0.6265381466542046,4.657666861887976,0.11397367106057696,0.06251697991561178,0.003149705462569915,0.010924265820482048,0.17299491649292575,0.49655788661509853,4.591179108795213,1.0,0.144302,0.0227364,0.1043933625,0.06354237173718418,1.1134652127477391
3200 rpm,off,8,13.37224147997007,14.295081265764598,5.740556027981236,20.399023797611136,6.29575621979986,3.8851946338355834,91.15471562767338,0.3616165118562982,0.23968728100614028,0.2893282684050199,5.054186670292691,5.9969961881295655,3.395871678516114,97.81580730001124,0.0,nan,0.0,nan,5.0681321744542815,50.40536167474304
3200 rpm,guard,8,0.37743024020462507,0.43123596100307493,0.2444832466086791,0.6230490554536554,0.590690639454893,1.5866268297722583,22.783557084212987,0.2901987163665431,0.1621681115912497,0.08359411773556913,0.10381354469616298,0.5222929855276377,1.5065923977322888,22.690230250770572,1.0,0.180349,0.0227364,0.0515173,0.2099136131827625,1.539535092111921
3200 rpm,guard+R,8,0.31626289431090027,0.271332822616053,0.20661594316263096,0.46511705333733255,0.19340366930573955,0.7108470838334378,5.577429376464582,0.1271157264526928,0.07329082022846406,0.00490734614606353,0.011408082653971866,0.15291038124150202,0.568848297686768,5.508015011321023,1.0,0.180349,0.0227364,0.128165,0.07433552801856037,1.1492899624591102
"2400 rpm, quiet mount",off,8,2.337093252928169,2.5488314595251627,0.6418120774642923,3.517167924391239,1.9652487889056616,1.8881606469787484,90.09300645531646,0.37693058238182714,0.1536811183538601,0.32808493164338026,0.5160983516201606,1.8344565656627507,1.8014683464979335,98.3282918919735,0.0,nan,0.0,nan,0.6305672978001489,8.690813984956812
"2400 rpm, quiet mount",guard,8,0.30295621448594073,0.2857560096465808,0.18784542056077624,0.4568641583738594,0.11521930101339976,0.837844672161232,7.678442965643591,0.14590146486920594,0.06609102413761574,0.019202509942355145,0.010244208962828613,0.10024442848403033,0.6892761870884099,7.602649690248527,0.830808,0.0723996375,0.0188896,0.0515173,0.06958235176335485,1.12889731231934
"2400 rpm, quiet mount",guard+R,8,0.30168821122815126,0.2605173129243539,0.18761078109731014,0.44054835539998666,0.12235836938926509,0.56373314999355,4.809446903633661,0.09944160418417865,0.05660783691987483,0.006173934640768492,0.009922076345633923,0.092819116023265,0.44300241158832876,4.748138062280104,0.830808,0.0723996375,0.0188896,0.06299355,0.05780149019449423,1.0885814639693707
"2400 rpm, engine bed",off,8,46.829916544344236,50.02262152491944,83.61519559602476,108.1055236139151,24.27226496921127,21.600714805851123,104.31484991424593,0.36129676932142935,6.479012801034549,3.120819207995283,79.40625209261054,20.292632366587206,18.73805637972251,124.85544706100086,0.0,nan,0.0,nan,79.73123597938375,267.12543065099965
"2400 rpm, engine bed",guard,8,0.5637561397784585,0.7124183730546181,0.32171256217422767,0.9637737912155626,1.4145763341548832,1.5285921992209415,64.58419262123667,0.3519449971659162,0.2608994287109619,0.27346452761858986,0.21959216175617294,1.3500975105249653,1.4142739270443412,78.05696055346762,1.0,0.288434375,0.0227364,0.0515173,0.43711792147212863,2.3814554559492054
"2400 rpm, engine bed",guard+R,8,0.33615943291901695,0.2696513961369626,0.23779458036466977,0.49220046437301046,0.22159283517700623,0.6931079818445832,5.195743143653007,0.12488285527651147,0.08388525193859234,0.0038317592886119526,0.013798379341473618,0.17989463701000646,0.5541505226623205,5.121465915629844,1.0,0.288434375,0.0227364,0.20373449999999999,0.08509884337932085,1.2162122398280368
"2400 rpm, wide sensor",off,8,14.195246976971564,14.653872441309908,5.024552519964348,21.011596039242097,6.508734603829368,1.8681764066487168,90.19811937188094,0.3756307352232562,0.5757190198037812,0.17117690255960014,4.4743157208531095,6.158052085690026,1.1572443789336142,87.70003231603873,0.0,nan,0.0,nan,4.51444958899831,51.919008881475186
"2400 rpm, wide sensor",guard,8,0.3106798592246641,0.2770675324495065,0.18846464017464068,0.45695438543850464,0.1539258440391631,0.7844665783163979,6.191317274546986,0.13830175435877118,0.06610623732370144,0.01251034303635469,0.010261844781228333,0.13076001935685902,0.6618659546706721,6.160032352661977,1.0,0.193494,0.0227364,0.0515173,0.06805768695965819,1.1291202606266422
"2400 rpm, wide sensor",guard+R,8,0.31643562978991996,0.2319023665866191,0.20619021246842312,0.4431981753151807,0.22245632313546612,0.11519264713350429,1.3528379558595516,0.04024261826209326,0.04038400773245317,0.01133744054122629,0.0115897871527056,0.19150218988841453,0.057962434662213465,1.3096553287349946,1.0,0.193494,0.0227364,0.137079875,0.04351699443672206,1.0951290876460456
