condition,guard,spectrum,hs_m,input,disp_x_rms_m,disp_y_rms_m,disp_z_rms_m,disp_3d_rms_m,roll_rms_deg,pitch_rms_deg,yaw_rms_deg,accel_bias_3d_rms_mps2,disp_x_mean_m,disp_y_mean_m,disp_z_mean_m,roll_mean_deg,pitch_mean_deg,yaw_mean_deg,guard_engagement,guard_out_of_band_rms_mps2,guard_delay_sec,guard_racc_std_mps2,disp_z_ref_rms_m
engine off,guard,JONSWAP,0.27,wave_data_jonswap_H0.270_L14.047_A30.00_P60.00.csv,0.00912911538,0.00908371434,0.0114732869,0.0172479246,0.307665884,0.120979957,0.493550122,0.0562700294,0.0014193746,0.000307614013,-0.000395494542,-0.27157107,-0.113093875,0.303653389,0.0,0.00795515,0.0,0.117754,0.0534430593
engine off,guard,JONSWAP,1.5,wave_data_jonswap_H1.500_L50.710_A-30.00_P120.00.csv,0.0692873001,0.0617612861,0.0614871234,0.111336663,0.169570208,0.118795328,0.386544347,0.034495499,0.00575098116,0.00239205733,-0.00384181389,-0.144596562,-0.108952768,0.336933106,0.0,0.00795527,0.0,0.0294384,0.390963972
engine off,guard,JONSWAP,4.0,wave_data_jonswap_H4.000_L112.766_A30.00_P30.00.csv,0.233525455,0.173229203,0.16070649,0.332218409,0.222909346,0.130768687,0.81452328,0.042696055,0.0204633363,0.00654152175,-0.00962491613,-0.187050357,-0.117561407,-0.777637124,0.0,0.00795532,0.0,0.0294384,1.04307246
engine off,guard,JONSWAP,8.5,wave_data_jonswap_H8.500_L202.839_A-30.00_P72.00.csv,0.52414912,0.409659833,0.315277576,0.736174881,0.289479047,0.14502795,0.330450326,0.0529463366,0.0625392497,0.0269792695,-0.0120657114,-0.251043707,-0.128748149,0.190948993,0.0,0.00795557,0.0,0.0,2.15460348
engine off,guard,PM-Stokes,0.27,wave_data_pmstokes_H0.270_L14.047_A30.00_P60.00.csv,0.00917328242,0.00901418459,0.0113749467,0.0171695668,0.312753886,0.119832985,0.659358084,0.0570189469,0.00137933542,0.000309217605,-0.00035615018,-0.276399255,-0.111966014,0.566247165,0.0,0.00795514,0.0,0.117754,0.0499124601
engine off,guard,PM-Stokes,1.5,wave_data_pmstokes_H1.500_L50.710_A-30.00_P120.00.csv,0.0669338554,0.0585458577,0.0603511035,0.107470989,0.169936791,0.119188547,0.243767187,0.0344658457,0.00515429676,0.00186159089,-0.00332461158,-0.1450243,-0.108256027,0.137706995,0.0,0.00795521,0.0,0.0294384,0.385561794
engine off,guard,PM-Stokes,4.0,wave_data_pmstokes_H4.000_L112.766_A30.00_P30.00.csv,0.226598561,0.166473895,0.158207327,0.322629839,0.207211778,0.129822031,0.601651669,0.0400959365,0.0191563964,0.00526326708,-0.00769951101,-0.172569439,-0.115740307,-0.55651772,0.0,0.00795583,0.0,0.0,1.04037023
engine off,guard,PM-Stokes,8.5,wave_data_pmstokes_H8.500_L202.839_A-30.00_P72.00.csv,0.527042329,0.39047277,0.314738125,0.72753191,0.327535957,0.146506339,0.296637297,0.0586315319,0.0565281734,0.0265982375,-0.0114711495,-0.286021978,-0.12787652,-0.0539941974,0.0,0.0079553,0.0,0.0,2.16781425
engine off,guard+R,JONSWAP,0.27,wave_data_jonswap_H0.270_L14.047_A30.00_P60.00.csv,0.00912911538,0.00908371434,0.0114732869,0.0172479246,0.307665884,0.120979957,0.493550122,0.0562700294,0.0014193746,0.000307614013,-0.000395494542,-0.27157107,-0.113093875,0.303653389,0.0,0.00795515,0.0,0.117754,0.0534430593
engine off,guard+R,JONSWAP,1.5,wave_data_jonswap_H1.500_L50.710_A-30.00_P120.00.csv,0.0692873001,0.0617612861,0.0614871234,0.111336663,0.169570208,0.118795328,0.386544347,0.034495499,0.00575098116,0.00239205733,-0.00384181389,-0.144596562,-0.108952768,0.336933106,0.0,0.00795527,0.0,0.0294384,0.390963972
engine off,guard+R,JONSWAP,4.0,wave_data_jonswap_H4.000_L112.766_A30.00_P30.00.csv,0.233525455,0.173229203,0.16070649,0.332218409,0.222909346,0.130768687,0.81452328,0.042696055,0.0204633363,0.00654152175,-0.00962491613,-0.187050357,-0.117561407,-0.777637124,0.0,0.00795532,0.0,0.0294384,1.04307246
engine off,guard+R,JONSWAP,8.5,wave_data_jonswap_H8.500_L202.839_A-30.00_P72.00.csv,0.52414912,0.409659833,0.315277576,0.736174881,0.289479047,0.14502795,0.330450326,0.0529463366,0.0625392497,0.0269792695,-0.0120657114,-0.251043707,-0.128748149,0.190948993,0.0,0.00795557,0.0,0.0,2.15460348
engine off,guard+R,PM-Stokes,0.27,wave_data_pmstokes_H0.270_L14.047_A30.00_P60.00.csv,0.00917328242,0.00901418459,0.0113749467,0.0171695668,0.312753886,0.119832985,0.659358084,0.0570189469,0.00137933542,0.000309217605,-0.00035615018,-0.276399255,-0.111966014,0.566247165,0.0,0.00795514,0.0,0.117754,0.0499124601
engine off,guard+R,PM-Stokes,1.5,wave_data_pmstokes_H1.500_L50.710_A-30.00_P120.00.csv,0.0669338554,0.0585458577,0.0603511035,0.107470989,0.169936791,0.119188547,0.243767187,0.0344658457,0.00515429676,0.00186159089,-0.00332461158,-0.1450243,-0.108256027,0.137706995,0.0,0.00795521,0.0,0.0294384,0.385561794
engine off,guard+R,PM-Stokes,4.0,wave_data_pmstokes_H4.000_L112.766_A30.00_P30.00.csv,0.226598561,0.166473895,0.158207327,0.322629839,0.207211778,0.129822031,0.601651669,0.0400959365,0.0191563964,0.00526326708,-0.00769951101,-0.172569439,-0.115740307,-0.55651772,0.0,0.00795583,0.0,0.0,1.04037023
engine off,guard+R,PM-Stokes,8.5,wave_data_pmstokes_H8.500_L202.839_A-30.00_P72.00.csv,0.527042329,0.39047277,0.314738125,0.72753191,0.327535957,0.146506339,0.296637297,0.0586315319,0.0565281734,0.0265982375,-0.0114711495,-0.286021978,-0.12787652,-0.0539941974,0.0,0.0079553,0.0,0.0,2.16781425
engine off,off,JONSWAP,0.27,wave_data_jonswap_H0.270_L14.047_A30.00_P60.00.csv,0.00912911538,0.00908371434,0.0114732869,0.0172479246,0.307665884,0.120979957,0.493550122,0.0562700294,0.0014193746,0.000307614013,-0.000395494542,-0.27157107,-0.113093875,0.303653389,0.0,nan,0.0,nan,0.0534430593
engine off,off,JONSWAP,1.5,wave_data_jonswap_H1.500_L50.710_A-30.00_P120.00.csv,0.0692873001,0.0617612861,0.0614871234,0.111336663,0.169570208,0.118795328,0.386544347,0.034495499,0.00575098116,0.00239205733,-0.00384181389,-0.144596562,-0.108952768,0.336933106,0.0,nan,0.0,nan,0.390963972
engine off,off,JONSWAP,4.0,wave_data_jonswap_H4.000_L112.766_A30.00_P30.00.csv,0.233525455,0.173229203,0.16070649,0.332218409,0.222909346,0.130768687,0.81452328,0.042696055,0.0204633363,0.00654152175,-0.00962491613,-0.187050357,-0.117561407,-0.777637124,0.0,nan,0.0,nan,1.04307246
engine off,off,JONSWAP,8.5,wave_data_jonswap_H8.500_L202.839_A-30.00_P72.00.csv,0.52414912,0.409659833,0.315277576,0.736174881,0.289479047,0.14502795,0.330450326,0.0529463366,0.0625392497,0.0269792695,-0.0120657114,-0.251043707,-0.128748149,0.190948993,0.0,nan,0.0,nan,2.15460348
engine off,off,PM-Stokes,0.27,wave_data_pmstokes_H0.270_L14.047_A30.00_P60.00.csv,0.00917328242,0.00901418459,0.0113749467,0.0171695668,0.312753886,0.119832985,0.659358084,0.0570189469,0.00137933542,0.000309217605,-0.00035615018,-0.276399255,-0.111966014,0.566247165,0.0,nan,0.0,nan,0.0499124601
engine off,off,PM-Stokes,1.5,wave_data_pmstokes_H1.500_L50.710_A-30.00_P120.00.csv,0.0669338554,0.0585458577,0.0603511035,0.107470989,0.169936791,0.119188547,0.243767187,0.0344658457,0.00515429676,0.00186159089,-0.00332461158,-0.1450243,-0.108256027,0.137706995,0.0,nan,0.0,nan,0.385561794
engine off,off,PM-Stokes,4.0,wave_data_pmstokes_H4.000_L112.766_A30.00_P30.00.csv,0.226598561,0.166473895,0.158207327,0.322629839,0.207211778,0.129822031,0.601651669,0.0400959365,0.0191563964,0.00526326708,-0.00769951101,-0.172569439,-0.115740307,-0.55651772,0.0,nan,0.0,nan,1.04037023
engine off,off,PM-Stokes,8.5,wave_data_pmstokes_H8.500_L202.839_A-30.00_P72.00.csv,0.527042329,0.39047277,0.314738125,0.72753191,0.327535957,0.146506339,0.296637297,0.0586315319,0.0565281734,0.0265982375,-0.0114711495,-0.286021978,-0.12787652,-0.0539941974,0.0,nan,0.0,nan,2.16781425
800 rpm,guard,JONSWAP,0.27,wave_data_jonswap_H0.270_L14.047_A30.00_P60.00.csv,0.0118252682,0.0116643393,0.0160549786,0.0231009983,1.09150946,1.50146389,9.15064907,0.315014839,0.00530151464,-0.00533728302,-0.00792868994,1.06285405,1.42334378,-9.09218121,1.0,0.0866985,0.0227364,0.117754,0.0534430593
800 rpm,guard,JONSWAP,1.5,wave_data_jonswap_H1.500_L50.710_A-30.00_P120.00.csv,0.116066828,0.152239799,0.092390798,0.212566525,0.251190931,1.96208358,44.2985916,0.337830365,0.0285642762,-0.030444229,-0.0521510132,-0.220280245,1.9070406,-43.5395622,1.0,0.0866987,0.0227364,0.0294384,0.390963972
800 rpm,guard,JONSWAP,4.0,wave_data_jonswap_H4.000_L112.766_A30.00_P30.00.csv,0.301117331,0.349387825,0.203517884,0.504145861,0.231819585,1.75873017,26.8763638,0.30383864,0.0861777067,-0.0729294568,-0.0727384761,0.215570703,1.64990473,-26.7535706,1.0,0.0866985,0.0227364,0.0294384,1.04307246
800 rpm,guard,JONSWAP,8.5,wave_data_jonswap_H8.500_L202.839_A-30.00_P72.00.csv,0.641466498,0.845441937,0.389378726,1.13042784,0.207408652,1.60234714,20.6802788,0.278212219,0.243986651,-0.187465176,-0.106950641,0.177092388,1.46531141,-20.5341663,1.0,0.0866986,0.0227364,0.0294384,2.15460348
800 rpm,guard,PM-Stokes,0.27,wave_data_pmstokes_H0.270_L14.047_A30.00_P60.00.csv,0.011613166,0.0113538522,0.0160700642,0.0228478126,1.08819199,1.51229131,8.82188129,0.316096663,0.00540863443,-0.005401114,-0.00803505443,1.05994725,1.43636274,-8.7724781,1.0,0.0866986,0.0227364,0.117754,0.0499124601
800 rpm,guard,PM-Stokes,1.5,wave_data_pmstokes_H1.500_L50.710_A-30.00_P120.00.csv,0.0905803964,0.124899708,0.078777954,0.173235998,0.156510919,1.82897031,31.1767712,0.315208286,0.0213448796,-0.0188295301,-0.0328848585,0.0925151408,1.73386896,-31.0298214,1.0,0.0866984,0.0227364,0.0294384,0.385561794
800 rpm,guard,PM-Stokes,4.0,wave_data_pmstokes_H4.000_L112.766_A30.00_P30.00.csv,0.297765404,0.235119313,0.179424629,0.419688612,0.369547993,1.45960522,17.7165546,0.259615749,0.0591432303,-0.0379534476,-0.0329957232,0.356633693,1.29795575,-17.6735401,1.0,0.0866987,0.0227364,0.0294384,1.04037023
800 rpm,guard,PM-Stokes,8.5,wave_data_pmstokes_H8.500_L202.839_A-30.00_P72.00.csv,0.582625985,0.689219356,0.351130426,0.968384683,0.129932478,1.22070205,13.3629608,0.215953112,0.155638129,-0.0826914683,-0.0260472875,0.107842192,1.02448571,-13.2769032,1.0,0.0866985,0.0227364,0.0294384,2.16781425
800 rpm,guard+R,JONSWAP,0.27,wave_data_jonswap_H0.270_L14.047_A30.00_P60.00.csv,0.0112453671,0.0094639184,0.0140453381,0.020329671,0.482284814,1.59949172,8.75868034,0.284061998,0.00446267612,-0.00240731426,-0.00457895035,0.457668722,1.45283139,-8.6031189,1.0,0.0866985,0.0227364,0.125197,0.0534430593
800 rpm,guard+R,JONSWAP,1.5,wave_data_jonswap_H1.500_L50.710_A-30.00_P120.00.csv,0.0949774235,0.125558838,0.094410859,0.183573261,0.171196803,1.91250718,30.8475266,0.327974766,0.0307819378,-0.0246579889,-0.0506915785,-0.0529152863,1.84187233,-30.7506351,1.0,0.0866987,0.0227364,0.0517195,0.390963972
800 rpm,guard+R,JONSWAP,4.0,wave_data_jonswap_H4.000_L112.766_A30.00_P30.00.csv,0.303908378,0.305886626,0.211446032,0.480246156,0.173007026,1.75304377,23.1556683,0.301737607,0.0926096216,-0.064668633,-0.0775266886,0.120305553,1.63652468,-23.1199207,1.0,0.0866985,0.0227364,0.0517194,1.04307246
800 rpm,guard+R,JONSWAP,8.5,wave_data_jonswap_H8.500_L202.839_A-30.00_P72.00.csv,0.643424571,0.806981325,0.400040835,1.10690856,0.141895488,1.63004279,18.8078957,0.281124264,0.261081725,-0.167442888,-0.119192831,0.0646575466,1.48929262,-18.7086067,1.0,0.0866986,0.0227364,0.0517195,2.15460348
800 rpm,guard+R,PM-Stokes,0.27,wave_data_pmstokes_H0.270_L14.047_A30.00_P60.00.csv,0.0110191349,0.00943736639,0.0139584392,0.0201326422,0.477294326,1.60294878,8.40073395,0.284333467,0.00442763977,-0.00234140735,-0.0045001409,0.452626675,1.45650101,-8.25797081,1.0,0.0866986,0.0227364,0.125197,0.0499124601
800 rpm,guard+R,PM-Stokes,1.5,wave_data_pmstokes_H1.500_L50.710_A-30.00_P120.00.csv,0.0866927803,0.110601872,0.0817941427,0.162599802,0.171900183,1.81009138,25.1688042,0.311956972,0.0234086663,-0.0164503474,-0.0339542255,0.0457561277,1.70684516,-25.123003,1.0,0.0866984,0.0227364,0.0517193,0.385561794
800 rpm,guard+R,PM-Stokes,4.0,wave_data_pmstokes_H4.000_L112.766_A30.00_P30.00.csv,0.297624379,0.222269893,0.186603054,0.415698051,0.251873374,1.51008022,16.6419201,0.264318198,0.0646022558,-0.0359764099,-0.0382004417,0.237137824,1.34510052,-16.6084518,1.0,0.0866987,0.0227364,0.0517196,1.04037023
800 rpm,guard+R,PM-Stokes,8.5,wave_data_pmstokes_H8.500_L202.839_A-30.00_P72.00.csv,0.587269306,0.680361688,0.355516493,0.966524303,0.0962130651,1.30273831,13.098423,0.228871018,0.168112874,-0.0769142658,-0.0389819629,0.019310629,1.10433781,-13.0129089,1.0,0.0866985,0.0227364,0.0517194,2.16781425
800 rpm,off,JONSWAP,0.27,wave_data_jonswap_H0.270_L14.047_A30.00_P60.00.csv,0.048862502,0.0521937124,0.038866207,0.0813775733,1.9821701,1.17700326,109.618622,0.380157202,-0.00232737768,-0.00590812648,-0.029784862,1.97500598,-1.00215185,-114.589836,0.0,nan,0.0,nan,0.0534430593
800 rpm,off,JONSWAP,1.5,wave_data_jonswap_H1.500_L50.710_A-30.00_P120.00.csv,1.50619757,1.89015996,0.440279841,2.45666075,2.41147685,2.50624299,103.252945,0.397229642,0.0102000972,-0.00627305126,-0.422107041,2.35464287,-2.46887112,-31.3240891,0.0,nan,0.0,nan,0.390963972
800 rpm,off,JONSWAP,4.0,wave_data_jonswap_H4.000_L112.766_A30.00_P30.00.csv,2.59907317,3.23130465,0.827930093,4.22870922,2.18267608,2.4890871,103.461998,0.398253143,0.050761193,-0.178949103,-0.779996336,2.10313559,-2.43560839,-68.608017,0.0,nan,0.0,nan,1.04307246
800 rpm,off,JONSWAP,8.5,wave_data_jonswap_H8.500_L202.839_A-30.00_P72.00.csv,5.11305475,6.37714481,1.58267212,8.3256321,2.25668454,2.5045526,104.718254,0.398205608,0.413488656,-1.02381182,-1.41749215,2.12359214,-2.42994761,134.566742,0.0,nan,0.0,nan,2.15460348
800 rpm,off,PM-Stokes,0.27,wave_data_pmstokes_H0.270_L14.047_A30.00_P60.00.csv,0.0206419546,0.0369595699,0.0503523722,0.0657834411,2.22298932,0.401298314,41.5293579,0.373941571,-0.0119173722,-0.0283170138,-0.0465424694,2.22101974,-0.304742485,-33.5440407,0.0,nan,0.0,nan,0.0499124601
800 rpm,off,PM-Stokes,1.5,wave_data_pmstokes_H1.500_L50.710_A-30.00_P120.00.csv,0.89999938,1.13413167,0.311335266,1.48093998,2.01623511,2.19471931,104.257736,0.397109717,0.0340580679,-0.0320020095,-0.296126604,1.97702789,-2.16330743,-108.280479,0.0,nan,0.0,nan,0.385561794
800 rpm,off,PM-Stokes,4.0,wave_data_pmstokes_H4.000_L112.766_A30.00_P30.00.csv,1.51971853,1.70381212,0.531603515,2.34416771,1.75018156,2.14583421,105.696693,0.397004604,0.0545646958,-0.170498654,-0.460861862,1.69192278,-2.09728336,-167.694641,0.0,nan,0.0,nan,1.04037023
800 rpm,off,PM-Stokes,8.5,wave_data_pmstokes_H8.500_L202.839_A-30.00_P72.00.csv,2.94722247,3.34105897,0.992598772,4.56443262,1.68254817,2.16549373,103.731232,0.398900747,0.167025432,-0.821895599,-0.752383769,1.57780492,-2.10763788,-84.781456,0.0,nan,0.0,nan,2.16781425
1600 rpm,guard,JONSWAP,0.27,wave_data_jonswap_H0.270_L14.047_A30.00_P60.00.csv,0.0106098205,0.00911366381,0.0122141642,0.0185691398,0.294551522,1.46234083,5.72111368,0.253961325,0.00358271343,-0.000278789521,-0.00235320022,-0.228280053,1.25919688,-5.31924486,1.0,0.118238,0.0227364,0.117754,0.0534430593
1600 rpm,guard,JONSWAP,1.5,wave_data_jonswap_H1.500_L50.710_A-30.00_P120.00.csv,0.0843400806,0.0977430716,0.0805116519,0.152148232,0.314893454,1.76725137,19.0849323,0.307265967,0.0232617799,-0.00858045463,-0.033417087,-0.23104091,1.6499052,-19.0441399,1.0,0.118238,0.0227364,0.0294384,0.390963972
1600 rpm,guard,JONSWAP,4.0,wave_data_jonswap_H4.000_L112.766_A30.00_P30.00.csv,0.286789119,0.22550191,0.194008857,0.413205206,0.179510593,1.56306493,15.2579489,0.270868659,0.0744629949,-0.0259297974,-0.0480135009,-0.0849473551,1.3961184,-15.2118149,1.0,0.118239,0.0227364,0.0294384,1.04307246
1600 rpm,guard,JONSWAP,8.5,wave_data_jonswap_H8.500_L202.839_A-30.00_P72.00.csv,0.579854369,0.634342194,0.357038915,0.930643797,0.213682324,1.4082917,12.2129879,0.245243371,0.206075057,-0.063517496,-0.0674665868,-0.143100485,1.21073914,-12.112133,1.0,0.118238,0.0227364,0.0294384,2.15460348
1600 rpm,guard,PM-Stokes,0.27,wave_data_pmstokes_H0.270_L14.047_A30.00_P60.00.csv,0.0103925094,0.00903034024,0.0121608898,0.0183694996,0.294007719,1.46908402,5.42937517,0.255011052,0.00354673946,-0.00026419331,-0.002306198,-0.227781788,1.26641512,-5.03498983,1.0,0.118238,0.0227364,0.117754,0.0499124601
1600 rpm,guard,PM-Stokes,1.5,wave_data_pmstokes_H1.500_L50.710_A-30.00_P120.00.csv,0.0814652741,0.089882642,0.0718982518,0.141013607,0.246672809,1.63555562,16.0073662,0.284142703,0.0176108219,-0.00589806819,-0.0209292509,-0.153348953,1.4794277,-15.9378042,1.0,0.118238,0.0227364,0.0294384,0.385561794
1600 rpm,guard,PM-Stokes,4.0,wave_data_pmstokes_H4.000_L112.766_A30.00_P30.00.csv,0.286043316,0.187878937,0.16971834,0.381999463,0.0954828933,1.26185405,11.1434145,0.219736919,0.0503954403,-0.0137820747,-0.016290836,0.0333846025,1.05896235,-11.0805349,1.0,0.118238,0.0227364,0.0294384,1.04037023
1600 rpm,guard,PM-Stokes,8.5,wave_data_pmstokes_H8.500_L202.839_A-30.00_P72.00.csv,0.570991755,0.577891827,0.341647446,0.881313562,0.233213454,0.968311787,8.65734386,0.17428574,0.131344005,-0.0255894866,-0.0169333201,-0.179154888,0.778987765,-8.57411385,1.0,0.118238,0.0227364,0.0294384,2.16781425
1600 rpm,guard+R,JONSWAP,0.27,wave_data_jonswap_H0.270_L14.047_A30.00_P60.00.csv,0.00969419815,0.00907696318,0.0121162012,0.0179769602,0.326896518,0.732978404,3.2452178,0.136571214,0.00229412387,0.000157292321,-0.000491036742,-0.275841385,0.571763337,-2.94973755,1.0,0.118238,0.0227364,0.135076,0.0534430593
1600 rpm,guard+R,JONSWAP,1.5,wave_data_jonswap_H1.500_L50.710_A-30.00_P120.00.csv,0.0722419322,0.0703822747,0.072385706,0.124146096,0.417548478,1.43343139,8.82432938,0.25542447,0.0180883147,-0.000140267497,-0.0151804481,-0.345284522,1.23459446,-8.65772533,1.0,0.118238,0.0227364,0.0724309,0.390963972
1600 rpm,guard+R,JONSWAP,4.0,wave_data_jonswap_H4.000_L112.766_A30.00_P30.00.csv,0.271472931,0.173679695,0.18064785,0.36945343,0.352949858,1.24501824,8.38728046,0.223429725,0.0577759743,-0.00222314661,-0.0211706813,-0.281196803,1.03516722,-8.27126598,1.0,0.118239,0.0227364,0.0724311,1.04307246
1600 rpm,guard+R,JONSWAP,8.5,wave_data_jonswap_H8.500_L202.839_A-30.00_P72.00.csv,0.556070268,0.522042036,0.340845466,0.835414648,0.416883767,1.10330856,6.78211927,0.202078938,0.166995689,0.000294108962,-0.0195116661,-0.349142194,0.89976722,-6.65953779,1.0,0.118238,0.0227364,0.0724311,2.15460348
1600 rpm,guard+R,PM-Stokes,0.27,wave_data_pmstokes_H0.270_L14.047_A30.00_P60.00.csv,0.00958554447,0.00899434276,0.0121017052,0.0178670678,0.322600037,0.714625359,2.89605474,0.133375213,0.00222890009,0.000168570259,-0.000445573183,-0.272610664,0.556985795,-2.60948396,1.0,0.118238,0.0227364,0.135076,0.0499124601
1600 rpm,guard+R,PM-Stokes,1.5,wave_data_pmstokes_H1.500_L50.710_A-30.00_P120.00.csv,0.0734084472,0.0678884238,0.0682118461,0.121039227,0.378624588,1.32770061,8.07678127,0.236809134,0.0147069795,-0.000287015835,-0.00953053217,-0.308092356,1.11431551,-7.90725851,1.0,0.118238,0.0227364,0.0724309,0.385561794
1600 rpm,guard+R,PM-Stokes,4.0,wave_data_pmstokes_H4.000_L112.766_A30.00_P30.00.csv,0.273010671,0.167120889,0.173142552,0.363926589,0.229227871,0.958026588,6.62413216,0.172234371,0.0429826491,-0.00138255092,-0.0104396874,-0.17123957,0.774507701,-6.5366354,1.0,0.118238,0.0227364,0.072431,1.04037023
1600 rpm,guard+R,PM-Stokes,8.5,wave_data_pmstokes_H8.500_L202.839_A-30.00_P72.00.csv,0.573228002,0.507011294,0.346956909,0.840255857,0.404663026,0.777989089,5.47312975,0.151438445,0.119452968,0.00625796476,-0.0172887128,-0.345898837,0.612081945,-5.39404678,1.0,0.118238,0.0227364,0.072431,2.16781425
1600 rpm,off,JONSWAP,0.27,wave_data_jonswap_H0.270_L14.047_A30.00_P60.00.csv,0.0151411304,0.0326625146,0.0316997021,0.0479683727,2.09766674,0.78976965,13.203289,0.376643717,-0.00405569794,-0.0186375696,-0.0263694786,2.09294629,-0.769631684,-12.6841125,0.0,nan,0.0,nan,0.0534430593
1600 rpm,off,JONSWAP,1.5,wave_data_jonswap_H1.500_L50.710_A-30.00_P120.00.csv,3.53676915,4.361485,0.861767292,5.68101501,3.57452297,3.81699109,104.126038,0.404212028,-0.0433354862,-0.0184776559,-0.827491403,3.40788651,-3.7627182,-101.493149,0.0,nan,0.0,nan,0.390963972
1600 rpm,off,JONSWAP,4.0,wave_data_jonswap_H4.000_L112.766_A30.00_P30.00.csv,7.35254717,9.05015659,1.84542406,11.8055449,3.28614664,4.31634474,103.543083,0.407051861,-0.00713755237,-0.298404485,-1.77685404,3.07661748,-4.2337389,-64.3431396,0.0,nan,0.0,nan,1.04307246
1600 rpm,off,JONSWAP,8.5,wave_data_jonswap_H8.500_L202.839_A-30.00_P72.00.csv,18.4438686,19.675293,4.77315187,27.3875237,4.60234213,4.89321136,104.315521,0.408092529,0.330201834,0.00587347988,-4.50961828,4.26105928,-4.7699132,117.238213,0.0,nan,0.0,nan,2.15460348
1600 rpm,off,PM-Stokes,0.27,wave_data_pmstokes_H0.270_L14.047_A30.00_P60.00.csv,0.0143144978,0.0304843821,0.0303202569,0.0453157872,2.10199928,0.765106678,12.2997999,0.376137406,-0.00332680065,-0.0177183561,-0.0251702666,2.09744406,-0.745684564,-11.8083134,0.0,nan,0.0,nan,0.0499124601
1600 rpm,off,PM-Stokes,1.5,wave_data_pmstokes_H1.500_L50.710_A-30.00_P120.00.csv,2.56461954,3.28135991,0.657449424,4.21625853,2.67867994,3.65939736,104.279488,0.405772716,0.0280449279,0.0314857624,-0.635168433,2.5526638,-3.60439849,115.088181,0.0,nan,0.0,nan,0.385561794
1600 rpm,off,PM-Stokes,4.0,wave_data_pmstokes_H4.000_L112.766_A30.00_P30.00.csv,5.00702,6.28748417,1.33992612,8.1485033,2.30626535,3.94562674,103.345024,0.409066439,0.0667761862,-0.25629288,-1.29679513,2.13705611,-3.86089969,-34.5831375,0.0,nan,0.0,nan,1.04037023
1600 rpm,off,PM-Stokes,8.5,wave_data_pmstokes_H8.500_L202.839_A-30.00_P72.00.csv,11.0113239,13.0095129,2.87627006,17.2849522,2.68149996,4.32483625,104.30323,0.410928458,0.230513632,-0.728065252,-2.75496793,2.37255311,-4.21189928,-107.800072,0.0,nan,0.0,nan,2.16781425
2400 rpm,guard,JONSWAP,0.27,wave_data_jonswap_H0.270_L14.047_A30.00_P60.00.csv,0.00938115269,0.00934753567,0.0114974258,0.0175377652,0.479649454,0.184283301,1.74785686,0.0876016915,0.001761636,-0.000782660616,-0.000423423626,0.439328671,0.121155232,-1.67674541,1.0,0.144302,0.0227364,0.117754,0.0534430593
2400 rpm,guard,JONSWAP,1.5,wave_data_jonswap_H1.500_L50.710_A-30.00_P120.00.csv,0.0790441334,0.0944402739,0.0779872686,0.145770207,0.208898649,1.75905776,17.9589291,0.303461164,0.0225805901,-0.00916421134,-0.0298176873,-0.111434162,1.63782537,-17.9310913,1.0,0.144302,0.0227364,0.0294384,0.390963972
2400 rpm,guard,JONSWAP,4.0,wave_data_jonswap_H4.000_L112.766_A30.00_P30.00.csv,0.28198871,0.215192154,0.192885816,0.40377003,0.147299841,1.5855577,14.2557631,0.274039328,0.0752081871,-0.027226653,-0.0495490469,-0.0370630063,1.42492187,-14.224206,1.0,0.144302,0.0227364,0.0294384,1.04307246
2400 rpm,guard,JONSWAP,8.5,wave_data_jonswap_H8.500_L202.839_A-30.00_P72.00.csv,0.58035028,0.623251498,0.36453557,0.926355779,0.199907511,1.46786666,11.5296707,0.255019128,0.21684216,-0.0682334676,-0.0765341297,-0.128833354,1.28307104,-11.4555101,1.0,0.144302,0.0227364,0.0294384,2.15460348
2400 rpm,guard,PM-Stokes,0.27,wave_data_pmstokes_H0.270_L14.047_A30.00_P60.00.csv,0.00929227285,0.00925444067,0.0114120329,0.0173846334,0.485912114,0.153321624,1.35907614,0.0868962631,0.00169719965,-0.00077751244,-0.000387015432,0.445228636,0.0914577246,-1.28485453,1.0,0.144302,0.0227364,0.117754,0.0499124601
2400 rpm,guard,PM-Stokes,1.5,wave_data_pmstokes_H1.500_L50.710_A-30.00_P120.00.csv,0.079541266,0.0879740641,0.0709850714,0.138221309,0.186328709,1.64545715,15.012845,0.284628928,0.0175852235,-0.00624987716,-0.0200837106,-0.0864959955,1.49340308,-14.9610319,1.0,0.144302,0.0227364,0.0294384,0.385561794
2400 rpm,guard,PM-Stokes,4.0,wave_data_pmstokes_H4.000_L112.766_A30.00_P30.00.csv,0.289814472,0.185525402,0.170651898,0.384101778,0.0991777778,1.348943,10.6706047,0.23465687,0.053967502,-0.0150194839,-0.0215029623,0.039123714,1.15456474,-10.6142349,1.0,0.144302,0.0227364,0.0294384,1.04037023
2400 rpm,guard,PM-Stokes,8.5,wave_data_pmstokes_H8.500_L202.839_A-30.00_P72.00.csv,0.580183506,0.576827943,0.344437063,0.887682498,0.245886296,1.13677406,8.53935814,0.202968195,0.147753701,-0.0296139643,-0.0194753502,-0.187720105,0.933610678,-8.45595741,1.0,0.144302,0.0227364,0.0294384,2.16781425
2400 rpm,guard+R,JONSWAP,0.27,wave_data_jonswap_H0.270_L14.047_A30.00_P60.00.csv,0.00942270178,0.00906319264,0.0132337222,0.0186026935,0.155740723,0.15231131,1.26279402,0.0365488008,0.00175811641,7.94541047e-05,-0.000499864691,-0.131047085,0.0714017972,-1.12327647,1.0,0.144302,0.0227364,0.145653,0.0534430593
2400 rpm,guard+R,JONSWAP,1.5,wave_data_jonswap_H1.500_L50.710_A-30.00_P120.00.csv,0.0696037412,0.0638409629,0.0688477084,0.116877526,0.165868238,0.881715119,5.88534451,0.153860241,0.012906258,-0.000176118032,-0.00411657104,-0.121281482,0.712586462,-5.77910137,1.0,0.144302,0.0227364,0.0906402,0.390963972
2400 rpm,guard+R,JONSWAP,4.0,wave_data_jonswap_H4.000_L112.766_A30.00_P30.00.csv,0.263180494,0.163436994,0.176591113,0.356595069,0.180143446,0.751772642,6.17747021,0.134012565,0.0436594114,-0.00266982825,-0.012526256,-0.131333217,0.603374541,-6.12588739,1.0,0.144302,0.0227364,0.0906402,1.04307246
2400 rpm,guard+R,JONSWAP,8.5,wave_data_jonswap_H8.500_L202.839_A-30.00_P72.00.csv,0.54809016,0.488945156,0.342192948,0.810287714,0.289833784,0.676967323,4.92300606,0.126196146,0.130243048,0.000602950458,-0.01814178,-0.242012352,0.536914289,-4.85987997,1.0,0.144302,0.0227364,0.0906402,2.15460348
2400 rpm,guard+R,PM-Stokes,0.27,wave_data_pmstokes_H0.270_L14.047_A30.00_P60.00.csv,0.0093663251,0.00898369588,0.0132273762,0.0185310096,0.157818273,0.142054141,0.949395537,0.0356176719,0.00170122751,9.50690592e-05,-0.000456425623,-0.133175522,0.0605323166,-0.797985494,1.0,0.144302,0.0227364,0.145653,0.0499124601
2400 rpm,guard+R,PM-Stokes,1.5,wave_data_pmstokes_H1.500_L50.710_A-30.00_P120.00.csv,0.0707567334,0.0623071752,0.0688887537,0.116766259,0.172480732,0.814090431,5.61654949,0.143164843,0.0111782895,-0.00037532518,-0.00349786901,-0.12942417,0.652545035,-5.52498865,1.0,0.144302,0.0227364,0.09064,0.385561794
2400 rpm,guard+R,PM-Stokes,4.0,wave_data_pmstokes_H4.000_L112.766_A30.00_P30.00.csv,0.265705019,0.163142383,0.177357256,0.358706266,0.141184688,0.604239166,5.01725864,0.109074593,0.0367926657,-0.00156638306,-0.0108316913,-0.0949033201,0.474273741,-4.97613573,1.0,0.144302,0.0227364,0.0906402,1.04037023
2400 rpm,guard+R,PM-Stokes,8.5,wave_data_pmstokes_H8.500_L202.839_A-30.00_P72.00.csv,0.57219559,0.482035607,0.35257867,0.827089965,0.345240772,0.517982304,4.15956306,0.106603473,0.103664726,0.0083206268,-0.0179365668,-0.297025293,0.391059637,-4.11126566,1.0,0.144302,0.0227364,0.0906401,2.16781425
2400 rpm,off,JONSWAP,0.27,wave_data_jonswap_H0.270_L14.047_A30.00_P60.00.csv,0.0110869603,0.0398107991,0.0397740416,0.0573567338,2.21363258,0.21307762,14.7657347,0.370367169,-0.000831334619,-0.0285804607,-0.0357795022,2.21136522,-0.122885197,-14.332305,0.0,nan,0.0,nan,0.0534430593
2400 rpm,off,JONSWAP,1.5,wave_data_jonswap_H1.500_L50.710_A-30.00_P120.00.csv,4.37406158,5.0604682,1.12603509,6.78297186,5.81328344,1.45262504,103.784447,0.38315165,-0.00933387782,-0.0416815542,-1.0686506,5.64801359,-1.1051116,70.4474945,0.0,nan,0.0,nan,0.390963972
2400 rpm,off,JONSWAP,4.0,wave_data_jonswap_H4.000_L112.766_A30.00_P30.00.csv,11.892354,11.7933073,3.78645682,17.1711216,7.67665386,2.04864073,104.031868,0.385627359,0.0953881443,-0.205393791,-3.45198202,7.31393671,-1.52847576,-108.787956,0.0,nan,0.0,nan,1.04307246
2400 rpm,off,JONSWAP,8.5,wave_data_jonswap_H8.500_L202.839_A-30.00_P72.00.csv,28.0539665,27.771431,11.2766151,41.0541039,10.2488089,2.60866714,104.320549,0.378844231,-0.555691659,0.300712466,-10.0472317,9.60437393,-1.35471702,179.744873,0.0,nan,0.0,nan,2.15460348
2400 rpm,off,PM-Stokes,0.27,wave_data_pmstokes_H0.270_L14.047_A30.00_P60.00.csv,0.0109337745,0.037416134,0.0384301133,0.0547392741,2.21256423,0.206522942,13.8904982,0.370369971,-0.00046871198,-0.027312275,-0.0346064456,2.21038866,-0.126801297,-13.4243374,0.0,nan,0.0,nan,0.0499124601
2400 rpm,off,PM-Stokes,1.5,wave_data_pmstokes_H1.500_L50.710_A-30.00_P120.00.csv,3.84267974,4.48242235,0.958556294,5.98139858,5.36422491,1.73917544,103.795578,0.38513875,0.0278537869,-0.0576318577,-0.91637522,5.20703173,-1.47466636,57.6702423,0.0,nan,0.0,nan,0.385561794
2400 rpm,off,PM-Stokes,4.0,wave_data_pmstokes_H4.000_L112.766_A30.00_P30.00.csv,9.03282833,10.3362322,2.60826516,13.9725704,6.22895432,2.50768518,104.233482,0.389703155,-0.0935320556,-0.143371597,-2.44053578,5.92285967,-2.1097064,-140.09407,0.0,nan,0.0,nan,1.04037023
2400 rpm,off,PM-Stokes,8.5,wave_data_pmstokes_H8.500_L202.839_A-30.00_P72.00.csv,19.958765,20.6636047,6.22984505,29.3963909,7.27393913,2.66262794,103.501144,0.386077613,1.00620842,0.607375026,-5.63805294,6.73554659,-1.84413433,-26.9427795,0.0,nan,0.0,nan,2.16781425
3200 rpm,guard,JONSWAP,0.27,wave_data_jonswap_H0.270_L14.047_A30.00_P60.00.csv,0.00929678418,0.00949180778,0.0117110284,0.0177108105,1.02749193,0.219660416,1.31921327,0.179583669,0.00147556153,-0.00144904782,-0.000457890914,0.928219318,-0.203507856,-1.22883987,1.0,0.180349,0.0227364,0.117754,0.0534430593
3200 rpm,guard,JONSWAP,1.5,wave_data_jonswap_H1.500_L50.710_A-30.00_P120.00.csv,0.102467567,0.13609153,0.10027504,0.197675467,0.481216937,1.96650648,38.1610718,0.34529227,0.0352387838,-0.0274798963,-0.0637461543,-0.443592966,1.9206723,-37.8776245,1.0,0.180349,0.0227364,0.0294384,0.390963972
3200 rpm,guard,JONSWAP,4.0,wave_data_jonswap_H4.000_L112.766_A30.00_P30.00.csv,0.316271484,0.351009697,0.234589174,0.527510703,0.292948872,1.87957191,26.8672924,0.32576403,0.119562134,-0.074389264,-0.11855083,-0.217623115,1.79804814,-26.8082485,1.0,0.180349,0.0227364,0.0294384,1.04307246
3200 rpm,guard,JONSWAP,8.5,wave_data_jonswap_H8.500_L202.839_A-30.00_P72.00.csv,0.723891973,0.853966296,0.457924724,1.20953429,0.321502686,1.82788551,21.7410278,0.316143245,0.362700433,-0.198794931,-0.218703941,-0.253723472,1.73164558,-21.6849003,1.0,0.180349,0.0227364,0.0294384,2.15460348
3200 rpm,guard,PM-Stokes,0.27,wave_data_pmstokes_H0.270_L14.047_A30.00_P60.00.csv,0.00923445728,0.00941658486,0.0116148088,0.0175741594,1.02443349,0.256668687,0.989298046,0.180537209,0.00141414138,-0.00142229092,-0.000422578683,0.926713347,-0.235664874,-0.803805351,1.0,0.180349,0.0227364,0.117754,0.0499124601
3200 rpm,guard,PM-Stokes,1.5,wave_data_pmstokes_H1.500_L50.710_A-30.00_P120.00.csv,0.0887552276,0.117555261,0.0867825076,0.170961782,0.362991393,1.90446174,29.7213097,0.332039893,0.0274111237,-0.0179849546,-0.0465268232,-0.296550453,1.83268309,-29.663353,1.0,0.180349,0.0227364,0.0294384,0.385561794
3200 rpm,guard,PM-Stokes,4.0,wave_data_pmstokes_H4.000_L112.766_A30.00_P30.00.csv,0.315394104,0.250682443,0.200769693,0.450137317,0.17749317,1.74191642,19.3012199,0.302676737,0.0853971392,-0.0406220369,-0.0713863894,-0.0650881529,1.62088311,-19.282444,1.0,0.180349,0.0227364,0.0294384,1.04037023
3200 rpm,guard,PM-Stokes,8.5,wave_data_pmstokes_H8.500_L202.839_A-30.00_P72.00.csv,0.630522966,0.734771252,0.394059032,1.04533756,0.319531649,1.61944342,15.5987282,0.285865664,0.235055894,-0.0900985524,-0.114050783,-0.247471601,1.4680146,-15.5324678,1.0,0.180349,0.0227364,0.0294384,2.16781425
3200 rpm,guard+R,JONSWAP,0.27,wave_data_jonswap_H0.270_L14.047_A30.00_P60.00.csv,0.00951125007,0.00893990789,0.014522274,0.01952645,0.159636199,0.128735512,1.17478704,0.0343646482,0.00179853081,9.2211616e-05,-0.000462496275,-0.135040238,0.0446228534,-1.03251588,1.0,0.180349,0.0227364,0.163037,0.0534430593
3200 rpm,guard+R,JONSWAP,1.5,wave_data_jonswap_H1.500_L50.710_A-30.00_P120.00.csv,0.0710212439,0.0623655692,0.0735020861,0.119733199,0.13536559,0.844631553,5.96178627,0.146614224,0.0140712047,-0.000692050555,-0.00412405282,-0.0921757668,0.680104554,-5.86434889,1.0,0.180349,0.0227364,0.116541,0.390963972
3200 rpm,guard+R,JONSWAP,4.0,wave_data_jonswap_H4.000_L112.766_A30.00_P30.00.csv,0.271687388,0.161757991,0.185238808,0.366460234,0.1520565,0.846521676,7.18968487,0.148746848,0.0490633957,-0.0059773433,-0.0130007463,-0.0993609652,0.682664931,-7.12735271,1.0,0.180349,0.0227364,0.116541,1.04307246
3200 rpm,guard+R,JONSWAP,8.5,wave_data_jonswap_H8.500_L202.839_A-30.00_P72.00.csv,0.554931223,0.51331526,0.354690582,0.835012972,0.261330038,0.825847328,6.34357214,0.14888528,0.149779215,-0.0108913919,-0.0191095881,-0.21165286,0.665526032,-6.27149105,1.0,0.180349,0.0227364,0.116541,2.15460348
3200 rpm,guard+R,PM-Stokes,0.27,wave_data_pmstokes_H0.270_L14.047_A30.00_P60.00.csv,0.00946845859,0.00887302496,0.0145286368,0.0194798242,0.161863863,0.119835705,0.856981218,0.0337513238,0.00174100313,0.000109610308,-0.00040860023,-0.13719663,0.0357209779,-0.705030978,1.0,0.180349,0.0227364,0.163037,0.0499124601
3200 rpm,guard+R,PM-Stokes,1.5,wave_data_pmstokes_H1.500_L50.710_A-30.00_P120.00.csv,0.0720716193,0.0616730414,0.0740934387,0.120364949,0.141884685,0.85728085,6.24286413,0.149442255,0.0126942527,-0.00106931536,-0.00350625254,-0.0975963473,0.689767063,-6.15169621,1.0,0.180349,0.0227364,0.116541,0.385561794
3200 rpm,guard+R,PM-Stokes,4.0,wave_data_pmstokes_H4.000_L112.766_A30.00_P30.00.csv,0.275755405,0.160805061,0.187477469,0.370198756,0.121112734,0.790095985,6.63147545,0.139699817,0.043618992,-0.00536857266,-0.0112921437,-0.0663596019,0.633201897,-6.57200241,1.0,0.180349,0.0227364,0.116541,1.04037023
3200 rpm,guard+R,PM-Stokes,8.5,wave_data_pmstokes_H8.500_L202.839_A-30.00_P72.00.csv,0.576155841,0.515367687,0.367342055,0.855861902,0.320964545,0.735042751,6.02677488,0.138960332,0.125949591,-0.00280015357,-0.0187019799,-0.269998789,0.580704868,-5.96546316,1.0,0.180349,0.0227364,0.116541,2.16781425
3200 rpm,off,JONSWAP,0.27,wave_data_jonswap_H0.270_L14.047_A30.00_P60.00.csv,0.0140705816,0.0695367157,0.0643035769,0.0957511663,2.14478064,0.607604206,30.701273,0.36235708,-0.000847148942,-0.0529075824,-0.0609267056,2.14188981,0.579976976,-29.170578,0.0,nan,0.0,nan,0.0534430593
3200 rpm,off,JONSWAP,1.5,wave_data_jonswap_H1.500_L50.710_A-30.00_P120.00.csv,4.82870626,5.51056719,1.2371757,7.43056917,5.42451334,3.08146167,103.605743,0.362303853,0.0269885734,-0.0573858768,-1.1682148,5.31083632,2.78987789,-54.5600891,0.0,nan,0.0,nan,0.390963972
3200 rpm,off,JONSWAP,4.0,wave_data_jonswap_H4.000_L112.766_A30.00_P30.00.csv,14.5291796,15.9475231,8.27044964,23.1045628,10.2768993,6.20037794,104.172653,0.358612299,0.354738474,-0.294617921,-7.16989851,9.65096188,5.32419872,-132.577271,0.0,nan,0.0,nan,1.04307246
3200 rpm,off,JONSWAP,8.5,wave_data_jonswap_H8.500_L202.839_A-30.00_P72.00.csv,26.2836647,27.9196491,12.1476831,40.2231789,8.53992939,6.47826433,103.483757,0.359199286,-0.0429971032,0.62340486,-10.6046715,8.05197811,5.77443457,17.3692875,0.0,nan,0.0,nan,2.15460348
3200 rpm,off,PM-Stokes,0.27,wave_data_pmstokes_H0.270_L14.047_A30.00_P60.00.csv,0.0134095754,0.0657106563,0.0625967607,0.0917390957,2.15585303,0.56713146,27.8651733,0.362732679,-0.000135429014,-0.0511002578,-0.0595084652,2.15289426,0.542021632,-26.9159012,0.0,nan,0.0,nan,0.0499124601
3200 rpm,off,PM-Stokes,1.5,wave_data_pmstokes_H1.500_L50.710_A-30.00_P120.00.csv,3.86441851,4.72624683,0.954688549,6.17920494,5.00352097,2.34198713,104.162193,0.362623185,-0.0531214885,-0.043863941,-0.911937535,4.90374851,2.04528213,-167.849579,0.0,nan,0.0,nan,0.385561794
3200 rpm,off,PM-Stokes,4.0,wave_data_pmstokes_H4.000_L112.766_A30.00_P30.00.csv,9.2079916,10.6254158,2.45676517,14.2731304,5.62268448,2.83104396,103.271835,0.362983823,0.208419859,-0.046194531,-2.32027292,5.43039656,2.39253187,-6.90748692,0.0,nan,0.0,nan,1.04037023
3200 rpm,off,PM-Stokes,8.5,wave_data_pmstokes_H8.500_L202.839_A-30.00_P72.00.csv,20.1387444,20.8650932,6.2593565,29.6664906,6.57452536,4.08158827,104.616478,0.362091899,-0.533780813,0.426018625,-5.73625708,6.22677326,3.49905729,-160.908813,0.0,nan,0.0,nan,2.16781425
"2400 rpm, quiet mount",guard,JONSWAP,0.27,wave_data_jonswap_H0.270_L14.047_A30.00_P60.00.csv,0.00921973493,0.00930299982,0.0113036437,0.017300915,0.0409634262,0.0930840671,0.394898981,0.0170000382,0.00150333671,-6.29066344e-05,-0.0003969924,-0.0166920647,-0.0788260177,-0.156062782,0.830807,0.0723996,0.0188896,0.117754,0.0534430593
"2400 rpm, quiet mount",guard,JONSWAP,1.5,wave_data_jonswap_H1.500_L50.710_A-30.00_P120.00.csv,0.0714508966,0.0776105449,0.0641507804,0.123466395,0.143272236,1.27618122,10.541585,0.220458329,0.0139555354,-0.00412780326,-0.00785051472,0.132046759,1.07214367,-10.4097061,0.830808,0.0723996,0.0188896,0.0294384,0.390963972
"2400 rpm, quiet mount",guard,JONSWAP,4.0,wave_data_jonswap_H4.000_L112.766_A30.00_P30.00.csv,0.261552572,0.184267163,0.164922267,0.359949261,0.14194563,1.01849484,9.88206768,0.177048638,0.045488324,-0.0160716511,-0.0115243196,0.133623034,0.842396617,-9.81611347,0.830809,0.0723997,0.0188896,0.0294384,1.04307246
"2400 rpm, quiet mount",guard,JONSWAP,8.5,wave_data_jonswap_H8.500_L202.839_A-30.00_P72.00.csv,0.534975708,0.548326492,0.329588324,0.833960056,0.0699858516,0.86142832,8.08693695,0.149807915,0.141207159,-0.0448299795,-0.0163419284,0.0193062257,0.700535655,-8.00884247,0.830809,0.0723997,0.0188896,0.0294384,2.15460348
"2400 rpm, quiet mount",guard,PM-Stokes,0.27,wave_data_pmstokes_H0.270_L14.047_A30.00_P60.00.csv,0.00917630922,0.00921371207,0.0112196384,0.017174907,0.0423224457,0.0978334174,0.344518512,0.0179402139,0.00146123872,-5.31614423e-05,-0.000365195272,-0.0197320729,-0.0863039121,0.140937656,0.830808,0.0723997,0.0188896,0.117754,0.0499124601
"2400 rpm, quiet mount",guard,PM-Stokes,1.5,wave_data_pmstokes_H1.500_L50.710_A-30.00_P120.00.csv,0.0728709921,0.0748962462,0.0611542389,0.121076301,0.129894972,1.12238705,9.57437325,0.194631085,0.0113508618,-0.00340104057,-0.00392779009,0.121511936,0.921196878,-9.45893574,0.830806,0.0723995,0.0188896,0.0294384,0.385561794
"2400 rpm, quiet mount",guard,PM-Stokes,4.0,wave_data_pmstokes_H4.000_L112.766_A30.00_P30.00.csv,0.261204481,0.170818046,0.162452236,0.351848423,0.16215457,0.757019401,7.94357491,0.134120762,0.0368441753,-0.0112121301,-0.00999351591,0.152925357,0.613862574,-7.89306784,0.830808,0.0723997,0.0188896,0.0294384,1.04037023
"2400 rpm, quiet mount",guard,PM-Stokes,8.5,wave_data_pmstokes_H8.500_L202.839_A-30.00_P72.00.csv,0.548487544,0.526927471,0.334604025,0.830933809,0.11829786,0.597305179,6.51501513,0.106896691,0.106066257,-0.0229682736,-0.0162006952,-0.0768640116,0.460267454,-6.45959997,0.830809,0.0723996,0.0188896,0.0294384,2.16781425
"2400 rpm, quiet mount",guard+R,JONSWAP,0.27,wave_data_jonswap_H0.270_L14.047_A30.00_P60.00.csv,0.00922681205,0.0092500383,0.0114350794,0.0173625555,0.139477164,0.0842460394,0.468735039,0.0274276622,0.00151847035,8.84768815e-05,-0.00044456913,-0.117374837,-0.0564667471,-0.223557144,0.830807,0.0723996,0.0188896,0.121972,0.0534430593
"2400 rpm, quiet mount",guard+R,JONSWAP,1.5,wave_data_jonswap_H1.500_L50.710_A-30.00_P120.00.csv,0.0692538694,0.0682302788,0.0621752553,0.115400314,0.0625414923,0.844076335,6.11998796,0.145411715,0.0105952043,-0.000719190575,-0.00406121882,-0.00708089815,0.676459432,-6.00935078,0.830808,0.0723996,0.0188896,0.0433341,0.390963972
"2400 rpm, quiet mount",guard+R,JONSWAP,4.0,wave_data_jonswap_H4.000_L112.766_A30.00_P30.00.csv,0.253985256,0.169868886,0.165191904,0.347350419,0.0691564083,0.677987993,6.3526907,0.117729411,0.0382355489,-0.00636154972,-0.01153096,-0.00563011924,0.539265871,-6.30414581,0.830809,0.0723997,0.0188896,0.0433341,1.04307246
"2400 rpm, quiet mount",guard+R,JONSWAP,8.5,wave_data_jonswap_H8.500_L202.839_A-30.00_P72.00.csv,0.533340991,0.491681129,0.328085572,0.796142638,0.144515365,0.591042638,5.0954299,0.104766287,0.118714996,-0.014593618,-0.0162079111,-0.10513711,0.460383505,-5.03427505,0.830809,0.0723997,0.0188896,0.0433341,2.15460348
"2400 rpm, quiet mount",guard+R,PM-Stokes,0.27,wave_data_pmstokes_H0.270_L14.047_A30.00_P60.00.csv,0.00918726344,0.00916313007,0.0113730179,0.0172543991,0.142444104,0.0862623677,0.364803523,0.0280927867,0.00147582218,9.97759998e-05,-0.00041433057,-0.120501995,-0.0627136007,0.0698078126,0.830808,0.0723997,0.0188896,0.121972,0.0499124601
"2400 rpm, quiet mount",guard+R,PM-Stokes,1.5,wave_data_pmstokes_H1.500_L50.710_A-30.00_P120.00.csv,0.0702165291,0.0664537698,0.0611181147,0.114376083,0.061371915,0.737773716,5.74277163,0.127655476,0.00907120574,-0.000891658943,-0.00344307837,-0.0112580769,0.582619965,-5.65248299,0.830806,0.0723995,0.0188896,0.043334,0.385561794
"2400 rpm, quiet mount",guard+R,PM-Stokes,4.0,wave_data_pmstokes_H4.000_L112.766_A30.00_P30.00.csv,0.254833937,0.165743187,0.163610876,0.345224082,0.066791214,0.523741424,5.2996459,0.092006892,0.0324106812,-0.00492966967,-0.00999916997,0.034425851,0.405044436,-5.26170969,0.830808,0.0723997,0.0188896,0.0433341,1.04037023
"2400 rpm, quiet mount",guard+R,PM-Stokes,8.5,wave_data_pmstokes_H8.500_L202.839_A-30.00_P72.00.csv,0.551660001,0.485424131,0.334700048,0.807458639,0.205480039,0.433292985,4.45571899,0.0826174021,0.0939728096,-0.00508576771,-0.0162240677,-0.167863011,0.31467852,-4.41237354,0.830809,0.0723996,0.0188896,0.043334,2.16781425
"2400 rpm, quiet mount",off,JONSWAP,0.27,wave_data_jonswap_H0.270_L14.047_A30.00_P60.00.csv,0.00929023232,0.012586372,0.0147983199,0.0215340536,1.89790106,0.161185101,2.68368721,0.324367404,0.00180401513,-0.00562254386,-0.00572449062,1.83558846,-0.132272795,-2.52123165,0.0,nan,0.0,nan,0.0534430593
"2400 rpm, quiet mount",off,JONSWAP,1.5,wave_data_jonswap_H1.500_L50.710_A-30.00_P120.00.csv,0.654221356,0.766761959,0.21168381,1.02992213,2.13681555,1.6677829,103.104218,0.385059953,0.0212642178,-0.0134186735,-0.179062366,2.08030176,-1.61426079,-5.02356005,0.0,nan,0.0,nan,0.390963972
"2400 rpm, quiet mount",off,JONSWAP,4.0,wave_data_jonswap_H4.000_L112.766_A30.00_P30.00.csv,2.14703679,2.32043481,0.586180627,3.21524382,2.16578507,2.19715548,104.697075,0.393069357,0.128801256,-0.109305382,-0.497282118,2.03209996,-2.09048867,173.770035,0.0,nan,0.0,nan,1.04307246
"2400 rpm, quiet mount",off,JONSWAP,8.5,wave_data_jonswap_H8.500_L202.839_A-30.00_P72.00.csv,4.7257843,5.31156063,1.30499709,7.2283287,2.27191567,2.38166022,103.777275,0.395602942,0.221139222,-0.683948398,-1.071666,2.01698709,-2.22945547,-85.2793045,0.0,nan,0.0,nan,2.15460348
"2400 rpm, quiet mount",off,PM-Stokes,0.27,wave_data_pmstokes_H0.270_L14.047_A30.00_P60.00.csv,0.0093335202,0.0123288399,0.0144624971,0.0211725943,1.88978088,0.150246799,2.33031845,0.32293117,0.00177479663,-0.00528125744,-0.00532229524,1.82521701,-0.127224848,-2.13784599,0.0,nan,0.0,nan,0.0499124601
"2400 rpm, quiet mount",off,PM-Stokes,1.5,wave_data_pmstokes_H1.500_L50.710_A-30.00_P120.00.csv,0.563917816,0.682354093,0.189922661,0.905362368,1.97333038,1.80375135,104.67691,0.388507694,0.0189932808,-0.00893843919,-0.157775164,1.91550159,-1.75180066,-162.629578,0.0,nan,0.0,nan,0.385561794
"2400 rpm, quiet mount",off,PM-Stokes,4.0,wave_data_pmstokes_H4.000_L112.766_A30.00_P30.00.csv,1.65483189,1.74244165,0.461358398,2.44692111,1.68767285,2.36017823,104.442383,0.395785242,0.0516678914,-0.176857188,-0.373576552,1.53843212,-2.26253438,-108.65416,0.0,nan,0.0,nan,1.04037023
"2400 rpm, quiet mount",off,PM-Stokes,8.5,wave_data_pmstokes_H8.500_L202.839_A-30.00_P72.00.csv,3.64260674,3.77958941,0.977034509,5.33933306,1.60120058,2.52336931,103.412857,0.400317371,0.34635514,-0.591427743,-0.733843088,1.2883333,-2.40713596,-39.859375,0.0,nan,0.0,nan,2.16781425
"2400 rpm, engine bed",guard,JONSWAP,0.27,wave_data_jonswap_H0.270_L14.047_A30.00_P60.00.csv,0.0096833026,0.0114216357,0.0142859742,0.0206956323,1.75547218,0.544186771,7.63669586,0.312705457,0.00272001908,-0.00540355546,-0.00526476232,1.69511831,0.52049607,-7.55173969,1.0,0.288434,0.0227364,0.117754,0.0534430593
"2400 rpm, engine bed",guard,JONSWAP,1.5,wave_data_jonswap_H1.500_L50.710_A-30.00_P120.00.csv,0.273905277,0.309808016,0.125554487,0.432167828,2.23151422,0.79887557,108.693336,0.395248771,0.0130478861,-0.0825900957,-0.0570374988,-2.18497992,-0.593140066,-162.091873,1.0,0.288434,0.0227364,0.0294384,0.390963972
"2400 rpm, engine bed",guard,JONSWAP,4.0,wave_data_jonswap_H4.000_L112.766_A30.00_P30.00.csv,0.386295736,0.758313835,0.331686884,0.913389504,0.908183515,1.93452966,62.0168533,0.361593127,0.18932344,-0.248357192,-0.247573018,-0.805897474,1.91241956,-58.9063492,1.0,0.288435,0.0227364,0.0294384,1.04307246
"2400 rpm, engine bed",guard,JONSWAP,8.5,wave_data_jonswap_H8.500_L202.839_A-30.00_P72.00.csv,1.20022786,1.39194965,0.615044653,1.93813074,0.598534524,2.05128312,46.8442192,0.355782002,0.579394877,-0.633914649,-0.456442386,-0.559414089,2.02890706,-45.1870193,1.0,0.288435,0.0227364,0.0294384,2.15460348
"2400 rpm, engine bed",guard,PM-Stokes,0.27,wave_data_pmstokes_H0.270_L14.047_A30.00_P60.00.csv,0.00952599943,0.0115000671,0.0142019177,0.0206080247,1.78027296,0.488257647,7.08917236,0.314093083,0.00261193817,-0.00541826244,-0.00531703001,1.72024107,0.467617005,-6.98231649,1.0,0.288435,0.0227364,0.117754,0.0499124601
"2400 rpm, engine bed",guard,PM-Stokes,1.5,wave_data_pmstokes_H1.500_L50.710_A-30.00_P120.00.csv,0.259224772,0.211886078,0.133966491,0.360610902,1.85002458,1.34900904,113.823151,0.385179222,0.0272191595,-0.0862526223,-0.094148919,-1.69759381,-0.0741644949,-120.263817,1.0,0.288434,0.0227364,0.0294384,0.385561794
"2400 rpm, engine bed",guard,PM-Stokes,4.0,wave_data_pmstokes_H4.000_L112.766_A30.00_P30.00.csv,0.347776055,0.467059314,0.257918537,0.636878788,0.265782297,1.98848069,38.4214935,0.344257653,0.137127236,-0.128006637,-0.15932855,-0.227639377,1.94752872,-37.8602867,1.0,0.288434,0.0227364,0.0294384,1.04037023
"2400 rpm, engine bed",guard,PM-Stokes,8.5,wave_data_pmstokes_H8.500_L202.839_A-30.00_P72.00.csv,0.830326617,1.09017062,0.488934517,1.45498157,0.31816268,1.94832432,31.2047253,0.337719858,0.391506165,-0.322534978,-0.280312002,-0.281521469,1.89414573,-30.9021721,1.0,0.288434,0.0227364,0.0294384,2.16781425
"2400 rpm, engine bed",guard+R,JONSWAP,0.27,wave_data_jonswap_H0.270_L14.047_A30.00_P60.00.csv,0.0100820223,0.00872066617,0.0187839605,0.0230333321,0.185899168,0.220135242,1.72362554,0.0482432805,0.00222835271,5.78959916e-05,-0.000343885651,-0.15731442,0.135431066,-1.57867527,1.0,0.288434,0.0227364,0.226791,0.0534430593
"2400 rpm, engine bed",guard+R,JONSWAP,1.5,wave_data_jonswap_H1.500_L50.710_A-30.00_P120.00.csv,0.0800987408,0.0597211458,0.0902668089,0.134649619,0.171903595,0.784633934,5.26527977,0.136936724,0.0178788807,-0.00070145831,-0.00455013616,-0.130927324,0.631049275,-5.16629601,1.0,0.288434,0.0227364,0.196049,0.390963972
"2400 rpm, engine bed",guard+R,JONSWAP,4.0,wave_data_jonswap_H4.000_L112.766_A30.00_P30.00.csv,0.297328532,0.156081766,0.21782051,0.400264353,0.176824525,0.801427066,6.57359457,0.141365126,0.0582030006,-0.00624058722,-0.0150649063,-0.12664178,0.646330059,-6.51368475,1.0,0.288435,0.0227364,0.196049,1.04307246
"2400 rpm, engine bed",guard+R,JONSWAP,8.5,wave_data_jonswap_H8.500_L202.839_A-30.00_P72.00.csv,0.58556664,0.508341849,0.401265383,0.873105705,0.296417296,0.800718486,5.87343454,0.145753324,0.167519242,-0.00608070055,-0.0238047913,-0.246466339,0.645340264,-5.79850101,1.0,0.288435,0.0227364,0.196049,2.15460348
"2400 rpm, engine bed",guard+R,PM-Stokes,0.27,wave_data_pmstokes_H0.270_L14.047_A30.00_P60.00.csv,0.0100596948,0.0086818235,0.0188549049,0.0230668373,0.184023723,0.206866905,1.38786483,0.0463192984,0.00215866603,8.61886365e-05,-0.000274160091,-0.155987039,0.122761592,-1.23866642,1.0,0.288435,0.0227364,0.226791,0.0499124601
"2400 rpm, engine bed",guard+R,PM-Stokes,1.5,wave_data_pmstokes_H1.500_L50.710_A-30.00_P120.00.csv,0.0811822042,0.0594228022,0.0919763744,0.13631314,0.175346583,0.810955882,5.61652088,0.141963691,0.0163982082,-0.00116813043,-0.00399916433,-0.133181363,0.652984023,-5.52373219,1.0,0.288434,0.0227364,0.196049,0.385561794
"2400 rpm, engine bed",guard+R,PM-Stokes,4.0,wave_data_pmstokes_H4.000_L112.766_A30.00_P30.00.csv,0.300463885,0.15935117,0.22334592,0.406884193,0.152403206,0.787836492,6.28359842,0.139721006,0.0525941364,-0.00628477056,-0.0132783949,-0.100303344,0.6333552,-6.22226667,1.0,0.288434,0.0227364,0.196049,1.04037023
"2400 rpm, engine bed",guard+R,PM-Stokes,8.5,wave_data_pmstokes_H8.500_L202.839_A-30.00_P72.00.csv,0.607655346,0.516023397,0.420369983,0.901241422,0.348926514,0.757967234,5.88281012,0.14365752,0.146558091,0.000416523777,-0.0227230377,-0.296804756,0.6027385,-5.81715202,1.0,0.288434,0.0227364,0.196049,2.16781425
"2400 rpm, engine bed",off,JONSWAP,0.27,wave_data_jonswap_H0.270_L14.047_A30.00_P60.00.csv,0.478371531,0.601008415,0.110753268,0.776090682,3.78285909,1.32006788,105.206253,0.376509666,-0.00263867714,0.0085856244,-0.106784016,3.73383451,-1.26903272,-143.385712,0.0,nan,0.0,nan,0.0534430593
"2400 rpm, engine bed",off,JONSWAP,1.5,wave_data_jonswap_H1.500_L50.710_A-30.00_P120.00.csv,17.9024391,19.4405193,23.7849655,35.554966,27.3850536,42.4248428,104.599739,0.359832257,-1.29537427,0.113644674,-20.9333057,19.0000248,38.3780327,-122.162636,0.0,nan,0.0,nan,0.390963972
"2400 rpm, engine bed",off,JONSWAP,4.0,wave_data_jonswap_H4.000_L112.766_A30.00_P30.00.csv,37.9028168,40.0250549,63.116436,83.7992401,26.8452301,17.0782566,103.980125,0.348497778,2.98309636,-2.37091517,-58.7517891,24.7245388,14.5679541,-163.82373,0.0,nan,0.0,nan,1.04307246
"2400 rpm, engine bed",off,JONSWAP,8.5,wave_data_jonswap_H8.500_L202.839_A-30.00_P72.00.csv,83.1965866,85.2101669,190.14209,224.35788,42.9690285,24.8664494,104.273369,0.353953093,16.2490768,-5.73822165,-183.17627,38.3869667,19.2576618,-112.991318,0.0,nan,0.0,nan,2.15460348
"2400 rpm, engine bed",off,PM-Stokes,0.27,wave_data_pmstokes_H0.270_L14.047_A30.00_P60.00.csv,0.425847679,0.539957881,0.105023995,0.695651352,3.5839808,1.30446267,104.550804,0.376164883,-0.0157101303,0.00522582466,-0.101701155,3.54101396,-1.25803733,-100.927658,0.0,nan,0.0,nan,0.0499124601
"2400 rpm, engine bed",off,PM-Stokes,1.5,wave_data_pmstokes_H1.500_L50.710_A-30.00_P120.00.csv,12.8237295,12.7771006,10.8675442,21.1141148,19.8019257,4.26431036,103.719482,0.372375667,0.137546688,-0.0527614169,-10.4257956,19.554945,3.23250413,-32.4029579,0.0,nan,0.0,nan,0.385561794
"2400 rpm, engine bed",off,PM-Stokes,4.0,wave_data_pmstokes_H4.000_L112.766_A30.00_P30.00.csv,31.5019722,34.8222084,25.56987,53.4675484,18.2940693,7.77048635,103.965149,0.340695739,2.23043442,-2.92971349,-20.4248543,14.5770683,1.88954425,-147.853867,0.0,nan,0.0,nan,1.04037023
"2400 rpm, engine bed",off,PM-Stokes,8.5,wave_data_pmstokes_H8.500_L202.839_A-30.00_P72.00.csv,87.7969437,96.9582214,120.235764,177.66777,25.3427238,30.6731739,104.216537,0.360656798,7.4978323,-5.54694986,-111.68441,15.0697498,27.1246986,-128.551651,0.0,nan,0.0,nan,2.16781425
"2400 rpm, wide sensor",guard,JONSWAP,0.27,wave_data_jonswap_H0.270_L14.047_A30.00_P60.00.csv,0.00918837357,0.00942847226,0.0116163529,0.01755739,0.227268755,0.418540329,0.567382872,0.0816682726,0.00120750989,-0.000340153871,-0.000414687966,0.204802364,-0.37635842,0.230193675,1.0,0.193494,0.0227364,0.117754,0.0534430593
"2400 rpm, wide sensor",guard,JONSWAP,1.5,wave_data_jonswap_H1.500_L50.710_A-30.00_P120.00.csv,0.0721736997,0.0743475854,0.0619327836,0.120715685,0.102484755,1.08531892,8.29695511,0.187629923,0.011965083,-0.00210087234,-0.0041707526,0.0892103985,0.924582779,-8.2569046,1.0,0.193494,0.0227364,0.0294384,0.390963972
"2400 rpm, wide sensor",guard,JONSWAP,4.0,wave_data_jonswap_H4.000_L112.766_A30.00_P30.00.csv,0.261306286,0.177403048,0.164507642,0.356111735,0.0966070145,0.915703118,8.00751305,0.159065574,0.0448843166,-0.0110724187,-0.011667111,0.0791728795,0.77532804,-7.98573112,1.0,0.193494,0.0227364,0.0294384,1.04307246
"2400 rpm, wide sensor",guard,JONSWAP,8.5,wave_data_jonswap_H8.500_L202.839_A-30.00_P72.00.csv,0.546162426,0.525434673,0.330042332,0.826621413,0.101471752,0.816089094,6.50446177,0.142822325,0.140260652,-0.0297406465,-0.0169696603,-0.0490826778,0.677449346,-6.47822905,1.0,0.193494,0.0227364,0.0294384,2.15460348
"2400 rpm, wide sensor",guard,PM-Stokes,0.27,wave_data_pmstokes_H0.270_L14.047_A30.00_P60.00.csv,0.00913664792,0.00933465827,0.011502224,0.0174044631,0.235463589,0.449683517,0.843763769,0.0870629996,0.00115240552,-0.000354708376,-0.000387290173,0.212549299,-0.404314369,0.59485817,1.0,0.193494,0.0227364,0.117754,0.0499124601
"2400 rpm, wide sensor",guard,PM-Stokes,1.5,wave_data_pmstokes_H1.500_L50.710_A-30.00_P120.00.csv,0.0745629221,0.0729509369,0.0605632663,0.120620802,0.0787655488,0.986491203,7.68697119,0.170971885,0.0102895144,-0.00197711051,-0.00349276583,0.058730863,0.832087815,-7.64535522,1.0,0.193494,0.0227364,0.0294384,0.385561794
"2400 rpm, wide sensor",guard,PM-Stokes,4.0,wave_data_pmstokes_H4.000_L112.766_A30.00_P30.00.csv,0.265285611,0.171665758,0.163062856,0.355577111,0.107661195,0.724544287,6.50088596,0.127748787,0.0372200124,-0.00749956397,-0.0102260485,0.0940579399,0.603205383,-6.4844923,1.0,0.193494,0.0227364,0.0294384,1.04037023
"2400 rpm, wide sensor",guard,PM-Stokes,8.5,wave_data_pmstokes_H8.500_L202.839_A-30.00_P72.00.csv,0.569463253,0.515832663,0.337343067,0.839149594,0.185805365,0.604277372,5.38577938,0.110964544,0.107867844,-0.0134222703,-0.0168482699,-0.143986419,0.477771074,-5.36145687,1.0,0.193494,0.0227364,0.0294384,2.16781425
"2400 rpm, wide sensor",guard+R,JONSWAP,0.27,wave_data_jonswap_H0.270_L14.047_A30.00_P60.00.csv,0.00946561806,0.00894947164,0.0150730172,0.0199220181,0.208265945,0.101225376,0.382128567,0.0392673314,0.00161053287,0.000225661526,-0.000473053573,-0.181831926,-0.0906184614,-0.0899692774,1.0,0.193494,0.0227364,0.170005,0.0534430593
"2400 rpm, wide sensor",guard+R,JONSWAP,1.5,wave_data_jonswap_H1.500_L50.710_A-30.00_P120.00.csv,0.0725624263,0.0557671189,0.074694775,0.118129529,0.160461769,0.142773762,1.31103885,0.0352215357,0.00913768355,0.00174033735,-0.00415731873,-0.134394929,0.0664297044,-1.26997566,1.0,0.193494,0.0227364,0.126105,0.390963972
"2400 rpm, wide sensor",guard+R,JONSWAP,4.0,wave_data_jonswap_H4.000_L112.766_A30.00_P30.00.csv,0.258269042,0.162245601,0.185399964,0.356930912,0.172424003,0.113101125,2.16426611,0.0348904505,0.0283946786,0.00348515785,-0.0131512387,-0.138566807,0.0276946984,-2.14391971,1.0,0.193494,0.0227364,0.126105,1.04307246
"2400 rpm, wide sensor",guard+R,JONSWAP,8.5,wave_data_jonswap_H8.500_L202.839_A-30.00_P72.00.csv,0.559226334,0.430073708,0.352524489,0.788651407,0.291431218,0.110959016,1.27580535,0.0480565131,0.0812206641,0.0213405136,-0.0194414724,-0.25407055,0.00799820013,-1.21592045,1.0,0.193494,0.0227364,0.126105,2.15460348
"2400 rpm, wide sensor",guard+R,PM-Stokes,0.27,wave_data_pmstokes_H0.270_L14.047_A30.00_P60.00.csv,0.00944056176,0.00887827575,0.0150800282,0.0198835414,0.208926335,0.105130024,0.387089521,0.039708484,0.00156093284,0.000235118205,-0.000420201715,-0.182414815,-0.0954033583,0.199928582,1.0,0.193494,0.0227364,0.170005,0.0499124601
"2400 rpm, wide sensor",guard+R,PM-Stokes,1.5,wave_data_pmstokes_H1.500_L50.710_A-30.00_P120.00.csv,0.0735754818,0.0546517409,0.075552538,0.118778579,0.16376543,0.13393563,1.40512419,0.0344789587,0.00801938027,0.00122849888,-0.0035460107,-0.137555748,0.0538400523,-1.368173,1.0,0.193494,0.0227364,0.126104,0.385561794
"2400 rpm, wide sensor",guard+R,PM-Stokes,4.0,wave_data_pmstokes_H4.000_L112.766_A30.00_P30.00.csv,0.259989202,0.168143898,0.188415423,0.36244604,0.147762433,0.096074,1.67050683,0.0293480083,0.0251943376,0.0028454375,-0.0114064859,-0.112864092,-0.0121285599,-1.65014935,1.0,0.193494,0.0227364,0.126105,1.04037023
"2400 rpm, wide sensor",guard+R,PM-Stokes,8.5,wave_data_pmstokes_H8.500_L202.839_A-30.00_P72.00.csv,0.585801423,0.429435164,0.3663688,0.813513339,0.346130878,0.110448122,1.24498463,0.0549511313,0.069687143,0.0234093126,-0.0190602634,-0.305895746,-0.0356919877,-1.17937613,1.0,0.193494,0.0227364,0.126105,2.16781425
"2400 rpm, wide sensor",off,JONSWAP,0.27,wave_data_jonswap_H0.270_L14.047_A30.00_P60.00.csv,0.0119052231,0.0315734036,0.0279627182,0.0438238271,2.08299375,0.47462672,13.0949593,0.358399183,0.00385495392,-0.0197617486,-0.0226801261,2.07584977,0.375764906,-12.6516914,0.0,nan,0.0,nan,0.0534430593
"2400 rpm, wide sensor",off,JONSWAP,1.5,wave_data_jonswap_H1.500_L50.710_A-30.00_P120.00.csv,4.06741619,4.70407486,1.02514386,6.30262756,5.51859283,1.44363236,103.732193,0.382215351,0.01679435,-0.0584632829,-0.98402077,5.37826347,-1.10555589,22.7388821,0.0,nan,0.0,nan,0.390963972
"2400 rpm, wide sensor",off,JONSWAP,4.0,wave_data_jonswap_H4.000_L112.766_A30.00_P30.00.csv,11.2745247,12.3812132,3.83568192,17.1791096,7.9221735,1.97190082,103.616714,0.382642001,0.339915901,-0.34708178,-3.50724578,7.54796028,-1.28869784,49.4158745,0.0,nan,0.0,nan,1.04307246
"2400 rpm, wide sensor",off,JONSWAP,8.5,wave_data_jonswap_H8.500_L202.839_A-30.00_P72.00.csv,30.9941673,29.2657185,11.6787176,44.1985664,10.5134115,2.6468637,104.01133,0.372142822,1.59168661,-0.294514924,-10.320303,9.81977844,-0.844340324,132.219742,0.0,nan,0.0,nan,2.15460348
"2400 rpm, wide sensor",off,PM-Stokes,0.27,wave_data_pmstokes_H0.270_L14.047_A30.00_P60.00.csv,0.0114739472,0.0299126226,0.0271303095,0.0419817828,2.0903883,0.439980805,12.1085644,0.35864526,0.00367629761,-0.0187293906,-0.0219257306,2.08381534,0.345820099,-11.6997395,0.0,nan,0.0,nan,0.0499124601
"2400 rpm, wide sensor",off,PM-Stokes,1.5,wave_data_pmstokes_H1.500_L50.710_A-30.00_P120.00.csv,3.624856,4.26926231,0.90735364,5.67357683,5.23684311,1.61540616,103.653664,0.38350448,-0.0106613431,-0.0518492907,-0.874321699,5.09527969,-1.3067019,-13.0771704,0.0,nan,0.0,nan,0.385561794
"2400 rpm, wide sensor",off,PM-Stokes,4.0,wave_data_pmstokes_H4.000_L112.766_A30.00_P30.00.csv,9.1192627,10.2230911,2.65601158,13.9544592,6.40168095,2.33163023,104.361732,0.38650623,-0.0422935039,-0.10867729,-2.4781177,6.0794425,-1.80196452,-178.330566,0.0,nan,0.0,nan,1.04037023
"2400 rpm, wide sensor",off,PM-Stokes,8.5,wave_data_pmstokes_H8.500_L202.839_A-30.00_P72.00.csv,20.2840405,23.7327347,6.4756465,31.8844643,7.6188488,2.54507756,104.004372,0.379808754,0.0199299566,-0.0924612284,-5.7854805,7.0338068,-1.37930167,-93.9125519,0.0,nan,0.0,nan,2.16781425
