scenario,wave_phase_seed,imu_noise_seed,initialization_seed,family,input_sha256,samples,window_s,disp_z_pct_hs,disp_z_rms_m,disp_3d_rms_m,roll_rms_deg,pitch_rms_deg,yaw_rms_deg,accel_3d_rms_mps2,accel_bias_3d_rms_mps2,gyro_bias_3d_rms_radps
stationary_jonswap_H0_270_L14_047_A30_00_P60_00,11,101,1009,OU_III,ef16dc1c87cdc806ddb75894d4db16af32167bb1e262a38e899d2d72ce283418,180000,900.0,3.97944713,0.0107445074,0.0161230098,0.455992043,0.51360172,5.89050055,0.0152146751,0.117341176,0.000106831721
stationary_jonswap_H0_270_L14_047_A30_00_P60_00,11,101,1009,TFG,ef16dc1c87cdc806ddb75894d4db16af32167bb1e262a38e899d2d72ce283418,180000,900.0,4.11736584,0.0111168874,0.0164865535,0.335345,0.585494399,5.8440361,0.0168840755,0.115491919,9.05881534e-05
stationary_jonswap_H0_270_L14_047_A30_00_P60_00,29,211,1103,OU_III,0796815becba2e65edb3efae0ad19e28610c4c79c1ae72df99e04f386fcbf6f0,180000,900.0,4.17685318,0.0112775043,0.0168984961,0.221741185,0.236260056,0.632253706,0.0131165739,0.0560501739,0.000110623419
stationary_jonswap_H0_270_L14_047_A30_00_P60_00,29,211,1103,TFG,0796815becba2e65edb3efae0ad19e28610c4c79c1ae72df99e04f386fcbf6f0,180000,900.0,4.33848333,0.0117139053,0.0171560589,0.182618156,0.257378429,0.522626221,0.0147281019,0.0542901941,9.62207923e-05
stationary_jonswap_H0_270_L14_047_A30_00_P60_00,47,307,1201,OU_III,a8a6394c287c86b8a6fbe630a8379280639801284c0dfdaf3f3f316a954d41b5,180000,900.0,4.0950346,0.0110565936,0.0166854691,0.225131348,0.105642155,1.21134007,0.0126682362,0.0415890813,0.000100796373
stationary_jonswap_H0_270_L14_047_A30_00_P60_00,47,307,1201,TFG,a8a6394c287c86b8a6fbe630a8379280639801284c0dfdaf3f3f316a954d41b5,180000,900.0,4.23976946,0.0114473775,0.0168866627,0.318115205,0.0634890422,1.2037642,0.0145599507,0.054756429,9.90602857e-05
stationary_jonswap_H0_270_L14_047_A30_00_P60_00,71,401,1301,OU_III,231a6f49f37794cde97061733be2e918c88ec4fde46dd1437642781e1a7e6bdc,180000,900.0,4.12950802,0.0111496719,0.0166902449,0.260685414,0.229939252,0.596571565,0.0135990875,0.0592811443,9.60630641e-05
stationary_jonswap_H0_270_L14_047_A30_00_P60_00,71,401,1301,TFG,231a6f49f37794cde97061733be2e918c88ec4fde46dd1437642781e1a7e6bdc,180000,900.0,4.28540993,0.0115706073,0.0168275312,0.102512442,0.309329212,0.632564664,0.0151220877,0.0556988157,8.94770565e-05
stationary_jonswap_H0_270_L14_047_A30_00_P60_00,97,503,1409,OU_III,2297cb90788a428a2cec800eb0a1b046d47a826cc3413746b706e76ca685e3e4,180000,900.0,4.19913673,0.0113376696,0.0171057992,0.135283306,0.135830641,1.63258517,0.0134798465,0.0323179513,0.00012963709
stationary_jonswap_H0_270_L14_047_A30_00_P60_00,97,503,1409,TFG,2297cb90788a428a2cec800eb0a1b046d47a826cc3413746b706e76ca685e3e4,180000,900.0,4.37403202,0.0118098864,0.0172656663,0.151352882,0.14391464,1.60629988,0.0152318804,0.03548228,0.000105182058
stationary_jonswap_H0_270_L14_047_A30_00_P60_00,131,601,1511,OU_III,404653a0cd3358849f7dbe49ca8c92517cb20ac0e7d82039328ee9fb83ddb860,180000,900.0,4.33086014,0.0116933221,0.0168812443,0.129723787,0.312384814,0.421267897,0.0134449294,0.0574399605,8.30440767e-05
stationary_jonswap_H0_270_L14_047_A30_00_P60_00,131,601,1511,TFG,404653a0cd3358849f7dbe49ca8c92517cb20ac0e7d82039328ee9fb83ddb860,180000,900.0,4.4858923,0.0121119097,0.0175108332,0.162309662,0.328041404,0.340171516,0.0152776083,0.062331792,9.623191e-05
stationary_jonswap_H0_270_L14_047_A30_00_P60_00,173,701,1601,OU_III,be8e88f6b6a257d27976325343c6d58e4a5c88b6c8532019ac8b0f1822a205e7,180000,900.0,4.27844048,0.0115517899,0.0166924186,0.121317245,0.173609078,2.12579727,0.0127970837,0.0356338844,0.000112891772
stationary_jonswap_H0_270_L14_047_A30_00_P60_00,173,701,1601,TFG,be8e88f6b6a257d27976325343c6d58e4a5c88b6c8532019ac8b0f1822a205e7,180000,900.0,4.43999624,0.0119879907,0.0169632696,0.133413583,0.0902144909,1.87937582,0.0147716226,0.0270100068,0.000107178232
stationary_jonswap_H0_270_L14_047_A30_00_P60_00,211,809,1709,OU_III,f092530b445ff070664d5c13e8fb84c7e0b42d989bcffacd5e9ab74f8634d92e,180000,900.0,4.21918201,0.0113917915,0.0166007783,0.573961616,0.35337472,1.5468657,0.0123641649,0.114223845,0.000106910928
stationary_jonswap_H0_270_L14_047_A30_00_P60_00,211,809,1709,TFG,f092530b445ff070664d5c13e8fb84c7e0b42d989bcffacd5e9ab74f8634d92e,180000,900.0,4.3518095,0.011749886,0.0170939937,0.79227072,0.253829569,1.1800983,0.0142451935,0.141411453,8.62107554e-05
stationary_jonswap_H0_270_L14_047_A30_00_P60_00,257,907,1801,OU_III,53837dac285b3451d37a4ee4c4cf336032d8a75d503e7c0a5f3473709d701632,180000,900.0,4.16280127,0.0112395631,0.0167690348,0.0388961621,0.252210379,1.170313,0.0126927327,0.043903023,0.000132912144
stationary_jonswap_H0_270_L14_047_A30_00_P60_00,257,907,1801,TFG,53837dac285b3451d37a4ee4c4cf336032d8a75d503e7c0a5f3473709d701632,180000,900.0,4.33281708,0.0116986064,0.0172743071,0.10059163,0.215538874,1.24326086,0.0144554721,0.0407978371,0.000109489149
stationary_jonswap_H0_270_L14_047_A30_00_P60_00,307,1009,1901,OU_III,950e454b3d4689710f52dac9b124b1ac1457847b1d1b2dbea3fd4098582b049e,180000,900.0,4.04202461,0.0109134661,0.0160377994,0.204302534,0.238666266,2.34027553,0.0126497382,0.0538737252,0.000101099919
stationary_jonswap_H0_270_L14_047_A30_00_P60_00,307,1009,1901,TFG,950e454b3d4689710f52dac9b124b1ac1457847b1d1b2dbea3fd4098582b049e,180000,900.0,4.15740442,0.0112249916,0.016490601,0.397405416,0.143833339,2.01320934,0.0145551274,0.0723430961,0.000101503952
stationary_jonswap_H1_500_L50_710_A_30_00_P120_00,11,101,1009,OU_III,2fbaf93a763014eb625c8df75edc5b69c004467d0f5a93ad1d15e2a14a0db965,180000,900.0,5.03414059,0.0755121112,0.121033065,0.337182432,0.511628926,4.33359098,0.0338646546,0.104647055,0.000136001283
stationary_jonswap_H1_500_L50_710_A_30_00_P120_00,11,101,1009,TFG,2fbaf93a763014eb625c8df75edc5b69c004467d0f5a93ad1d15e2a14a0db965,180000,900.0,5.05596018,0.0758394077,0.113219753,0.297186583,0.412464797,3.95307302,0.0305414274,0.0864977539,0.000103991028
stationary_jonswap_H1_500_L50_710_A_30_00_P120_00,29,211,1103,OU_III,ee353487a0f89bec301af94eb8725dccfb4248e848a6eff90d8eba1f74e6faeb,180000,900.0,4.93808746,0.0740713179,0.117445454,0.135360092,0.272268414,1.30780494,0.0215552822,0.0514634736,0.000114579605
stationary_jonswap_H1_500_L50_710_A_30_00_P120_00,29,211,1103,TFG,ee353487a0f89bec301af94eb8725dccfb4248e848a6eff90d8eba1f74e6faeb,180000,900.0,4.93784142,0.0740676224,0.109520525,0.124570251,0.324329078,1.46644783,0.0201888476,0.0591020361,9.80135519e-05
stationary_jonswap_H1_500_L50_710_A_30_00_P120_00,47,307,1201,OU_III,89d824de885b9a9256a32057c0d4c8a02770d0bcee87a0917af07dca0594c907,180000,900.0,4.67160082,0.0700740144,0.116365805,0.317481756,0.0996903554,1.15583086,0.0236262381,0.0555500649,0.000116003852
stationary_jonswap_H1_500_L50_710_A_30_00_P120_00,47,307,1201,TFG,89d824de885b9a9256a32057c0d4c8a02770d0bcee87a0917af07dca0594c907,180000,900.0,4.71888304,0.07078325,0.107147895,0.400216818,0.0883920863,1.2732178,0.023395922,0.0688536614,0.000105042949
stationary_jonswap_H1_500_L50_710_A_30_00_P120_00,71,401,1301,OU_III,be35b18fb2a562cf51ddeea2ae3e7fef8f04f9792c198a00741f6d2328cbc650,180000,900.0,4.98907995,0.074836202,0.122265764,0.156216726,0.200173184,1.09705341,0.0226830393,0.0426681079,0.000112089067
stationary_jonswap_H1_500_L50_710_A_30_00_P120_00,71,401,1301,TFG,be35b18fb2a562cf51ddeea2ae3e7fef8f04f9792c198a00741f6d2328cbc650,180000,900.0,5.00907516,0.0751361325,0.113699354,0.148392066,0.172384858,1.13327456,0.0223064702,0.0382261351,9.2293958e-05
stationary_jonswap_H1_500_L50_710_A_30_00_P120_00,97,503,1409,OU_III,53d09249a20f2b1ef286496dc9d5002d8889acf86db50f04b1bc0f98ad6b1f97,180000,900.0,5.25591755,0.0788387656,0.125170022,0.0825064257,0.134913772,2.50956225,0.0248635896,0.025069993,0.000137793701
stationary_jonswap_H1_500_L50_710_A_30_00_P120_00,97,503,1409,TFG,53d09249a20f2b1ef286496dc9d5002d8889acf86db50f04b1bc0f98ad6b1f97,180000,900.0,5.21576357,0.0782364532,0.114332668,0.0810627192,0.062204048,2.19101071,0.0222925413,0.0148143191,0.000100958074
stationary_jonswap_H1_500_L50_710_A_30_00_P120_00,131,601,1511,OU_III,8786f8a443972b03121c1bd289f9880c700b3052889c8821955d5521a14bdef7,180000,900.0,5.04182291,0.0756273493,0.118335247,0.252227962,0.320710421,0.662149787,0.0246731676,0.069559142,8.97775026e-05
stationary_jonswap_H1_500_L50_710_A_30_00_P120_00,131,601,1511,TFG,8786f8a443972b03121c1bd289f9880c700b3052889c8821955d5521a14bdef7,180000,900.0,5.09693623,0.0764540434,0.112295844,0.186940208,0.203286394,0.283428758,0.0221709367,0.0465470813,9.14984921e-05
stationary_jonswap_H1_500_L50_710_A_30_00_P120_00,173,701,1601,OU_III,f52a8105496e94568c0e4df21f8150e6a1595bf2f8dc2ffead834ec2d6576c29,180000,900.0,4.84978437,0.0727467686,0.118033424,0.147692174,0.164235547,2.05843234,0.0236742049,0.0358773991,0.000135611772
stationary_jonswap_H1_500_L50_710_A_30_00_P120_00,173,701,1601,TFG,f52a8105496e94568c0e4df21f8150e6a1595bf2f8dc2ffead834ec2d6576c29,180000,900.0,4.81745863,0.0722618848,0.108028747,0.139474541,0.223524585,2.17411757,0.0223537143,0.0433624946,0.000117940988
stationary_jonswap_H1_500_L50_710_A_30_00_P120_00,211,809,1709,OU_III,ff19509c5b9461134e9da9c6847daa71ee6e5ba2f9557e4eb28fa316b49509d7,180000,900.0,5.16470861,0.0774706304,0.12061616,0.697238982,0.372891992,2.82710886,0.030554628,0.133838564,0.000128952044
stationary_jonswap_H1_500_L50_710_A_30_00_P120_00,211,809,1709,TFG,ff19509c5b9461134e9da9c6847daa71ee6e5ba2f9557e4eb28fa316b49509d7,180000,900.0,5.13522911,0.0770284384,0.115076423,0.844081163,0.39155826,2.68106794,0.0310456976,0.156886473,9.32250623e-05
stationary_jonswap_H1_500_L50_710_A_30_00_P120_00,257,907,1801,OU_III,c4e0949872108155bde59db0626ad0d1da44b5b9e21af678805465c3a193a29b,180000,900.0,4.97131824,0.0745697767,0.119386464,0.130256295,0.254830986,2.29301262,0.02430466,0.0481698476,0.000121424106
stationary_jonswap_H1_500_L50_710_A_30_00_P120_00,257,907,1801,TFG,c4e0949872108155bde59db0626ad0d1da44b5b9e21af678805465c3a193a29b,180000,900.0,4.96231699,0.0744347572,0.111162692,0.0808210894,0.191199571,2.3052702,0.0223722588,0.0348520055,0.000109529348
stationary_jonswap_H1_500_L50_710_A_30_00_P120_00,307,1009,1901,OU_III,39f2a9d014a667f5ba3c8a561c3256a99e3fe76977abe93dbbdb463afd675652,180000,900.0,5.07273817,0.0760910735,0.118370861,0.313028246,0.223908752,1.70452464,0.0244449507,0.0656544343,0.000102091326
stationary_jonswap_H1_500_L50_710_A_30_00_P120_00,307,1009,1901,TFG,39f2a9d014a667f5ba3c8a561c3256a99e3fe76977abe93dbbdb463afd675652,180000,900.0,5.0782342,0.0761735141,0.1112011,0.462109089,0.180465594,1.66591668,0.0246343575,0.0848107785,9.78677199e-05
stationary_jonswap_H4_000_L112_766_A30_00_P30_00,11,101,1009,OU_III,4f391cf8206721e53f885e23fe9e859d080a446815a09c6ac06e56772c45a468,180000,900.0,4.41246128,0.176498443,0.340425074,0.392669469,0.510010004,3.16785026,0.0445502102,0.110709392,0.000152232416
stationary_jonswap_H4_000_L112_766_A30_00_P30_00,11,101,1009,TFG,4f391cf8206721e53f885e23fe9e859d080a446815a09c6ac06e56772c45a468,180000,900.0,4.40619993,0.176247999,0.322637677,0.331661195,0.452816159,3.03174543,0.0418124683,0.0964620113,9.91077759e-05
stationary_jonswap_H4_000_L112_766_A30_00_P30_00,29,211,1103,OU_III,2811db553c5f50f5be135e7f89fe550e5047fd86f3a7b7ed881d24b700ad8ff1,180000,900.0,4.16641331,0.166656524,0.328934044,0.138840437,0.284957349,0.323262632,0.0249723215,0.0532315634,0.000119700526
stationary_jonswap_H4_000_L112_766_A30_00_P30_00,29,211,1103,TFG,2811db553c5f50f5be135e7f89fe550e5047fd86f3a7b7ed881d24b700ad8ff1,180000,900.0,4.19121218,0.167648479,0.316521376,0.145750701,0.151206389,0.507667363,0.0240078475,0.0345624276,9.80915938e-05
stationary_jonswap_H4_000_L112_766_A30_00_P30_00,47,307,1201,OU_III,fe2949e22e333f94dce40c3f6f9068227d5de3597062742f2bea59e9ef83ad9c,180000,900.0,4.22930813,0.169172317,0.341158241,0.282060027,0.102260105,2.718189,0.0346634984,0.0478345342,0.000118149837
stationary_jonswap_H4_000_L112_766_A30_00_P30_00,47,307,1201,TFG,fe2949e22e333f94dce40c3f6f9068227d5de3597062742f2bea59e9ef83ad9c,180000,900.0,4.25924969,0.170369983,0.334905893,0.47788474,0.378014624,3.38942647,0.0384625532,0.102672607,0.000107990061
stationary_jonswap_H4_000_L112_766_A30_00_P30_00,71,401,1301,OU_III,7676ed88a434ffad7c1ddd79070f4a4d6992d668410dd972c083237d96a6791d,180000,900.0,4.09473801,0.163789511,0.342033178,0.179451391,0.182404026,0.808962286,0.028861925,0.0427445099,0.000104159742
stationary_jonswap_H4_000_L112_766_A30_00_P30_00,71,401,1301,TFG,7676ed88a434ffad7c1ddd79070f4a4d6992d668410dd972c083237d96a6791d,180000,900.0,4.10623407,0.164249361,0.326485664,0.147978947,0.160577014,0.710784435,0.0242137313,0.0332975499,9.37396981e-05
stationary_jonswap_H4_000_L112_766_A30_00_P30_00,97,503,1409,OU_III,fa15a9ff29f83406b54ddb005724faf0d143522cb46ac62759831ab4b2c8cbec,180000,900.0,4.5695467,0.182781875,0.339207649,0.0972345024,0.138082579,1.50632799,0.0286675002,0.0255704168,0.000133021356
stationary_jonswap_H4_000_L112_766_A30_00_P30_00,97,503,1409,TFG,fa15a9ff29f83406b54ddb005724faf0d143522cb46ac62759831ab4b2c8cbec,180000,900.0,4.58169937,0.183267981,0.324426204,0.129218504,0.131356627,1.51536167,0.0282866377,0.0295960661,0.000102676313
stationary_jonswap_H4_000_L112_766_A30_00_P30_00,131,601,1511,OU_III,a5e6e956d0c287b4634ec5166d0f41315bd218c66d3a28e45c4e325266a6f744,180000,900.0,4.44545984,0.177818388,0.328237236,0.203163385,0.314734489,0.327041507,0.0275181867,0.0625227466,9.84626531e-05
stationary_jonswap_H4_000_L112_766_A30_00_P30_00,131,601,1511,TFG,a5e6e956d0c287b4634ec5166d0f41315bd218c66d3a28e45c4e325266a6f744,180000,900.0,4.44155884,0.177662358,0.320477515,0.250289321,0.199999928,0.672081411,0.0251788832,0.0523699746,9.55656869e-05
stationary_jonswap_H4_000_L112_766_A30_00_P30_00,173,701,1601,OU_III,960ebdd6dc490db087601c864ccd4c16618a4f3944a2f099a48eddce6d67d9f5,180000,900.0,4.19714928,0.167885974,0.316550493,0.14719364,0.18894881,0.872681558,0.0247565042,0.0372290164,0.000150963111
stationary_jonswap_H4_000_L112_766_A30_00_P30_00,173,701,1601,TFG,960ebdd6dc490db087601c864ccd4c16618a4f3944a2f099a48eddce6d67d9f5,180000,900.0,4.21409655,0.168563858,0.312910825,0.207685873,0.190895692,0.729743779,0.0227049403,0.0445668623,0.000122369354
stationary_jonswap_H4_000_L112_766_A30_00_P30_00,211,809,1709,OU_III,f0673e181d562641fd7b46ee41e95038087d2fe45aa18fe4f263b28a5da3e5a8,180000,900.0,4.28767729,0.17150709,0.342326194,0.67188102,0.360692143,2.94827533,0.0400736295,0.127647296,0.000126912841
stationary_jonswap_H4_000_L112_766_A30_00_P30_00,211,809,1709,TFG,f0673e181d562641fd7b46ee41e95038087d2fe45aa18fe4f263b28a5da3e5a8,180000,900.0,4.32500982,0.173000395,0.354564488,0.88730067,0.54925853,3.10056853,0.0430429168,0.174029663,0.000104463266
stationary_jonswap_H4_000_L112_766_A30_00_P30_00,257,907,1801,OU_III,0ac686c8e146209df97be4f7f8cbf818cdc998fae630ba270df669eb0b827361,180000,900.0,4.17391491,0.166956589,0.331057847,0.0866890103,0.276007116,1.67000198,0.0268134251,0.0478322692,0.000140061777
stationary_jonswap_H4_000_L112_766_A30_00_P30_00,257,907,1801,TFG,0ac686c8e146209df97be4f7f8cbf818cdc998fae630ba270df669eb0b827361,180000,900.0,4.24744081,0.169897631,0.328569829,0.125105739,0.423294008,0.52295053,0.0281475,0.0738435239,0.000104421117
stationary_jonswap_H4_000_L112_766_A30_00_P30_00,307,1009,1901,OU_III,c6793dcfcd295060072d6f59ff80c6abb4da32dbd4d23ab919e6e528ac551fbf,180000,900.0,4.36240196,0.174496084,0.327072918,0.285990626,0.224480405,1.59903765,0.0280412491,0.0608706884,0.000122011377
stationary_jonswap_H4_000_L112_766_A30_00_P30_00,307,1009,1901,TFG,c6793dcfcd295060072d6f59ff80c6abb4da32dbd4d23ab919e6e528ac551fbf,180000,900.0,4.35144806,0.174057916,0.329754829,0.50114435,0.265513867,1.76365912,0.0288050734,0.0950850919,0.000104953302
stationary_jonswap_H8_500_L202_839_A_30_00_P72_00,11,101,1009,OU_III,cb9003580c8985eadc322f458cbf1c6442f54ca5e18e90b384b659665f24f436,180000,900.0,3.97563434,0.337928921,0.73998189,0.390983492,0.521030843,4.11706877,0.0690686703,0.110583916,0.000130038505
stationary_jonswap_H8_500_L202_839_A_30_00_P72_00,11,101,1009,TFG,cb9003580c8985eadc322f458cbf1c6442f54ca5e18e90b384b659665f24f436,180000,900.0,4.00385666,0.340327829,0.753397107,0.405989498,0.539417326,3.99549508,0.0674362853,0.114336096,0.000103470651
stationary_jonswap_H8_500_L202_839_A_30_00_P72_00,29,211,1103,OU_III,e2b4e161649acd46f4dcdf32f2da97fa5d3574a2a5db62619967cdbdddbbf86c,180000,900.0,3.96877623,0.337345988,0.762157381,0.234890223,0.284053326,1.26304603,0.0319150239,0.0614836253,0.000123842241
stationary_jonswap_H8_500_L202_839_A_30_00_P72_00,29,211,1103,TFG,e2b4e161649acd46f4dcdf32f2da97fa5d3574a2a5db62619967cdbdddbbf86c,180000,900.0,3.96334624,0.336884439,0.760609865,0.212359533,0.287574202,1.25163877,0.0299653057,0.0581961758,0.000104818151
stationary_jonswap_H8_500_L202_839_A_30_00_P72_00,47,307,1201,OU_III,f961ed655f01ac2247c493a3adc67799ae3db4355de3e671a244f4c9e5830f88,180000,900.0,4.12205267,0.35037449,0.786278903,0.246943101,0.14291358,1.29281473,0.0353873037,0.0443023294,0.000126122162
stationary_jonswap_H8_500_L202_839_A_30_00_P72_00,47,307,1201,TFG,f961ed655f01ac2247c493a3adc67799ae3db4355de3e671a244f4c9e5830f88,180000,900.0,4.09945297,0.348453492,0.891215265,0.555487633,1.11847901,3.72179699,0.0742761716,0.21412687,0.000135051509
stationary_jonswap_H8_500_L202_839_A_30_00_P72_00,71,401,1301,OU_III,4ab6d8a1a5975b4ac43a904dfa924d5fea2108d6240a7ec0a34e210391490ee5,180000,900.0,3.50539184,0.297958314,0.738882542,0.186495289,0.187542215,1.39968562,0.0334218033,0.0427864119,0.000144395832
stationary_jonswap_H8_500_L202_839_A_30_00_P72_00,71,401,1301,TFG,4ab6d8a1a5975b4ac43a904dfa924d5fea2108d6240a7ec0a34e210391490ee5,180000,900.0,3.52616477,0.299724013,0.749269307,0.163801149,0.154558286,1.24191141,0.0307691209,0.0378286503,0.000100919737
stationary_jonswap_H8_500_L202_839_A_30_00_P72_00,97,503,1409,OU_III,cd351beffcbd183abbf08e534196222a5198c019728b38c93aacac06cb533b51,180000,900.0,4.02312803,0.341965884,0.769409537,0.0933918506,0.153538361,2.70974874,0.0452718474,0.025915768,0.000145434373
stationary_jonswap_H8_500_L202_839_A_30_00_P72_00,97,503,1409,TFG,cd351beffcbd183abbf08e534196222a5198c019728b38c93aacac06cb533b51,180000,900.0,4.02740431,0.342329353,0.761448324,0.109285839,0.0819514021,2.20605326,0.0379728824,0.0164770093,0.00011059596
stationary_jonswap_H8_500_L202_839_A_30_00_P72_00,131,601,1511,OU_III,ea4627b3ac89ff3dec795510f59108e4571a68cf07de7573d324c6fcfd9a5221,180000,900.0,4.25468206,0.361647993,0.775208592,0.238288358,0.313426375,0.740680873,0.034974616,0.0665318966,0.000101494741
stationary_jonswap_H8_500_L202_839_A_30_00_P72_00,131,601,1511,TFG,ea4627b3ac89ff3dec795510f59108e4571a68cf07de7573d324c6fcfd9a5221,180000,900.0,4.23122931,0.359654516,0.779314101,0.125053614,0.111578412,0.274050355,0.0278373081,0.0238477979,0.000102543672
stationary_jonswap_H8_500_L202_839_A_30_00_P72_00,173,701,1601,OU_III,6688f65c0b932eedc0efdb85431ef3a2cb929af03b31abd61b0e70a0aa4b159f,180000,900.0,4.07523203,0.346394718,0.752204299,0.123137668,0.205017671,1.54898727,0.0345261879,0.0357568525,0.000157184448
stationary_jonswap_H8_500_L202_839_A_30_00_P72_00,173,701,1601,TFG,6688f65c0b932eedc0efdb85431ef3a2cb929af03b31abd61b0e70a0aa4b159f,180000,900.0,4.08127689,0.34690854,0.763292193,0.114769794,0.413949817,2.04517579,0.0385169275,0.0695116445,0.000123169797
stationary_jonswap_H8_500_L202_839_A_30_00_P72_00,211,809,1709,OU_III,1e51fa2d4141f973731c44506859b98b9081e1f50a1bf5f5a4dff5b24b9e6996,180000,900.0,3.84889984,0.327156484,0.757821202,0.495847255,0.401668847,2.94402099,0.0553968549,0.104731113,0.000138893723
stationary_jonswap_H8_500_L202_839_A_30_00_P72_00,211,809,1709,TFG,1e51fa2d4141f973731c44506859b98b9081e1f50a1bf5f5a4dff5b24b9e6996,180000,900.0,3.81347156,0.324145079,0.870316327,0.482265651,1.53123081,5.1288352,0.0932357088,0.273231924,0.000114791241
stationary_jonswap_H8_500_L202_839_A_30_00_P72_00,257,907,1801,OU_III,b42bbb4747ee5ca245864548070df418c0b88a013bd10f9f6e616b58ea975677,180000,900.0,3.88110065,0.329893559,0.762391865,0.105596855,0.269990087,2.27823424,0.0413887426,0.0469507985,0.000128694257
stationary_jonswap_H8_500_L202_839_A_30_00_P72_00,257,907,1801,TFG,b42bbb4747ee5ca245864548070df418c0b88a013bd10f9f6e616b58ea975677,180000,900.0,3.90407681,0.331846535,0.773004472,0.57888782,0.295618385,1.09272742,0.0305484254,0.108780272,0.000111639834
stationary_jonswap_H8_500_L202_839_A_30_00_P72_00,307,1009,1901,OU_III,45b31358164cbfbf0c7fa3b2c4f37a573918887328a763dfb02d6910caf0ae91,180000,900.0,3.88586688,0.330298692,0.760065496,0.210274532,0.247211933,1.24529028,0.0347559117,0.0536141731,0.000117279458
stationary_jonswap_H8_500_L202_839_A_30_00_P72_00,307,1009,1901,TFG,45b31358164cbfbf0c7fa3b2c4f37a573918887328a763dfb02d6910caf0ae91,180000,900.0,3.99282432,0.339390069,0.797900975,0.158318549,1.3735435,2.30869293,0.067009531,0.238065451,0.00011375903
stationary_pmstokes_H0_270_L14_047_A30_00_P60_00,11,101,1009,OU_III,d82611da4dbcec524aaf8d34819f92e07e0d123ca2dccd34a5fad32c8563abc6,180000,900.0,4.07381058,0.0109992893,0.0162350275,0.461912572,0.512466788,6.20107841,0.0149777532,0.117851712,0.000106943211
stationary_pmstokes_H0_270_L14_047_A30_00_P60_00,11,101,1009,TFG,d82611da4dbcec524aaf8d34819f92e07e0d123ca2dccd34a5fad32c8563abc6,180000,900.0,4.21322155,0.0113756983,0.0165390112,0.335690141,0.584257901,6.13689613,0.0165787768,0.115321949,9.14443153e-05
stationary_pmstokes_H0_270_L14_047_A30_00_P60_00,29,211,1103,OU_III,f81f04f8625d4bf4b6a2237018d332b6b4e3106fcc4441b96e8efd726943ec1f,180000,900.0,4.19609118,0.0113294469,0.0168780144,0.229843616,0.241155565,0.654379249,0.0131031591,0.0576312989,0.000110117297
stationary_pmstokes_H0_270_L14_047_A30_00_P60_00,29,211,1103,TFG,f81f04f8625d4bf4b6a2237018d332b6b4e3106fcc4441b96e8efd726943ec1f,180000,900.0,4.34584236,0.011733775,0.0170265492,0.183318689,0.259732664,0.55280757,0.0147175621,0.054712791,9.51279508e-05
stationary_pmstokes_H0_270_L14_047_A30_00_P60_00,47,307,1201,OU_III,7c53259d4294a109d960bfabf020c51e5f299626dc2c10e750d436d6e033d798,180000,900.0,4.14892387,0.0112020951,0.0167665109,0.219018281,0.109207295,1.12325919,0.012700595,0.0409529246,0.000102359554
stationary_pmstokes_H0_270_L14_047_A30_00_P60_00,47,307,1201,TFG,7c53259d4294a109d960bfabf020c51e5f299626dc2c10e750d436d6e033d798,180000,900.0,4.28891134,0.0115800612,0.0168082844,0.316798389,0.0679118857,1.12164485,0.0144918533,0.054724656,9.7448552e-05
stationary_pmstokes_H0_270_L14_047_A30_00_P60_00,71,401,1301,OU_III,5c621c331bffe84d21ebe3605ccd6c68dc6e047a9b2c8a39bad6ccc25c785d5f,180000,900.0,4.23902512,0.0114453677,0.0169193801,0.259953648,0.229042053,0.580868065,0.0135795297,0.0590926856,9.80019395e-05
stationary_pmstokes_H0_270_L14_047_A30_00_P60_00,71,401,1301,TFG,5c621c331bffe84d21ebe3605ccd6c68dc6e047a9b2c8a39bad6ccc25c785d5f,180000,900.0,4.38484812,0.0118390908,0.016960755,0.103076458,0.303649098,0.607820094,0.0150332656,0.0548028164,9.27335277e-05
stationary_pmstokes_H0_270_L14_047_A30_00_P60_00,97,503,1409,OU_III,ca01cd80fe783b6b490ef97fd2b2822fa754638bc140f7d819036384caa97041,180000,900.0,4.28134918,0.0115596429,0.0172303021,0.140958861,0.136319607,1.51017559,0.0134449443,0.0331010185,0.000124416241
stationary_pmstokes_H0_270_L14_047_A30_00_P60_00,97,503,1409,TFG,ca01cd80fe783b6b490ef97fd2b2822fa754638bc140f7d819036384caa97041,180000,900.0,4.4312315,0.0119643258,0.0172483828,0.150498033,0.141218022,1.48285198,0.0151378904,0.0350740142,0.000101192163
stationary_pmstokes_H0_270_L14_047_A30_00_P60_00,131,601,1511,OU_III,8b0a6731635584fd2a7324704681c62ab50b2059a16561d795865220f04c1417,180000,900.0,4.38413143,0.0118371546,0.0169954225,0.128747895,0.309821129,0.445317209,0.0133154113,0.0569652878,8.29665005e-05
stationary_pmstokes_H0_270_L14_047_A30_00_P60_00,131,601,1511,TFG,8b0a6731635584fd2a7324704681c62ab50b2059a16561d795865220f04c1417,180000,900.0,4.53093576,0.0122335264,0.017530011,0.161857143,0.324924588,0.357012987,0.015141028,0.0618153214,9.67020533e-05
stationary_pmstokes_H0_270_L14_047_A30_00_P60_00,173,701,1601,OU_III,b50f10d00c6302a940d39ae600c6d4d8aa187866c2a42fc5908242b23f0d7e50,180000,900.0,4.36007309,0.0117721977,0.0168126374,0.123245016,0.172872081,2.4849999,0.012878608,0.0357699133,0.000110562753
stationary_pmstokes_H0_270_L14_047_A30_00_P60_00,173,701,1601,TFG,b50f10d00c6302a940d39ae600c6d4d8aa187866c2a42fc5908242b23f0d7e50,180000,900.0,4.49720716,0.0121424599,0.0169308409,0.131404191,0.0916883871,2.23450232,0.014743858,0.0268964842,0.000105374209
stationary_pmstokes_H0_270_L14_047_A30_00_P60_00,211,809,1709,OU_III,f3a624595f408466039ec2e51dadf637ce004b1dc78651b818c98c65feb6e60c,180000,900.0,4.31904221,0.0116614141,0.0167935602,0.572863102,0.349782377,1.21457255,0.0123001812,0.113752514,0.000107068197
stationary_pmstokes_H0_270_L14_047_A30_00_P60_00,211,809,1709,TFG,f3a624595f408466039ec2e51dadf637ce004b1dc78651b818c98c65feb6e60c,180000,900.0,4.4471221,0.01200723,0.017143894,0.7921983,0.26198408,0.89780432,0.01417783,0.141851977,9.01048188e-05
stationary_pmstokes_H0_270_L14_047_A30_00_P60_00,257,907,1801,OU_III,2e034d6454ce2a1d0ded2388aea913e8f32449c84c0c9fc9cc8ec7804abd445e,180000,900.0,4.23575449,0.0114365378,0.0169570241,0.040271055,0.259593725,1.08882368,0.0127643123,0.0452251956,0.000134945949
stationary_pmstokes_H0_270_L14_047_A30_00_P60_00,257,907,1801,TFG,2e034d6454ce2a1d0ded2388aea913e8f32449c84c0c9fc9cc8ec7804abd445e,180000,900.0,4.39286852,0.011860745,0.0173124168,0.1028447,0.23244758,1.18152678,0.0144597497,0.0436246842,0.000109108136
stationary_pmstokes_H0_270_L14_047_A30_00_P60_00,307,1009,1901,OU_III,93dfda415ff2db7567acc3bc62cb13cadb879062cc4907434cc294036d2e4674,180000,900.0,4.15453625,0.0112172486,0.0162542015,0.201791197,0.235298976,2.56164646,0.0126282535,0.053154733,9.96849849e-05
stationary_pmstokes_H0_270_L14_047_A30_00_P60_00,307,1009,1901,TFG,93dfda415ff2db7567acc3bc62cb13cadb879062cc4907434cc294036d2e4674,180000,900.0,4.24846697,0.0114708608,0.016542688,0.402242362,0.145193368,2.25251508,0.0145123703,0.0732309595,0.000100093952
stationary_pmstokes_H1_500_L50_710_A_30_00_P120_00,11,101,1009,OU_III,26b2ff13e31538b2587839af76c05fbb74f2a947a10b7b2ecf76855d59becc8a,180000,900.0,4.9197073,0.0737956092,0.11699304,0.331274658,0.514179766,4.22058582,0.0353177376,0.104449883,0.000138093383
stationary_pmstokes_H1_500_L50_710_A_30_00_P120_00,11,101,1009,TFG,26b2ff13e31538b2587839af76c05fbb74f2a947a10b7b2ecf76855d59becc8a,180000,900.0,4.95541859,0.0743312836,0.110747278,0.301967323,0.426663011,3.88416028,0.0321109779,0.0889163464,0.000102328268
stationary_pmstokes_H1_500_L50_710_A_30_00_P120_00,29,211,1103,OU_III,ec9c4ae16afbbd100057edde44d5dfd5cc6bbac9e0027ae04bdf617b0d6fe456,180000,900.0,4.84240103,0.0726360157,0.114419661,0.126508981,0.267194927,1.17888498,0.0227062348,0.0495715551,0.000114029433
stationary_pmstokes_H1_500_L50_710_A_30_00_P120_00,29,211,1103,TFG,ec9c4ae16afbbd100057edde44d5dfd5cc6bbac9e0027ae04bdf617b0d6fe456,180000,900.0,4.84924984,0.0727387518,0.107521996,0.123283483,0.331371725,1.37476659,0.0211301353,0.059830647,9.66137159e-05
stationary_pmstokes_H1_500_L50_710_A_30_00_P120_00,47,307,1201,OU_III,9d75814b721db8c3072eecaa4ed76cb620300c41529be604612a5ec740c8a80b,180000,900.0,4.61425304,0.0692138001,0.113136366,0.315559328,0.0995480344,1.1856885,0.0251146462,0.0550650209,0.00011500562
stationary_pmstokes_H1_500_L50_710_A_30_00_P120_00,47,307,1201,TFG,9d75814b721db8c3072eecaa4ed76cb620300c41529be604612a5ec740c8a80b,180000,900.0,4.67094898,0.0700642392,0.105923913,0.407218695,0.10215535,1.34728217,0.024945382,0.0704664662,0.000104558771
stationary_pmstokes_H1_500_L50_710_A_30_00_P120_00,71,401,1301,OU_III,e4dd97369edb23e77ab40c2c0570364ea9f3458c1f68271dd04550050b8d4bd3,180000,900.0,4.89726686,0.0734590068,0.118233532,0.158815458,0.201755732,0.965534151,0.0240137316,0.0429655463,0.000109603883
stationary_pmstokes_H1_500_L50_710_A_30_00_P120_00,71,401,1301,TFG,e4dd97369edb23e77ab40c2c0570364ea9f3458c1f68271dd04550050b8d4bd3,180000,900.0,4.90154934,0.0735232458,0.110650666,0.14631176,0.195334196,0.97286129,0.0236750524,0.0410691723,9.21115497e-05
stationary_pmstokes_H1_500_L50_710_A_30_00_P120_00,97,503,1409,OU_III,d24f002cfe8230adb205b408d51266e6f890da037803f67afef926d285f89fb1,180000,900.0,5.14406776,0.0771610215,0.120540276,0.0816119388,0.136562929,2.56311631,0.0264172107,0.0249263048,0.000138701507
stationary_pmstokes_H1_500_L50_710_A_30_00_P120_00,97,503,1409,TFG,d24f002cfe8230adb205b408d51266e6f890da037803f67afef926d285f89fb1,180000,900.0,5.10670328,0.0766005516,0.111645222,0.0889217257,0.0677823052,2.25103045,0.0236932542,0.0159859434,0.000100937592
stationary_pmstokes_H1_500_L50_710_A_30_00_P120_00,131,601,1511,OU_III,2f49005eb2320e3cc2e914d1f6ed44a1292a55196ca8917f4eaf304c6d2dd6cc,180000,900.0,4.97392416,0.0746088624,0.116332725,0.251823336,0.316390425,0.639542341,0.026553167,0.0689513087,9.06632704e-05
stationary_pmstokes_H1_500_L50_710_A_30_00_P120_00,131,601,1511,TFG,2f49005eb2320e3cc2e914d1f6ed44a1292a55196ca8917f4eaf304c6d2dd6cc,180000,900.0,5.03063679,0.0754595548,0.110743001,0.187765047,0.212170303,0.283192843,0.0238431059,0.0477452055,9.14079574e-05
stationary_pmstokes_H1_500_L50_710_A_30_00_P120_00,173,701,1601,OU_III,5aef0bc5d13b62ce18ef300db710eb503d6c7a4fe7cda976558a45fa9f13274d,180000,900.0,4.81085682,0.0721628517,0.115315817,0.147991672,0.161476105,1.87161374,0.0246386975,0.035171438,0.000139917669
stationary_pmstokes_H1_500_L50_710_A_30_00_P120_00,173,701,1601,TFG,5aef0bc5d13b62ce18ef300db710eb503d6c7a4fe7cda976558a45fa9f13274d,180000,900.0,4.79123163,0.0718684793,0.106463529,0.145070463,0.206216574,1.97371483,0.0230757352,0.041047845,0.000118246142
stationary_pmstokes_H1_500_L50_710_A_30_00_P120_00,211,809,1709,OU_III,7827015273f090208a219f734afb9cad2543a238b016678341f01cbc060c2355,180000,900.0,5.07439184,0.0761158839,0.117534712,0.685223043,0.371724755,2.8404088,0.0322904103,0.13185288,0.000129541324
stationary_pmstokes_H1_500_L50_710_A_30_00_P120_00,211,809,1709,TFG,7827015273f090208a219f734afb9cad2543a238b016678341f01cbc060c2355,180000,900.0,5.03916645,0.0755874962,0.112187289,0.849711478,0.373355567,2.65304947,0.0330576003,0.156496227,9.24161941e-05
stationary_pmstokes_H1_500_L50_710_A_30_00_P120_00,257,907,1801,OU_III,83097f524e1373a8d168477acd98294096231cbdb2f4b3cfb2461dd9ef28b149,180000,900.0,4.87896824,0.0731845275,0.115476698,0.130894363,0.250406593,2.2270093,0.0254109949,0.0471743979,0.000121610901
stationary_pmstokes_H1_500_L50_710_A_30_00_P120_00,257,907,1801,TFG,83097f524e1373a8d168477acd98294096231cbdb2f4b3cfb2461dd9ef28b149,180000,900.0,4.8910408,0.0733656138,0.109040439,0.0835407227,0.220643297,2.33151388,0.0234549213,0.0394140147,0.000109232366
stationary_pmstokes_H1_500_L50_710_A_30_00_P120_00,307,1009,1901,OU_III,36b75f612e2b440c5d232db307f98cae80834a62b5f5d099399e919b5121d9cc,180000,900.0,4.97070312,0.0745605528,0.114899546,0.304097176,0.223928675,1.56562555,0.0255680457,0.0641688854,0.000102969178
stationary_pmstokes_H1_500_L50_710_A_30_00_P120_00,307,1009,1901,TFG,36b75f612e2b440c5d232db307f98cae80834a62b5f5d099399e919b5121d9cc,180000,900.0,4.99669266,0.0749503896,0.109214783,0.463504761,0.21250312,1.62260115,0.0260664765,0.0870436952,9.76118754e-05
stationary_pmstokes_H4_000_L112_766_A30_00_P30_00,11,101,1009,OU_III,72a671ca0060b55650c390771d592b6b1686de72df9c0841fbcd42c4a20bc78c,180000,900.0,4.17380714,0.166952282,0.32641983,0.377736807,0.499739766,2.83835292,0.047240939,0.108138926,0.000156864597
stationary_pmstokes_H4_000_L112_766_A30_00_P30_00,11,101,1009,TFG,72a671ca0060b55650c390771d592b6b1686de72df9c0841fbcd42c4a20bc78c,180000,900.0,4.2053647,0.168214589,0.315605015,0.327780634,0.463686347,2.78020239,0.045032721,0.0979669988,9.90437475e-05
stationary_pmstokes_H4_000_L112_766_A30_00_P30_00,29,211,1103,OU_III,6d19deaafac1ab5671500becb845d2e089abb7eab6709793261dd02e5ba00ca7,180000,900.0,4.01783323,0.16071333,0.319148451,0.126363486,0.286680847,0.27841872,0.0264380313,0.0517358705,0.000120095028
stationary_pmstokes_H4_000_L112_766_A30_00_P30_00,29,211,1103,TFG,6d19deaafac1ab5671500becb845d2e089abb7eab6709793261dd02e5ba00ca7,180000,900.0,4.05588961,0.162235588,0.312698126,0.150003091,0.128584713,0.351985484,0.0258050952,0.0314046107,9.62589984e-05
stationary_pmstokes_H4_000_L112_766_A30_00_P30_00,47,307,1201,OU_III,93def34be212be4a868f1359cab315ae02b762d34d9689e63fa3a50ab4a2eabb,180000,900.0,4.09693384,0.163877353,0.331457436,0.284587651,0.111035615,2.9682734,0.0390390046,0.0481021889,0.000118561729
stationary_pmstokes_H4_000_L112_766_A30_00_P30_00,47,307,1201,TFG,93def34be212be4a868f1359cab315ae02b762d34d9689e63fa3a50ab4a2eabb,180000,900.0,4.11337709,0.16453509,0.331368059,0.497121185,0.481859088,3.85197067,0.0455367714,0.116997309,0.000109074368
stationary_pmstokes_H4_000_L112_766_A30_00_P30_00,71,401,1301,OU_III,7d92e7f392998b879f2134fd2f61cc74e847bb3ee7547e05536d3f374a0546ce,180000,900.0,3.91777158,0.156710863,0.332309514,0.165705755,0.171490878,0.615554273,0.0307354517,0.0392740667,0.000107019252
stationary_pmstokes_H4_000_L112_766_A30_00_P30_00,71,401,1301,TFG,7d92e7f392998b879f2134fd2f61cc74e847bb3ee7547e05536d3f374a0546ce,180000,900.0,3.93586278,0.157434508,0.319098473,0.163045958,0.154212952,0.561155975,0.025777474,0.0333549343,9.38426965e-05
stationary_pmstokes_H4_000_L112_766_A30_00_P30_00,97,503,1409,OU_III,bc3de6eb464dcb819fa6e543b0fa0bd45d206e9b35d8d063a7cf82498e75a76a,180000,900.0,4.29117584,0.171647027,0.324466437,0.10147506,0.144564405,1.34143662,0.0304660089,0.0263121873,0.000131810768
stationary_pmstokes_H4_000_L112_766_A30_00_P30_00,97,503,1409,TFG,bc3de6eb464dcb819fa6e543b0fa0bd45d206e9b35d8d063a7cf82498e75a76a,180000,900.0,4.31750965,0.17270039,0.314901948,0.135526702,0.131336108,1.33563828,0.0301584303,0.0298592113,0.000101481426
stationary_pmstokes_H4_000_L112_766_A30_00_P30_00,131,601,1511,OU_III,bfc3864beebb81c075f26f203dbe6bc515944287f5556c0759bb44648f1640d2,180000,900.0,4.26353741,0.170541495,0.319259942,0.213833407,0.310447842,0.505351126,0.0306561664,0.0626785159,9.75354415e-05
stationary_pmstokes_H4_000_L112_766_A30_00_P30_00,131,601,1511,TFG,bfc3864beebb81c075f26f203dbe6bc515944287f5556c0759bb44648f1640d2,180000,900.0,4.28089571,0.17123583,0.315419912,0.262892425,0.219808757,0.830869794,0.0285380408,0.0558450632,9.52055416e-05
stationary_pmstokes_H4_000_L112_766_A30_00_P30_00,173,701,1601,OU_III,6dbe36a07f53b36cfdbfc8b71932d0c7395ebb59befcda65ea5ade85558238f9,180000,900.0,4.0383606,0.161534429,0.309901059,0.157854542,0.195202813,1.06925511,0.0271703545,0.0383842103,0.00014712126
stationary_pmstokes_H4_000_L112_766_A30_00_P30_00,173,701,1601,TFG,6dbe36a07f53b36cfdbfc8b71932d0c7395ebb59befcda65ea5ade85558238f9,180000,900.0,4.05635214,0.16225408,0.309221327,0.231899336,0.194668278,0.934143782,0.0251863617,0.0474983975,0.000124572005
stationary_pmstokes_H4_000_L112_766_A30_00_P30_00,211,809,1709,OU_III,5940e1e415f340feab6e4a2ad6f4518f3b9d52fb30175106101b154de6274c8b,180000,900.0,4.04863405,0.161945358,0.32766819,0.678088188,0.354534417,3.20605063,0.0458023585,0.127757177,0.00012990192
stationary_pmstokes_H4_000_L112_766_A30_00_P30_00,211,809,1709,TFG,5940e1e415f340feab6e4a2ad6f4518f3b9d52fb30175106101b154de6274c8b,180000,900.0,4.06478405,0.162591368,0.345170587,0.933398426,0.786075771,3.83272052,0.0549261756,0.204974055,0.000103892606
stationary_pmstokes_H4_000_L112_766_A30_00_P30_00,257,907,1801,OU_III,f407ff3851fce37702a3b05b831093fb68e47f75d30c430d2f23cb6b890f22dd,180000,900.0,4.01387739,0.160555094,0.319701552,0.0977205262,0.280331612,1.93143892,0.0298571847,0.0482892357,0.00013802982
stationary_pmstokes_H4_000_L112_766_A30_00_P30_00,257,907,1801,TFG,f407ff3851fce37702a3b05b831093fb68e47f75d30c430d2f23cb6b890f22dd,180000,900.0,4.07895136,0.163158059,0.321655124,0.190261021,0.318078667,0.903129458,0.0300584789,0.0604572669,0.000105713829
stationary_pmstokes_H4_000_L112_766_A30_00_P30_00,307,1009,1901,OU_III,7386ceede0d679a17fd6fcac4f9b9409e1fce4447e0a1c5dea49d80a067a8409,180000,900.0,4.08986092,0.16359444,0.315876663,0.296700716,0.228984326,1.72712517,0.0310219154,0.0621907189,0.000123938953
stationary_pmstokes_H4_000_L112_766_A30_00_P30_00,307,1009,1901,TFG,7386ceede0d679a17fd6fcac4f9b9409e1fce4447e0a1c5dea49d80a067a8409,180000,900.0,4.10926056,0.164370418,0.320297867,0.487246126,0.225241289,1.76494646,0.0316568762,0.0893251449,0.000104234146
stationary_pmstokes_H8_500_L202_839_A_30_00_P72_00,11,101,1009,OU_III,4e55d972a4344ec59053670cd31ff7541e5830b576e1ca1e2026f1b1ba47380c,180000,900.0,3.97022009,0.337468714,0.747148931,0.426454246,0.51594913,4.26950121,0.0807462782,0.113267526,0.000127493389
stationary_pmstokes_H8_500_L202_839_A_30_00_P72_00,11,101,1009,TFG,4e55d972a4344ec59053670cd31ff7541e5830b576e1ca1e2026f1b1ba47380c,180000,900.0,3.99446964,0.339529932,0.775052607,0.483985513,0.64859432,4.3823638,0.084739849,0.137470871,0.000107625659
stationary_pmstokes_H8_500_L202_839_A_30_00_P72_00,29,211,1103,OU_III,1fac058aa75e5fe18073f67dd66d693a6285b30544e26f701e8b75f976c4d1f5,180000,900.0,3.90575552,0.331989229,0.755504727,0.313479543,0.297121346,1.0882988,0.0332061276,0.0716691464,0.00012220077
stationary_pmstokes_H8_500_L202_839_A_30_00_P72_00,29,211,1103,TFG,1fac058aa75e5fe18073f67dd66d693a6285b30544e26f701e8b75f976c4d1f5,180000,900.0,3.90645671,0.332048833,0.760533988,0.286722779,0.370550811,1.28767514,0.0329432227,0.0769002065,0.000106525964
stationary_pmstokes_H8_500_L202_839_A_30_00_P72_00,47,307,1201,OU_III,e384d268f7404804569f2adbca43e11c196a6ab3ed2c46cca4d512f2d0fadb62,180000,900.0,4.07142687,0.346071273,0.772222877,0.199415758,0.149502456,1.13269639,0.0364216156,0.0364290625,0.000126931918
stationary_pmstokes_H8_500_L202_839_A_30_00_P72_00,47,307,1201,TFG,e384d268f7404804569f2adbca43e11c196a6ab3ed2c46cca4d512f2d0fadb62,180000,900.0,4.05382776,0.344575375,0.869934022,0.519333422,0.974048018,3.26289439,0.074997507,0.188703552,0.000134168513
stationary_pmstokes_H8_500_L202_839_A_30_00_P72_00,71,401,1301,OU_III,4ba270c3202bd7a8cbf822c5715a7d44a62eeef42c0d5d1f8b0baf8762b09216,180000,900.0,3.61234093,0.307048976,0.7515347,0.216688797,0.195213184,1.03223348,0.0342160463,0.0466816649,0.000126833213
stationary_pmstokes_H8_500_L202_839_A_30_00_P72_00,71,401,1301,TFG,4ba270c3202bd7a8cbf822c5715a7d44a62eeef42c0d5d1f8b0baf8762b09216,180000,900.0,3.61751485,0.307488769,0.765322506,0.227957696,0.133134186,1.22151983,0.0322245136,0.0436078794,9.99511394e-05
stationary_pmstokes_H8_500_L202_839_A_30_00_P72_00,97,503,1409,OU_III,dcad317152ba4d41dc53799e988e70bea05c59ae0a544fbc68ac393411fb45cd,180000,900.0,3.96011257,0.336609572,0.758559763,0.109015994,0.158379391,2.95787811,0.0529272631,0.0275758337,0.000152188528
stationary_pmstokes_H8_500_L202_839_A_30_00_P72_00,97,503,1409,TFG,dcad317152ba4d41dc53799e988e70bea05c59ae0a544fbc68ac393411fb45cd,180000,900.0,3.95477748,0.3361561,0.764672458,0.19101353,0.0932050571,2.4082613,0.0449761339,0.0295847319,0.000110771303
stationary_pmstokes_H8_500_L202_839_A_30_00_P72_00,131,601,1511,OU_III,03e9fe4bee51a49c08802f19948da2a59d4c1026537514c3c354f9d17c5475da,180000,900.0,4.14426994,0.352262944,0.76711297,0.203820586,0.30646196,0.861928642,0.0390569419,0.0621580593,0.000104215047
stationary_pmstokes_H8_500_L202_839_A_30_00_P72_00,131,601,1511,TFG,03e9fe4bee51a49c08802f19948da2a59d4c1026537514c3c354f9d17c5475da,180000,900.0,4.11757326,0.349993736,0.777714133,0.114074565,0.108459465,0.344938874,0.0294653773,0.0187968872,0.000103975392
stationary_pmstokes_H8_500_L202_839_A_30_00_P72_00,173,701,1601,OU_III,ad14b53d1d4647dd2a204c41d277df4c097b85684151f4e4b7a3901022b005dc,180000,900.0,4.09906244,0.348420322,0.747894585,0.125342637,0.206675991,1.34050834,0.0350559168,0.0349266864,0.000176273286
stationary_pmstokes_H8_500_L202_839_A_30_00_P72_00,173,701,1601,TFG,ad14b53d1d4647dd2a204c41d277df4c097b85684151f4e4b7a3901022b005dc,180000,900.0,4.07825661,0.346651822,0.771507919,0.150310263,0.614844203,2.25571156,0.0459802411,0.104693063,0.000123976031
stationary_pmstokes_H8_500_L202_839_A_30_00_P72_00,211,809,1709,OU_III,7548bf44ab6a8363ff9693787201890094a08fe37522ca037ecda6ba0160c149,180000,900.0,3.8464241,0.32694605,0.757315457,0.422281593,0.405158311,2.76223636,0.058804296,0.0950134769,0.000141494864
stationary_pmstokes_H8_500_L202_839_A_30_00_P72_00,211,809,1709,TFG,7548bf44ab6a8363ff9693787201890094a08fe37522ca037ecda6ba0160c149,180000,900.0,3.83277464,0.325785846,0.837984025,0.472708583,1.29419827,4.47907782,0.0936613306,0.233633131,0.000111195513
stationary_pmstokes_H8_500_L202_839_A_30_00_P72_00,257,907,1801,OU_III,fcbd84cd17f80ce881c14fa6875164e3732bb27514693c9679dc7b94ff599cbe,180000,900.0,3.89874053,0.331392944,0.764082909,0.11386656,0.273759067,2.18040895,0.0447601974,0.0470049605,0.000128428044
stationary_pmstokes_H8_500_L202_839_A_30_00_P72_00,257,907,1801,TFG,fcbd84cd17f80ce881c14fa6875164e3732bb27514693c9679dc7b94ff599cbe,180000,900.0,3.93441129,0.334424973,0.791320145,1.01319087,0.951117039,1.00298357,0.0619124062,0.236197725,0.000108530461
stationary_pmstokes_H8_500_L202_839_A_30_00_P72_00,307,1009,1901,OU_III,95293b7f2439a0a75235080db0f5d78aa093bbd18b1155717c78ee948b763740,180000,900.0,3.92367983,0.333512783,0.763421357,0.155358344,0.25527969,1.09877312,0.035855636,0.0472483337,0.000113515758
stationary_pmstokes_H8_500_L202_839_A_30_00_P72_00,307,1009,1901,TFG,95293b7f2439a0a75235080db0f5d78aa093bbd18b1155717c78ee948b763740,180000,900.0,3.89200997,0.330820858,0.79410553,0.320130438,0.961712241,2.87938023,0.0656507388,0.1732416,0.000110829926
nonstationary_H1_5_to_H4_0_Tp5_7_to_11_4,11,101,1009,OU_III,c726220bacff5d15120a010b80bd876f843befa45a3f851b7fed625b8dc59b33,180000,900.0,4.81641388,0.192656562,0.404097944,0.352939993,0.533807278,4.63608646,0.036198847,0.108997717,0.000143230136
nonstationary_H1_5_to_H4_0_Tp5_7_to_11_4,11,101,1009,TFG,c726220bacff5d15120a010b80bd876f843befa45a3f851b7fed625b8dc59b33,180000,900.0,4.79399824,0.191759929,0.412935734,0.251934797,0.460537255,4.14496326,0.0321235061,0.0890974402,0.000103655366
nonstationary_H1_5_to_H4_0_Tp5_7_to_11_4,29,211,1103,OU_III,ac0589f63558f8a9d5089e85f8d63def392f341fb199a901ba1f51ee77176ea4,180000,900.0,4.68631744,0.187452689,0.40819332,0.0901759341,0.247491091,1.34519112,0.0219539832,0.0443666838,0.0001180498
nonstationary_H1_5_to_H4_0_Tp5_7_to_11_4,29,211,1103,TFG,ac0589f63558f8a9d5089e85f8d63def392f341fb199a901ba1f51ee77176ea4,180000,900.0,4.64582729,0.185833097,0.415681183,0.153557956,0.292626321,1.43772626,0.021237554,0.0557637066,0.000100354875
nonstationary_H1_5_to_H4_0_Tp5_7_to_11_4,47,307,1201,OU_III,07a5233eacfc8a988186d081553b2296044e05d629cd5604e4fc696a49cea322,180000,900.0,4.63594866,0.185437948,0.399781793,0.336532712,0.0977819413,1.20995617,0.0239966866,0.0582399778,0.000115633629
nonstationary_H1_5_to_H4_0_Tp5_7_to_11_4,47,307,1201,TFG,07a5233eacfc8a988186d081553b2296044e05d629cd5604e4fc696a49cea322,180000,900.0,4.6413908,0.185655639,0.401005,0.339257628,0.0779426917,1.33650899,0.023688551,0.0579134114,0.000106746236
nonstationary_H1_5_to_H4_0_Tp5_7_to_11_4,71,401,1301,OU_III,62ee98d37346257e8139ecd479bbc9a9d87b0cacad9fec3c27a611f453e14320,180000,900.0,4.74791241,0.189916492,0.407216936,0.149576068,0.254503012,0.729247093,0.0216557309,0.0491312481,0.000113203561
nonstationary_H1_5_to_H4_0_Tp5_7_to_11_4,71,401,1301,TFG,62ee98d37346257e8139ecd479bbc9a9d87b0cacad9fec3c27a611f453e14320,180000,900.0,4.7823534,0.191294134,0.416011244,0.140659392,0.210866541,0.849535346,0.0215959586,0.0415496118,9.5807467e-05
nonstationary_H1_5_to_H4_0_Tp5_7_to_11_4,97,503,1409,OU_III,f27a4d8ac5306415a128586d7aa6b817a8618b0e8a3a6c3d211f51e86cde0763,180000,900.0,4.541574,0.181662962,0.393342137,0.090630196,0.141943336,2.78518486,0.026468562,0.0260563679,0.000140506076
nonstationary_H1_5_to_H4_0_Tp5_7_to_11_4,97,503,1409,TFG,f27a4d8ac5306415a128586d7aa6b817a8618b0e8a3a6c3d211f51e86cde0763,180000,900.0,4.52824879,0.181129947,0.394156337,0.100483477,0.0991203785,2.50825453,0.0246433616,0.021730816,9.97877287e-05
nonstationary_H1_5_to_H4_0_Tp5_7_to_11_4,131,601,1511,OU_III,8dbec07a51c99e3aa9e2718fa2eb8288749d93f50512279e761e2d793df50bd9,180000,900.0,4.88057518,0.195223004,0.409809411,0.218228534,0.333309203,0.794033229,0.0234513786,0.067774415,0.000108079767
nonstationary_H1_5_to_H4_0_Tp5_7_to_11_4,131,601,1511,TFG,8dbec07a51c99e3aa9e2718fa2eb8288749d93f50512279e761e2d793df50bd9,180000,900.0,4.85183096,0.194073245,0.414728224,0.25369522,0.237136751,0.333952069,0.022091154,0.0590439551,9.97321258e-05
nonstationary_H1_5_to_H4_0_Tp5_7_to_11_4,173,701,1601,OU_III,eff43c1e35faadfba4d0e3e0ab949b63990659a5639eb74fc0a8a9a15c5bdd75,180000,900.0,4.84397793,0.193759114,0.402729005,0.157512099,0.142594278,1.72558475,0.0238673929,0.0339275151,0.000134826725
nonstationary_H1_5_to_H4_0_Tp5_7_to_11_4,173,701,1601,TFG,eff43c1e35faadfba4d0e3e0ab949b63990659a5639eb74fc0a8a9a15c5bdd75,180000,900.0,4.82145452,0.192858174,0.408336073,0.147244126,0.155336186,1.767694,0.0230648946,0.0341332667,0.000123941412
nonstationary_H1_5_to_H4_0_Tp5_7_to_11_4,211,809,1709,OU_III,77812a18f5dbfe338fe6f4be4d9ba4ea02d3c08b1eb9c3edbcc6c6f093bfec75,180000,900.0,4.62241697,0.184896678,0.381254166,0.697635651,0.369377404,2.54819798,0.0299836937,0.133114532,0.000124485377
nonstationary_H1_5_to_H4_0_Tp5_7_to_11_4,211,809,1709,TFG,77812a18f5dbfe338fe6f4be4d9ba4ea02d3c08b1eb9c3edbcc6c6f093bfec75,180000,900.0,4.66801548,0.18672061,0.393705368,0.813076138,0.258803695,2.16473389,0.0294452254,0.142483458,9.34838463e-05
nonstationary_H1_5_to_H4_0_Tp5_7_to_11_4,257,907,1801,OU_III,2c2c21c273fbe3e03e3000912710e7bcf399510265c331c71f30f7f08b925a92,180000,900.0,4.70955467,0.188382179,0.402608693,0.131074578,0.24671568,2.11447477,0.0246809572,0.0469298698,0.000124746628
nonstationary_H1_5_to_H4_0_Tp5_7_to_11_4,257,907,1801,TFG,2c2c21c273fbe3e03e3000912710e7bcf399510265c331c71f30f7f08b925a92,180000,900.0,4.73592186,0.189436868,0.410625577,0.244096667,0.361411124,2.69203258,0.0270137545,0.0743421316,0.000112448033
nonstationary_H1_5_to_H4_0_Tp5_7_to_11_4,307,1009,1901,OU_III,2fbbc21c39a85d54d037214573eecedfab57e2273e2e3d10bcfbde55a080195a,180000,900.0,4.56891298,0.182756528,0.397515923,0.309191734,0.228099957,1.72132945,0.0243273694,0.0659209415,0.000104368301
nonstationary_H1_5_to_H4_0_Tp5_7_to_11_4,307,1009,1901,TFG,2fbbc21c39a85d54d037214573eecedfab57e2273e2e3d10bcfbde55a080195a,180000,900.0,4.57070971,0.182828397,0.408918709,0.47543487,0.388793468,2.26242256,0.0266740825,0.105079114,0.000109430577
