c_sigma,c_J,family,hs_m,record,z_rms_m,z_pct_hs,rms_3d_m,roll_deg,pitch_deg,yaw_deg,rs_applied,tau_applied,sigma_applied
0.6,0.03,JONSWAP,0.27,wave_data_jonswap_H0.270_L14.047_A30.00_P60.00.csv,0.0122253,4.52788,0.0274849,0.236774,0.13437,1.04742,0.150005,1.28051,0.239768
0.6,0.03,JONSWAP,1.5,wave_data_jonswap_H1.500_L50.710_A-30.00_P120.00.csv,0.0686848,4.57899,0.157876,0.191124,0.0888601,1.13125,0.854823,2.18038,0.486753
0.6,0.03,JONSWAP,4.0,wave_data_jonswap_H4.000_L112.766_A30.00_P30.00.csv,0.179868,4.4967,0.446689,0.387789,0.100676,0.489411,4.93473,3.58993,0.749303
0.6,0.03,JONSWAP,8.5,wave_data_jonswap_H8.500_L202.839_A-30.00_P72.00.csv,0.361802,4.25649,0.979157,0.31358,0.112056,0.608486,9.79143,4.22171,0.947487
0.6,0.03,PM-Stokes,0.27,wave_data_pmstokes_H0.270_L14.047_A30.00_P60.00.csv,0.0120254,4.45384,0.0264199,0.226563,0.144179,0.619464,0.150005,1.17236,0.257598
0.6,0.03,PM-Stokes,1.5,wave_data_pmstokes_H1.500_L50.710_A-30.00_P120.00.csv,0.0684195,4.5613,0.146891,0.211515,0.147439,0.919348,0.764212,2.04464,0.526747
0.6,0.03,PM-Stokes,4.0,wave_data_pmstokes_H4.000_L112.766_A30.00_P30.00.csv,0.179533,4.48833,0.411248,0.353735,0.167414,0.558562,3.61586,3.29004,0.750996
0.6,0.03,PM-Stokes,8.5,wave_data_pmstokes_H8.500_L202.839_A-30.00_P72.00.csv,0.377661,4.44307,0.898066,0.277688,0.136991,0.379131,8.72183,4.10091,0.997636
0.6,0.038,JONSWAP,0.27,wave_data_jonswap_H0.270_L14.047_A30.00_P60.00.csv,0.0122186,4.52541,0.0275022,0.236873,0.133819,1.04612,0.150006,1.28051,0.239768
0.6,0.038,JONSWAP,1.5,wave_data_jonswap_H1.500_L50.710_A-30.00_P120.00.csv,0.0645574,4.30383,0.156528,0.192127,0.0867002,1.12828,1.08278,2.18038,0.486753
0.6,0.038,JONSWAP,4.0,wave_data_jonswap_H4.000_L112.766_A30.00_P30.00.csv,0.170053,4.25133,0.445713,0.389894,0.0996352,0.49825,6.25065,3.58993,0.749303
0.6,0.038,JONSWAP,8.5,wave_data_jonswap_H8.500_L202.839_A-30.00_P72.00.csv,0.337999,3.97646,0.992285,0.315422,0.110066,0.60964,12.4024,4.22171,0.947487
0.6,0.038,PM-Stokes,0.27,wave_data_pmstokes_H0.270_L14.047_A30.00_P60.00.csv,0.0120269,4.45442,0.0264303,0.226564,0.144193,0.619509,0.150005,1.17236,0.257598
0.6,0.038,PM-Stokes,1.5,wave_data_pmstokes_H1.500_L50.710_A-30.00_P120.00.csv,0.0633973,4.22649,0.143169,0.212267,0.145695,0.917764,0.968003,2.04464,0.526747
0.6,0.038,PM-Stokes,4.0,wave_data_pmstokes_H4.000_L112.766_A30.00_P30.00.csv,0.166904,4.17261,0.405304,0.355763,0.163108,0.562266,4.58008,3.29004,0.750996
0.6,0.038,PM-Stokes,8.5,wave_data_pmstokes_H8.500_L202.839_A-30.00_P72.00.csv,0.35141,4.13424,0.89954,0.27842,0.136697,0.39029,11.0477,4.10091,0.997636
0.6,0.046,JONSWAP,0.27,wave_data_jonswap_H0.270_L14.047_A30.00_P60.00.csv,0.0121772,4.51008,0.0277119,0.237045,0.133194,1.04476,0.152224,1.28051,0.239768
0.6,0.046,JONSWAP,1.5,wave_data_jonswap_H1.500_L50.710_A-30.00_P120.00.csv,0.0628442,4.18962,0.159602,0.193045,0.0852041,1.12573,1.31073,2.18038,0.486753
0.6,0.046,JONSWAP,4.0,wave_data_jonswap_H4.000_L112.766_A30.00_P30.00.csv,0.166023,4.15057,0.456443,0.391626,0.0994093,0.505325,7.56658,3.58993,0.749303
0.6,0.046,JONSWAP,8.5,wave_data_jonswap_H8.500_L202.839_A-30.00_P72.00.csv,0.325611,3.83072,1.02811,0.317085,0.108899,0.610422,15.0135,4.22171,0.947487
0.6,0.046,PM-Stokes,0.27,wave_data_pmstokes_H0.270_L14.047_A30.00_P60.00.csv,0.0120401,4.45928,0.0265737,0.226655,0.144026,0.619242,0.150053,1.17236,0.257598
0.6,0.046,PM-Stokes,1.5,wave_data_pmstokes_H1.500_L50.710_A-30.00_P120.00.csv,0.0607966,4.05311,0.144208,0.213028,0.144243,0.915942,1.17179,2.04464,0.526747
0.6,0.046,PM-Stokes,4.0,wave_data_pmstokes_H4.000_L112.766_A30.00_P30.00.csv,0.160343,4.00858,0.412319,0.357196,0.160762,0.563961,5.54431,3.29004,0.750996
0.6,0.046,PM-Stokes,8.5,wave_data_pmstokes_H8.500_L202.839_A-30.00_P72.00.csv,0.336154,3.95475,0.92745,0.279482,0.135721,0.397168,13.3735,4.10091,0.997636
0.6,0.0538,JONSWAP,0.27,wave_data_jonswap_H0.270_L14.047_A30.00_P60.00.csv,0.0121664,4.50607,0.0283421,0.237301,0.132607,1.0437,0.16465,1.28051,0.239768
0.6,0.0538,JONSWAP,1.5,wave_data_jonswap_H1.500_L50.710_A-30.00_P120.00.csv,0.0625864,4.17243,0.165072,0.193858,0.0841531,1.12374,1.53298,2.18038,0.486753
0.6,0.0538,JONSWAP,4.0,wave_data_jonswap_H4.000_L112.766_A30.00_P30.00.csv,0.165362,4.13405,0.473344,0.393063,0.0995387,0.510915,8.8496,3.58993,0.749303
0.6,0.0538,JONSWAP,8.5,wave_data_jonswap_H8.500_L202.839_A-30.00_P72.00.csv,0.320353,3.76886,1.07523,0.318544,0.108189,0.610786,17.5593,4.22171,0.947487
0.6,0.0538,PM-Stokes,0.27,wave_data_pmstokes_H0.270_L14.047_A30.00_P60.00.csv,0.0120492,4.46266,0.0270848,0.226832,0.143796,0.619205,0.152396,1.17236,0.257598
0.6,0.0538,PM-Stokes,1.5,wave_data_pmstokes_H1.500_L50.710_A-30.00_P120.00.csv,0.0596942,3.97962,0.147942,0.213726,0.143051,0.914262,1.37049,2.04464,0.526747
0.6,0.0538,PM-Stokes,4.0,wave_data_pmstokes_H4.000_L112.766_A30.00_P30.00.csv,0.157477,3.93692,0.42641,0.358294,0.159406,0.564672,6.48443,3.29004,0.750996
0.6,0.0538,PM-Stokes,8.5,wave_data_pmstokes_H8.500_L202.839_A-30.00_P72.00.csv,0.327523,3.85321,0.969116,0.280644,0.13437,0.401295,15.6412,4.10091,0.997636
0.6,0.062,JONSWAP,0.27,wave_data_jonswap_H0.270_L14.047_A30.00_P60.00.csv,0.0122533,4.53824,0.0293527,0.237587,0.131953,1.04261,0.185677,1.28051,0.239768
0.6,0.062,JONSWAP,1.5,wave_data_jonswap_H1.500_L50.710_A-30.00_P120.00.csv,0.0632789,4.21859,0.172406,0.194626,0.0833396,1.12213,1.76664,2.18038,0.486753
0.6,0.062,JONSWAP,4.0,wave_data_jonswap_H4.000_L112.766_A30.00_P30.00.csv,0.16681,4.17024,0.4952,0.394367,0.0998833,0.51591,10.1984,3.58993,0.749303
0.6,0.062,JONSWAP,8.5,wave_data_jonswap_H8.500_L202.839_A-30.00_P72.00.csv,0.31963,3.76035,1.13223,0.319935,0.1077,0.610784,20.2355,4.22171,0.947487
0.6,0.062,PM-Stokes,0.27,wave_data_pmstokes_H0.270_L14.047_A30.00_P60.00.csv,0.012086,4.47629,0.0279184,0.227058,0.143361,0.618805,0.168093,1.17236,0.257598
0.6,0.062,PM-Stokes,1.5,wave_data_pmstokes_H1.500_L50.710_A-30.00_P120.00.csv,0.0595331,3.96887,0.153652,0.214406,0.142005,0.912693,1.57937,2.04464,0.526747
0.6,0.062,PM-Stokes,4.0,wave_data_pmstokes_H4.000_L112.766_A30.00_P30.00.csv,0.156867,3.92169,0.445801,0.359252,0.158508,0.564898,7.47277,3.29004,0.750996
0.6,0.062,PM-Stokes,8.5,wave_data_pmstokes_H8.500_L202.839_A-30.00_P72.00.csv,0.322762,3.7972,1.02183,0.281886,0.132764,0.403972,18.0251,4.10091,0.997636
0.6,0.072,JONSWAP,0.27,wave_data_jonswap_H0.270_L14.047_A30.00_P60.00.csv,0.012497,4.6285,0.0308699,0.237934,0.131165,1.04131,0.215173,1.28051,0.239768
0.6,0.072,JONSWAP,1.5,wave_data_jonswap_H1.500_L50.710_A-30.00_P120.00.csv,0.0649828,4.33219,0.182662,0.195478,0.0826092,1.12058,2.05158,2.18038,0.486753
0.6,0.072,JONSWAP,4.0,wave_data_jonswap_H4.000_L112.766_A30.00_P30.00.csv,0.170417,4.26043,0.525181,0.395751,0.100438,0.520907,11.8433,3.58993,0.749303
0.6,0.072,JONSWAP,8.5,wave_data_jonswap_H8.500_L202.839_A-30.00_P72.00.csv,0.323183,3.80216,1.20748,0.321482,0.107284,0.610135,23.4994,4.22171,0.947487
0.6,0.072,PM-Stokes,0.27,wave_data_pmstokes_H0.270_L14.047_A30.00_P60.00.csv,0.0122469,4.53591,0.0292416,0.227374,0.142704,0.618013,0.190317,1.17236,0.257598
0.6,0.072,PM-Stokes,1.5,wave_data_pmstokes_H1.500_L50.710_A-30.00_P120.00.csv,0.0602518,4.01678,0.162126,0.215163,0.140968,0.911122,1.83411,2.04464,0.526747
0.6,0.072,PM-Stokes,4.0,wave_data_pmstokes_H4.000_L112.766_A30.00_P30.00.csv,0.158276,3.95691,0.47319,0.360252,0.157808,0.565,8.67807,3.29004,0.750996
0.6,0.072,PM-Stokes,8.5,wave_data_pmstokes_H8.500_L202.839_A-30.00_P72.00.csv,0.321074,3.77734,1.0931,0.283385,0.130714,0.405668,20.9324,4.10091,0.997636
0.6,0.085,JONSWAP,0.27,wave_data_jonswap_H0.270_L14.047_A30.00_P60.00.csv,0.0129933,4.81235,0.0331113,0.238379,0.130149,1.03957,0.253783,1.28051,0.239768
0.6,0.085,JONSWAP,1.5,wave_data_jonswap_H1.500_L50.710_A-30.00_P120.00.csv,0.0680426,4.53617,0.197162,0.196461,0.0819576,1.11914,2.422,2.18038,0.486753
0.6,0.085,JONSWAP,4.0,wave_data_jonswap_H4.000_L112.766_A30.00_P30.00.csv,0.176837,4.42092,0.566962,0.397288,0.101237,0.526055,13.9817,3.58993,0.749303
0.6,0.085,JONSWAP,8.5,wave_data_jonswap_H8.500_L202.839_A-30.00_P72.00.csv,0.332336,3.90984,1.30993,0.323281,0.106938,0.608646,27.7424,4.22171,0.947487
0.6,0.085,PM-Stokes,0.27,wave_data_pmstokes_H0.270_L14.047_A30.00_P60.00.csv,0.0126359,4.67996,0.0312567,0.227791,0.141792,0.616738,0.22064,1.17236,0.257598
0.6,0.085,PM-Stokes,1.5,wave_data_pmstokes_H1.500_L50.710_A-30.00_P120.00.csv,0.0621377,4.14251,0.174541,0.216033,0.139954,0.909653,2.16527,2.04464,0.526747
0.6,0.085,PM-Stokes,4.0,wave_data_pmstokes_H4.000_L112.766_A30.00_P30.00.csv,0.162287,4.05718,0.512019,0.361397,0.157136,0.565116,10.2449,3.29004,0.750996
0.6,0.085,PM-Stokes,8.5,wave_data_pmstokes_H8.500_L202.839_A-30.00_P72.00.csv,0.323736,3.80866,1.19143,0.285241,0.128079,0.40626,24.7119,4.10091,0.997636
0.6,0.1,JONSWAP,0.27,wave_data_jonswap_H0.270_L14.047_A30.00_P60.00.csv,0.0137143,5.07937,0.0358798,0.23886,0.129062,1.03766,0.298447,1.28051,0.239768
0.6,0.1,JONSWAP,1.5,wave_data_jonswap_H1.500_L50.710_A-30.00_P120.00.csv,0.0722213,4.81475,0.214638,0.197474,0.0814222,1.11787,2.84941,2.18038,0.486753
0.6,0.1,JONSWAP,4.0,wave_data_jonswap_H4.000_L112.766_A30.00_P30.00.csv,0.18553,4.63826,0.616886,0.398786,0.102194,0.530651,16.4491,3.58993,0.749303
0.6,0.1,JONSWAP,8.5,wave_data_jonswap_H8.500_L202.839_A-30.00_P72.00.csv,0.346376,4.07501,1.43019,0.325142,0.106663,0.606219,32.6381,4.22171,0.947487
0.6,0.1,PM-Stokes,0.27,wave_data_pmstokes_H0.270_L14.047_A30.00_P60.00.csv,0.0132485,4.90684,0.033795,0.228256,0.140737,0.615133,0.257247,1.17236,0.257598
0.6,0.1,PM-Stokes,1.5,wave_data_pmstokes_H1.500_L50.710_A-30.00_P120.00.csv,0.0650975,4.33983,0.189841,0.216918,0.1391,0.908501,2.54737,2.04464,0.526747
0.6,0.1,PM-Stokes,4.0,wave_data_pmstokes_H4.000_L112.766_A30.00_P30.00.csv,0.168685,4.21712,0.558814,0.362592,0.156446,0.565579,12.0528,3.29004,0.750996
0.6,0.1,PM-Stokes,8.5,wave_data_pmstokes_H8.500_L202.839_A-30.00_P72.00.csv,0.331673,3.90204,1.30784,0.287247,0.125258,0.40563,29.0727,4.10091,0.997636
0.9,0.03,JONSWAP,0.27,wave_data_jonswap_H0.270_L14.047_A30.00_P60.00.csv,0.012293,4.55296,0.027515,0.226424,0.174268,1.13797,0.150005,1.28051,0.359651
0.9,0.03,JONSWAP,1.5,wave_data_jonswap_H1.500_L50.710_A-30.00_P120.00.csv,0.0695298,4.63532,0.158405,0.184006,0.134199,1.27078,0.854823,2.18038,0.730129
0.9,0.03,JONSWAP,4.0,wave_data_jonswap_H4.000_L112.766_A30.00_P30.00.csv,0.181972,4.5493,0.447437,0.35645,0.139793,0.293411,4.93473,3.58993,1.12395
0.9,0.03,JONSWAP,8.5,wave_data_jonswap_H8.500_L202.839_A-30.00_P72.00.csv,0.364858,4.29244,0.979593,0.305102,0.154696,0.751249,9.79143,4.22171,1.42123
0.9,0.03,PM-Stokes,0.27,wave_data_pmstokes_H0.270_L14.047_A30.00_P60.00.csv,0.0121089,4.48479,0.0264626,0.217758,0.177334,0.7049,0.150005,1.17236,0.386398
0.9,0.03,PM-Stokes,1.5,wave_data_pmstokes_H1.500_L50.710_A-30.00_P120.00.csv,0.0694396,4.62931,0.147667,0.208393,0.171022,0.978552,0.764212,2.04464,0.79012
0.9,0.03,PM-Stokes,4.0,wave_data_pmstokes_H4.000_L112.766_A30.00_P30.00.csv,0.181687,4.54217,0.412317,0.344551,0.201915,0.489415,3.61586,3.29004,1.12649
0.9,0.03,PM-Stokes,8.5,wave_data_pmstokes_H8.500_L202.839_A-30.00_P72.00.csv,0.382411,4.49895,0.899102,0.269413,0.17862,0.486613,8.72183,4.10091,1.49645
0.9,0.038,JONSWAP,0.27,wave_data_jonswap_H0.270_L14.047_A30.00_P60.00.csv,0.0122845,4.54982,0.0275308,0.226513,0.173765,1.13677,0.150006,1.28051,0.359651
0.9,0.038,JONSWAP,1.5,wave_data_jonswap_H1.500_L50.710_A-30.00_P120.00.csv,0.065194,4.34627,0.156802,0.184951,0.132319,1.26864,1.08278,2.18038,0.730129
0.9,0.038,JONSWAP,4.0,wave_data_jonswap_H4.000_L112.766_A30.00_P30.00.csv,0.171661,4.29152,0.445597,0.358132,0.135888,0.297205,6.25065,3.58993,1.12395
0.9,0.038,JONSWAP,8.5,wave_data_jonswap_H8.500_L202.839_A-30.00_P72.00.csv,0.340339,4.00398,0.991324,0.306888,0.152402,0.752901,12.4024,4.22171,1.42123
0.9,0.038,PM-Stokes,0.27,wave_data_pmstokes_H0.270_L14.047_A30.00_P60.00.csv,0.0121105,4.48536,0.0264729,0.217756,0.177371,0.704987,0.150005,1.17236,0.386398
0.9,0.038,PM-Stokes,1.5,wave_data_pmstokes_H1.500_L50.710_A-30.00_P120.00.csv,0.0641567,4.27711,0.143674,0.209118,0.169489,0.977362,0.968003,2.04464,0.79012
0.9,0.038,PM-Stokes,4.0,wave_data_pmstokes_H4.000_L112.766_A30.00_P30.00.csv,0.1686,4.215,0.405668,0.346459,0.197981,0.492092,4.58008,3.29004,1.12649
0.9,0.038,PM-Stokes,8.5,wave_data_pmstokes_H8.500_L202.839_A-30.00_P72.00.csv,0.355856,4.18654,0.89879,0.269935,0.180436,0.500743,11.0477,4.10091,1.49645
0.9,0.046,JONSWAP,0.27,wave_data_jonswap_H0.270_L14.047_A30.00_P60.00.csv,0.0122335,4.53093,0.0277324,0.226681,0.173195,1.13554,0.152224,1.28051,0.359651
0.9,0.046,JONSWAP,1.5,wave_data_jonswap_H1.500_L50.710_A-30.00_P120.00.csv,0.0633307,4.22205,0.159687,0.18583,0.130874,1.26668,1.31073,2.18038,0.730129
0.9,0.046,JONSWAP,4.0,wave_data_jonswap_H4.000_L112.766_A30.00_P30.00.csv,0.167262,4.18155,0.455582,0.359577,0.132998,0.300402,7.56658,3.58993,1.12395
0.9,0.046,JONSWAP,8.5,wave_data_jonswap_H8.500_L202.839_A-30.00_P72.00.csv,0.327403,3.8518,1.0259,0.308517,0.15081,0.754013,15.0135,4.22171,1.42123
0.9,0.046,PM-Stokes,0.27,wave_data_pmstokes_H0.270_L14.047_A30.00_P60.00.csv,0.0121205,4.48908,0.0266127,0.217838,0.177264,0.704858,0.150053,1.17236,0.386398
0.9,0.046,PM-Stokes,1.5,wave_data_pmstokes_H1.500_L50.710_A-30.00_P120.00.csv,0.0613691,4.09127,0.144519,0.209842,0.168239,0.97601,1.17179,2.04464,0.79012
0.9,0.046,PM-Stokes,4.0,wave_data_pmstokes_H4.000_L112.766_A30.00_P30.00.csv,0.161737,4.04343,0.412112,0.347778,0.195987,0.493151,5.54431,3.29004,1.12649
0.9,0.046,PM-Stokes,8.5,wave_data_pmstokes_H8.500_L202.839_A-30.00_P72.00.csv,0.340518,4.0061,0.925074,0.270816,0.18098,0.509593,13.3735,4.10091,1.49645
0.9,0.0538,JONSWAP,0.27,wave_data_jonswap_H0.270_L14.047_A30.00_P60.00.csv,0.0122078,4.52141,0.0283483,0.226935,0.172642,1.13451,0.16465,1.28051,0.359651
0.9,0.0538,JONSWAP,1.5,wave_data_jonswap_H1.500_L50.710_A-30.00_P120.00.csv,0.0629639,4.1976,0.165004,0.186616,0.129755,1.26508,1.53298,2.18038,0.730129
0.9,0.0538,JONSWAP,4.0,wave_data_jonswap_H4.000_L112.766_A30.00_P30.00.csv,0.166314,4.15785,0.471824,0.360818,0.130778,0.303065,8.8496,3.58993,1.12395
0.9,0.0538,JONSWAP,8.5,wave_data_jonswap_H8.500_L202.839_A-30.00_P72.00.csv,0.32168,3.78447,1.07193,0.30995,0.149702,0.754769,17.5593,4.22171,1.42123
0.9,0.0538,PM-Stokes,0.27,wave_data_pmstokes_H0.270_L14.047_A30.00_P60.00.csv,0.0121155,4.48723,0.02711,0.218011,0.177094,0.704893,0.152396,1.17236,0.386398
0.9,0.0538,PM-Stokes,1.5,wave_data_pmstokes_H1.500_L50.710_A-30.00_P120.00.csv,0.0601281,4.00854,0.148108,0.210521,0.167161,0.974615,1.37049,2.04464,0.79012
0.9,0.0538,PM-Stokes,4.0,wave_data_pmstokes_H4.000_L112.766_A30.00_P30.00.csv,0.158666,3.96665,0.425739,0.348774,0.194902,0.493365,6.48443,3.29004,1.12649
0.9,0.0538,PM-Stokes,8.5,wave_data_pmstokes_H8.500_L202.839_A-30.00_P72.00.csv,0.331921,3.90496,0.965206,0.27183,0.180651,0.514842,15.6412,4.10091,1.49645
0.9,0.062,JONSWAP,0.27,wave_data_jonswap_H0.270_L14.047_A30.00_P60.00.csv,0.0122773,4.54716,0.0293415,0.227219,0.172044,1.13353,0.185677,1.28051,0.359651
0.9,0.062,JONSWAP,1.5,wave_data_jonswap_H1.500_L50.710_A-30.00_P120.00.csv,0.0635681,4.23787,0.172209,0.187367,0.128827,1.26377,1.76664,2.18038,0.730129
0.9,0.062,JONSWAP,4.0,wave_data_jonswap_H4.000_L112.766_A30.00_P30.00.csv,0.167527,4.18818,0.493038,0.361962,0.128926,0.305468,10.1984,3.58993,1.12395
0.9,0.062,JONSWAP,8.5,wave_data_jonswap_H8.500_L202.839_A-30.00_P72.00.csv,0.320532,3.77096,1.12781,0.311309,0.148828,0.755264,20.2355,4.22171,1.42123
0.9,0.062,PM-Stokes,0.27,wave_data_pmstokes_H0.270_L14.047_A30.00_P60.00.csv,0.0121338,4.49399,0.0279248,0.218238,0.176714,0.704588,0.168093,1.17236,0.386398
0.9,0.062,PM-Stokes,1.5,wave_data_pmstokes_H1.500_L50.710_A-30.00_P120.00.csv,0.0598519,3.99013,0.153702,0.211177,0.166224,0.973355,1.57937,2.04464,0.79012
0.9,0.062,PM-Stokes,4.0,wave_data_pmstokes_H4.000_L112.766_A30.00_P30.00.csv,0.157897,3.94743,0.444705,0.349647,0.194217,0.493267,7.47277,3.29004,1.12649
0.9,0.062,PM-Stokes,8.5,wave_data_pmstokes_H8.500_L202.839_A-30.00_P72.00.csv,0.327215,3.84959,1.01638,0.272938,0.179864,0.518292,18.0251,4.10091,1.49645
0.9,0.072,JONSWAP,0.27,wave_data_jonswap_H0.270_L14.047_A30.00_P60.00.csv,0.0125013,4.63013,0.0308402,0.227566,0.171282,1.13225,0.215173,1.28051,0.359651
0.9,0.072,JONSWAP,1.5,wave_data_jonswap_H1.500_L50.710_A-30.00_P120.00.csv,0.0651911,4.34607,0.182328,0.188195,0.127949,1.26255,2.05158,2.18038,0.730129
0.9,0.072,JONSWAP,4.0,wave_data_jonswap_H4.000_L112.766_A30.00_P30.00.csv,0.170891,4.27228,0.522307,0.363203,0.127114,0.308027,11.8433,3.58993,1.12395
0.9,0.072,JONSWAP,8.5,wave_data_jonswap_H8.500_L202.839_A-30.00_P72.00.csv,0.323657,3.80772,1.20176,0.312806,0.147983,0.755439,23.4994,4.22171,1.42123
0.9,0.072,PM-Stokes,0.27,wave_data_pmstokes_H0.270_L14.047_A30.00_P60.00.csv,0.0122728,4.54548,0.0292258,0.218549,0.176094,0.703864,0.190317,1.17236,0.386398
0.9,0.072,PM-Stokes,1.5,wave_data_pmstokes_H1.500_L50.710_A-30.00_P120.00.csv,0.0604608,4.03072,0.162059,0.211913,0.165276,0.972093,1.83411,2.04464,0.79012
0.9,0.072,PM-Stokes,4.0,wave_data_pmstokes_H4.000_L112.766_A30.00_P30.00.csv,0.159163,3.97908,0.471662,0.350553,0.193737,0.492933,8.67807,3.29004,1.12649
0.9,0.072,PM-Stokes,8.5,wave_data_pmstokes_H8.500_L202.839_A-30.00_P72.00.csv,0.325556,3.83008,1.08577,0.274306,0.178457,0.520427,20.9324,4.10091,1.49645
0.9,0.085,JONSWAP,0.27,wave_data_jonswap_H0.270_L14.047_A30.00_P60.00.csv,0.0129764,4.80606,0.0330618,0.228007,0.170316,1.13057,0.253783,1.28051,0.359651
0.9,0.085,JONSWAP,1.5,wave_data_jonswap_H1.500_L50.710_A-30.00_P120.00.csv,0.0681767,4.54511,0.196678,0.18917,0.127039,1.26129,2.422,2.18038,0.730129
0.9,0.085,JONSWAP,4.0,wave_data_jonswap_H4.000_L112.766_A30.00_P30.00.csv,0.177075,4.42687,0.563269,0.364598,0.125346,0.310665,13.9817,3.58993,1.12395
0.9,0.085,JONSWAP,8.5,wave_data_jonswap_H8.500_L202.839_A-30.00_P72.00.csv,0.332363,3.91015,1.30258,0.314542,0.147134,0.75513,27.7424,4.22171,1.42123
0.9,0.085,PM-Stokes,0.27,wave_data_pmstokes_H0.270_L14.047_A30.00_P60.00.csv,0.0126388,4.68105,0.0312183,0.21897,0.175233,0.702685,0.22064,1.17236,0.386398
0.9,0.085,PM-Stokes,1.5,wave_data_pmstokes_H1.500_L50.710_A-30.00_P120.00.csv,0.06224,4.14934,0.174364,0.212767,0.164325,0.970856,2.16527,2.04464,0.79012
0.9,0.085,PM-Stokes,4.0,wave_data_pmstokes_H4.000_L112.766_A30.00_P30.00.csv,0.163056,4.0764,0.509961,0.351585,0.193356,0.492465,10.2449,3.29004,1.12649
0.9,0.085,PM-Stokes,8.5,wave_data_pmstokes_H8.500_L202.839_A-30.00_P72.00.csv,0.328097,3.85997,1.18175,0.276039,0.176283,0.521101,24.7119,4.10091,1.49645
0.9,0.1,JONSWAP,0.27,wave_data_jonswap_H0.270_L14.047_A30.00_P60.00.csv,0.0136778,5.06584,0.0358122,0.228485,0.169249,1.12869,0.298447,1.28051,0.359651
0.9,0.1,JONSWAP,1.5,wave_data_jonswap_H1.500_L50.710_A-30.00_P120.00.csv,0.0722973,4.81982,0.214006,0.190168,0.126243,1.26027,2.84941,2.18038,0.730129
0.9,0.1,JONSWAP,4.0,wave_data_jonswap_H4.000_L112.766_A30.00_P30.00.csv,0.185548,4.6387,0.612254,0.36598,0.123855,0.313095,16.4491,3.58993,1.12395
0.9,0.1,JONSWAP,8.5,wave_data_jonswap_H8.500_L202.839_A-30.00_P72.00.csv,0.346081,4.07154,1.42088,0.316326,0.146307,0.754201,32.6381,4.22171,1.42123
0.9,0.1,PM-Stokes,0.27,wave_data_pmstokes_H0.270_L14.047_A30.00_P60.00.csv,0.0132315,4.90054,0.0337372,0.219433,0.17422,0.70115,0.257247,1.17236,0.386398
0.9,0.1,PM-Stokes,1.5,wave_data_pmstokes_H1.500_L50.710_A-30.00_P120.00.csv,0.0651075,4.3405,0.189557,0.213645,0.163469,0.969804,2.54737,2.04464,0.79012
0.9,0.1,PM-Stokes,4.0,wave_data_pmstokes_H4.000_L112.766_A30.00_P30.00.csv,0.169358,4.23394,0.556183,0.352657,0.192981,0.492186,12.0528,3.29004,1.12649
0.9,0.1,PM-Stokes,8.5,wave_data_pmstokes_H8.500_L202.839_A-30.00_P72.00.csv,0.33568,3.94917,1.29547,0.277925,0.173658,0.520275,29.0727,4.10091,1.49645
1.3,0.03,JONSWAP,0.27,wave_data_jonswap_H0.270_L14.047_A30.00_P60.00.csv,0.0123811,4.58559,0.0275798,0.222692,0.189896,1.17251,0.150005,1.28051,0.519496
1.3,0.03,JONSWAP,1.5,wave_data_jonswap_H1.500_L50.710_A-30.00_P120.00.csv,0.0707459,4.7164,0.159305,0.181247,0.156862,1.32897,0.854823,2.18038,1.05463
1.3,0.03,JONSWAP,4.0,wave_data_jonswap_H4.000_L112.766_A30.00_P30.00.csv,0.184389,4.60974,0.448933,0.342958,0.182462,0.280502,4.93473,3.58993,1.62349
1.3,0.03,JONSWAP,8.5,wave_data_jonswap_H8.500_L202.839_A-30.00_P72.00.csv,0.36869,4.33753,0.981575,0.301502,0.177117,0.814557,9.79143,4.22171,2.05289
1.3,0.03,PM-Stokes,0.27,wave_data_pmstokes_H0.270_L14.047_A30.00_P60.00.csv,0.0122279,4.52886,0.0265581,0.214598,0.190198,0.737499,0.150005,1.17236,0.558131
1.3,0.03,PM-Stokes,1.5,wave_data_pmstokes_H1.500_L50.710_A-30.00_P120.00.csv,0.0711225,4.7415,0.149063,0.207619,0.178726,0.99676,0.764212,2.04464,1.14128
1.3,0.03,PM-Stokes,4.0,wave_data_pmstokes_H4.000_L112.766_A30.00_P30.00.csv,0.18484,4.621,0.414571,0.341366,0.214652,0.467315,3.61586,3.29004,1.62716
1.3,0.03,PM-Stokes,8.5,wave_data_pmstokes_H8.500_L202.839_A-30.00_P72.00.csv,0.387403,4.55768,0.901935,0.266112,0.197494,0.535815,8.72183,4.10091,2.16154
1.3,0.038,JONSWAP,0.27,wave_data_jonswap_H0.270_L14.047_A30.00_P60.00.csv,0.0123702,4.58157,0.0275936,0.222775,0.189428,1.17138,0.150006,1.28051,0.519496
1.3,0.038,JONSWAP,1.5,wave_data_jonswap_H1.500_L50.710_A-30.00_P120.00.csv,0.0660432,4.40288,0.157375,0.182155,0.155223,1.32727,1.08278,2.18038,1.05463
1.3,0.038,JONSWAP,4.0,wave_data_jonswap_H4.000_L112.766_A30.00_P30.00.csv,0.173326,4.33315,0.446346,0.344427,0.179344,0.282311,6.25065,3.58993,1.62349
1.3,0.038,JONSWAP,8.5,wave_data_jonswap_H8.500_L202.839_A-30.00_P72.00.csv,0.343056,4.03596,0.992151,0.303263,0.174781,0.81622,12.4024,4.22171,2.05289
1.3,0.038,PM-Stokes,0.27,wave_data_pmstokes_H0.270_L14.047_A30.00_P60.00.csv,0.0122293,4.52937,0.026568,0.214593,0.19025,0.737634,0.150005,1.17236,0.558131
1.3,0.038,PM-Stokes,1.5,wave_data_pmstokes_H1.500_L50.710_A-30.00_P120.00.csv,0.0653637,4.35758,0.144633,0.208308,0.177343,0.995854,0.968003,2.04464,1.14128
1.3,0.038,PM-Stokes,4.0,wave_data_pmstokes_H4.000_L112.766_A30.00_P30.00.csv,0.170802,4.27004,0.407025,0.343237,0.210823,0.46981,4.58008,3.29004,1.62716
1.3,0.038,PM-Stokes,8.5,wave_data_pmstokes_H8.500_L202.839_A-30.00_P72.00.csv,0.359646,4.23112,0.900126,0.266559,0.200056,0.550716,11.0477,4.10091,2.16154
1.3,0.046,JONSWAP,0.27,wave_data_jonswap_H0.270_L14.047_A30.00_P60.00.csv,0.0123062,4.55786,0.0277845,0.222938,0.188877,1.17017,0.152224,1.28051,0.519496
1.3,0.046,JONSWAP,1.5,wave_data_jonswap_H1.500_L50.710_A-30.00_P120.00.csv,0.0639098,4.26065,0.160025,0.183018,0.153875,1.32554,1.31073,2.18038,1.05463
1.3,0.046,JONSWAP,4.0,wave_data_jonswap_H4.000_L112.766_A30.00_P30.00.csv,0.168398,4.20996,0.455757,0.345723,0.176879,0.283727,7.56658,3.58993,1.62349
1.3,0.046,JONSWAP,8.5,wave_data_jonswap_H8.500_L202.839_A-30.00_P72.00.csv,0.32929,3.874,1.0259,0.304888,0.173085,0.817281,15.0135,4.22171,2.05289
1.3,0.046,PM-Stokes,0.27,wave_data_pmstokes_H0.270_L14.047_A30.00_P60.00.csv,0.0122338,4.53105,0.0267032,0.214671,0.190171,0.737549,0.150053,1.17236,0.558131
1.3,0.046,PM-Stokes,1.5,wave_data_pmstokes_H1.500_L50.710_A-30.00_P120.00.csv,0.0622285,4.14856,0.145178,0.209014,0.176148,0.994621,1.17179,2.04464,1.14128
1.3,0.046,PM-Stokes,4.0,wave_data_pmstokes_H4.000_L112.766_A30.00_P30.00.csv,0.163259,4.08147,0.412851,0.344551,0.208809,0.4709,5.54431,3.29004,1.62716
1.3,0.046,PM-Stokes,8.5,wave_data_pmstokes_H8.500_L202.839_A-30.00_P72.00.csv,0.343613,4.04251,0.925235,0.267352,0.201251,0.560291,13.3735,4.10091,2.16154
1.3,0.0538,JONSWAP,0.27,wave_data_jonswap_H0.270_L14.047_A30.00_P60.00.csv,0.0122597,4.54062,0.0283832,0.223194,0.188354,1.16919,0.16465,1.28051,0.519496
1.3,0.0538,JONSWAP,1.5,wave_data_jonswap_H1.500_L50.710_A-30.00_P120.00.csv,0.0633368,4.22245,0.165178,0.183788,0.152831,1.32411,1.53298,2.18038,1.05463
1.3,0.0538,JONSWAP,4.0,wave_data_jonswap_H4.000_L112.766_A30.00_P30.00.csv,0.167071,4.17678,0.471581,0.346855,0.174918,0.284855,8.8496,3.58993,1.62349
1.3,0.0538,JONSWAP,8.5,wave_data_jonswap_H8.500_L202.839_A-30.00_P72.00.csv,0.322936,3.79925,1.0712,0.306308,0.171893,0.818089,17.5593,4.22171,2.05289
1.3,0.0538,PM-Stokes,0.27,wave_data_pmstokes_H0.270_L14.047_A30.00_P60.00.csv,0.0122063,4.52085,0.0271811,0.214838,0.190049,0.737696,0.152396,1.17236,0.558131
1.3,0.0538,PM-Stokes,1.5,wave_data_pmstokes_H1.500_L50.710_A-30.00_P120.00.csv,0.0607238,4.04825,0.148561,0.209673,0.175152,0.993414,1.37049,2.04464,1.14128
1.3,0.0538,PM-Stokes,4.0,wave_data_pmstokes_H4.000_L112.766_A30.00_P30.00.csv,0.159698,3.99245,0.426004,0.345534,0.207764,0.471145,6.48443,3.29004,1.62716
1.3,0.0538,PM-Stokes,8.5,wave_data_pmstokes_H8.500_L202.839_A-30.00_P72.00.csv,0.334657,3.93714,0.964507,0.268279,0.201495,0.566231,15.6412,4.10091,2.16154
1.3,0.062,JONSWAP,0.27,wave_data_jonswap_H0.270_L14.047_A30.00_P60.00.csv,0.0123045,4.55722,0.0293572,0.223476,0.187765,1.16821,0.185677,1.28051,0.519496
1.3,0.062,JONSWAP,1.5,wave_data_jonswap_H1.500_L50.710_A-30.00_P120.00.csv,0.0637695,4.2513,0.172249,0.18453,0.151942,1.32292,1.76664,2.18038,1.05463
1.3,0.062,JONSWAP,4.0,wave_data_jonswap_H4.000_L112.766_A30.00_P30.00.csv,0.167973,4.19932,0.49243,0.347923,0.173224,0.285913,10.1984,3.58993,1.62349
1.3,0.062,JONSWAP,8.5,wave_data_jonswap_H8.500_L202.839_A-30.00_P72.00.csv,0.321244,3.77934,1.12648,0.30766,0.170929,0.818694,20.2355,4.22171,2.05289
1.3,0.062,PM-Stokes,0.27,wave_data_pmstokes_H0.270_L14.047_A30.00_P60.00.csv,0.0121939,4.51624,0.0279706,0.215067,0.189687,0.737437,0.168093,1.17236,0.558131
1.3,0.062,PM-Stokes,1.5,wave_data_pmstokes_H1.500_L50.710_A-30.00_P120.00.csv,0.0602257,4.01505,0.153989,0.210315,0.174268,0.99231,1.57937,2.04464,1.14128
1.3,0.062,PM-Stokes,4.0,wave_data_pmstokes_H4.000_L112.766_A30.00_P30.00.csv,0.158545,3.96362,0.444634,0.34638,0.207161,0.471033,7.47277,3.29004,1.62716
1.3,0.062,PM-Stokes,8.5,wave_data_pmstokes_H8.500_L202.839_A-30.00_P72.00.csv,0.329743,3.87933,1.01484,0.269329,0.201118,0.570128,18.0251,4.10091,2.16154
1.3,0.072,JONSWAP,0.27,wave_data_jonswap_H0.270_L14.047_A30.00_P60.00.csv,0.0125004,4.62977,0.0308345,0.223825,0.18704,1.167,0.215173,1.28051,0.519496
1.3,0.072,JONSWAP,1.5,wave_data_jonswap_H1.500_L50.710_A-30.00_P120.00.csv,0.0652297,4.34865,0.182238,0.185352,0.151057,1.32174,2.05158,2.18038,1.05463
1.3,0.072,JONSWAP,4.0,wave_data_jonswap_H4.000_L112.766_A30.00_P30.00.csv,0.171063,4.27658,0.521284,0.349083,0.17154,0.286999,11.8433,3.58993,1.62349
1.3,0.072,JONSWAP,8.5,wave_data_jonswap_H8.500_L202.839_A-30.00_P72.00.csv,0.323832,3.80978,1.19976,0.309139,0.170017,0.819079,23.4994,4.22171,2.05289
1.3,0.072,PM-Stokes,0.27,wave_data_pmstokes_H0.270_L14.047_A30.00_P60.00.csv,0.0122962,4.55416,0.0292436,0.215379,0.189098,0.736752,0.190317,1.17236,0.558131
1.3,0.072,PM-Stokes,1.5,wave_data_pmstokes_H1.500_L50.710_A-30.00_P120.00.csv,0.0606177,4.04118,0.162205,0.211042,0.173343,0.991105,1.83411,2.04464,1.14128
1.3,0.072,PM-Stokes,4.0,wave_data_pmstokes_H4.000_L112.766_A30.00_P30.00.csv,0.159462,3.98655,0.471239,0.347258,0.206775,0.470649,8.67807,3.29004,1.62716
1.3,0.072,PM-Stokes,8.5,wave_data_pmstokes_H8.500_L202.839_A-30.00_P72.00.csv,0.327915,3.85782,1.08339,0.270625,0.200147,0.572756,20.9324,4.10091,2.16154
1.3,0.085,JONSWAP,0.27,wave_data_jonswap_H0.270_L14.047_A30.00_P60.00.csv,0.0129455,4.79464,0.0330354,0.224272,0.186071,1.16532,0.253783,1.28051,0.519496
1.3,0.085,JONSWAP,1.5,wave_data_jonswap_H1.500_L50.710_A-30.00_P120.00.csv,0.0680534,4.53689,0.196462,0.186315,0.15016,1.32061,2.422,2.18038,1.05463
1.3,0.085,JONSWAP,4.0,wave_data_jonswap_H4.000_L112.766_A30.00_P30.00.csv,0.177008,4.4252,0.561794,0.350406,0.169834,0.288235,13.9817,3.58993,1.62349
1.3,0.085,JONSWAP,8.5,wave_data_jonswap_H8.500_L202.839_A-30.00_P72.00.csv,0.332017,3.90608,1.29978,0.310858,0.169074,0.819098,27.7424,4.22171,2.05289
1.3,0.085,PM-Stokes,0.27,wave_data_pmstokes_H0.270_L14.047_A30.00_P60.00.csv,0.0126228,4.6751,0.031208,0.215796,0.18826,0.735616,0.22064,1.17236,0.558131
1.3,0.085,PM-Stokes,1.5,wave_data_pmstokes_H1.500_L50.710_A-30.00_P120.00.csv,0.0621771,4.14514,0.174366,0.211894,0.172368,0.989828,2.16527,2.04464,1.14128
1.3,0.085,PM-Stokes,4.0,wave_data_pmstokes_H4.000_L112.766_A30.00_P30.00.csv,0.163041,4.07602,0.509221,0.348245,0.206548,0.470016,10.2449,3.29004,1.62716
1.3,0.085,PM-Stokes,8.5,wave_data_pmstokes_H8.500_L202.839_A-30.00_P72.00.csv,0.330229,3.88505,1.17842,0.272276,0.198448,0.574065,24.7119,4.10091,2.16154
1.3,0.1,JONSWAP,0.27,wave_data_jonswap_H0.270_L14.047_A30.00_P60.00.csv,0.0136206,5.04466,0.0357687,0.224746,0.185042,1.16352,0.298447,1.28051,0.519496
1.3,0.1,JONSWAP,1.5,wave_data_jonswap_H1.500_L50.710_A-30.00_P120.00.csv,0.0720372,4.80248,0.213679,0.187307,0.14934,1.3196,2.84941,2.18038,1.05463
1.3,0.1,JONSWAP,4.0,wave_data_jonswap_H4.000_L112.766_A30.00_P30.00.csv,0.18531,4.63276,0.610381,0.351735,0.168326,0.289382,16.4491,3.58993,1.62349
1.3,0.1,JONSWAP,8.5,wave_data_jonswap_H8.500_L202.839_A-30.00_P72.00.csv,0.345351,4.06296,1.41732,0.312607,0.168206,0.81867,32.6381,4.22171,2.05289
1.3,0.1,PM-Stokes,0.27,wave_data_pmstokes_H0.270_L14.047_A30.00_P60.00.csv,0.0131809,4.88182,0.0337036,0.216259,0.187271,0.7341,0.257247,1.17236,0.558131
1.3,0.1,PM-Stokes,1.5,wave_data_pmstokes_H1.500_L50.710_A-30.00_P120.00.csv,0.0648567,4.32378,0.189446,0.212765,0.171505,0.988781,2.54737,2.04464,1.14128
1.3,0.1,PM-Stokes,4.0,wave_data_pmstokes_H4.000_L112.766_A30.00_P30.00.csv,0.169107,4.22767,0.555123,0.349252,0.206395,0.469413,12.0528,3.29004,1.62716
1.3,0.1,PM-Stokes,8.5,wave_data_pmstokes_H8.500_L202.839_A-30.00_P72.00.csv,0.337458,3.97009,1.29106,0.274086,0.196196,0.573732,29.0727,4.10091,2.16154
1.8,0.03,JONSWAP,0.27,wave_data_jonswap_H0.270_L14.047_A30.00_P60.00.csv,0.0125183,4.63642,0.0276926,0.221543,0.195017,1.18338,0.150005,1.28051,0.719303
1.8,0.03,JONSWAP,1.5,wave_data_jonswap_H1.500_L50.710_A-30.00_P120.00.csv,0.0726318,4.84212,0.160793,0.180358,0.166148,1.35194,0.854823,2.18038,1.46026
1.8,0.03,JONSWAP,4.0,wave_data_jonswap_H4.000_L112.766_A30.00_P30.00.csv,0.187786,4.69464,0.451387,0.337043,0.203459,0.296314,4.93473,3.58993,2.24791
1.8,0.03,JONSWAP,8.5,wave_data_jonswap_H8.500_L202.839_A-30.00_P72.00.csv,0.374387,4.40455,0.985149,0.299948,0.188051,0.844483,9.79143,4.22171,2.84246
1.8,0.03,PM-Stokes,0.27,wave_data_pmstokes_H0.270_L14.047_A30.00_P60.00.csv,0.0124212,4.60043,0.0267294,0.213614,0.19453,0.748438,0.150005,1.17236,0.772796
1.8,0.03,PM-Stokes,1.5,wave_data_pmstokes_H1.500_L50.710_A-30.00_P120.00.csv,0.0737964,4.91976,0.151378,0.207672,0.180625,1.00082,0.764212,2.04464,1.58024
1.8,0.03,PM-Stokes,4.0,wave_data_pmstokes_H4.000_L112.766_A30.00_P30.00.csv,0.189828,4.74571,0.418481,0.340235,0.219477,0.460114,3.61586,3.29004,2.25299
1.8,0.03,PM-Stokes,8.5,wave_data_pmstokes_H8.500_L202.839_A-30.00_P72.00.csv,0.39448,4.64094,0.906994,0.264825,0.205501,0.558907,8.72183,4.10091,2.99291
1.8,0.038,JONSWAP,0.27,wave_data_jonswap_H0.270_L14.047_A30.00_P60.00.csv,0.0125041,4.63115,0.0277039,0.221624,0.194574,1.18228,0.150006,1.28051,0.719303
1.8,0.038,JONSWAP,1.5,wave_data_jonswap_H1.500_L50.710_A-30.00_P120.00.csv,0.0673486,4.4899,0.158362,0.181244,0.164666,1.35054,1.08278,2.18038,1.46026
1.8,0.038,JONSWAP,4.0,wave_data_jonswap_H4.000_L112.766_A30.00_P30.00.csv,0.175543,4.38857,0.447815,0.338383,0.200924,0.29786,6.25065,3.58993,2.24791
1.8,0.038,JONSWAP,8.5,wave_data_jonswap_H8.500_L202.839_A-30.00_P72.00.csv,0.346908,4.08127,0.99427,0.301708,0.185565,0.845713,12.4024,4.22171,2.84246
1.8,0.038,PM-Stokes,0.27,wave_data_pmstokes_H0.270_L14.047_A30.00_P60.00.csv,0.0124222,4.60081,0.0267391,0.213608,0.194588,0.748589,0.150005,1.17236,0.772796
1.8,0.038,PM-Stokes,1.5,wave_data_pmstokes_H1.500_L50.710_A-30.00_P120.00.csv,0.067302,4.4868,0.146257,0.208346,0.179259,0.999928,0.968003,2.04464,1.58024
1.8,0.038,PM-Stokes,4.0,wave_data_pmstokes_H4.000_L112.766_A30.00_P30.00.csv,0.174243,4.35607,0.40958,0.342172,0.215432,0.462846,4.58008,3.29004,2.25299
1.8,0.038,PM-Stokes,8.5,wave_data_pmstokes_H8.500_L202.839_A-30.00_P72.00.csv,0.364485,4.28805,0.903153,0.265284,0.208122,0.573179,11.0477,4.10091,2.99291
1.8,0.046,JONSWAP,0.27,wave_data_jonswap_H0.270_L14.047_A30.00_P60.00.csv,0.0124206,4.60021,0.0278797,0.221785,0.194049,1.18112,0.152224,1.28051,0.719303
1.8,0.046,JONSWAP,1.5,wave_data_jonswap_H1.500_L50.710_A-30.00_P120.00.csv,0.0647805,4.3187,0.160674,0.182096,0.163359,1.34886,1.31073,2.18038,1.46026
1.8,0.046,JONSWAP,4.0,wave_data_jonswap_H4.000_L112.766_A30.00_P30.00.csv,0.169765,4.24412,0.456549,0.339597,0.198851,0.298834,7.56658,3.58993,2.24791
1.8,0.046,JONSWAP,8.5,wave_data_jonswap_H8.500_L202.839_A-30.00_P72.00.csv,0.331827,3.90385,1.02699,0.303329,0.183747,0.846474,15.0135,4.22171,2.84246
1.8,0.046,PM-Stokes,0.27,wave_data_pmstokes_H0.270_L14.047_A30.00_P60.00.csv,0.0124186,4.59949,0.0268672,0.213678,0.194545,0.748584,0.150053,1.17236,0.772796
1.8,0.046,PM-Stokes,1.5,wave_data_pmstokes_H1.500_L50.710_A-30.00_P120.00.csv,0.063619,4.24127,0.146332,0.209033,0.178128,0.998823,1.17179,2.04464,1.58024
1.8,0.046,PM-Stokes,4.0,wave_data_pmstokes_H4.000_L112.766_A30.00_P30.00.csv,0.165571,4.13928,0.414473,0.343521,0.213291,0.464143,5.54431,3.29004,2.25299
1.8,0.046,PM-Stokes,8.5,wave_data_pmstokes_H8.500_L202.839_A-30.00_P72.00.csv,0.347028,4.08269,0.926946,0.266054,0.209546,0.58264,13.3735,4.10091,2.99291
1.8,0.0538,JONSWAP,0.27,wave_data_jonswap_H0.270_L14.047_A30.00_P60.00.csv,0.0123421,4.57114,0.0284533,0.222041,0.193527,1.18016,0.16465,1.28051,0.719303
1.8,0.0538,JONSWAP,1.5,wave_data_jonswap_H1.500_L50.710_A-30.00_P120.00.csv,0.0638753,4.25836,0.165588,0.182861,0.162292,1.34735,1.53298,2.18038,1.46026
1.8,0.0538,JONSWAP,4.0,wave_data_jonswap_H4.000_L112.766_A30.00_P30.00.csv,0.167822,4.19555,0.47189,0.340669,0.197164,0.299583,8.8496,3.58993,2.24791
1.8,0.0538,JONSWAP,8.5,wave_data_jonswap_H8.500_L202.839_A-30.00_P72.00.csv,0.324469,3.81729,1.07159,0.304754,0.182427,0.847034,17.5593,4.22171,2.84246
1.8,0.0538,PM-Stokes,0.27,wave_data_pmstokes_H0.270_L14.047_A30.00_P60.00.csv,0.012356,4.57631,0.027316,0.213845,0.194447,0.74878,0.152396,1.17236,0.772796
1.8,0.0538,PM-Stokes,1.5,wave_data_pmstokes_H1.500_L50.710_A-30.00_P120.00.csv,0.0616932,4.11288,0.149383,0.209672,0.17719,0.997727,1.37049,2.04464,1.58024
1.8,0.0538,PM-Stokes,4.0,wave_data_pmstokes_H4.000_L112.766_A30.00_P30.00.csv,0.161172,4.0293,0.427,0.344527,0.212151,0.464619,6.48443,3.29004,2.25299
1.8,0.0538,PM-Stokes,8.5,wave_data_pmstokes_H8.500_L202.839_A-30.00_P72.00.csv,0.337173,3.96674,0.965261,0.266954,0.210027,0.588641,15.6412,4.10091,2.99291
1.8,0.062,JONSWAP,0.27,wave_data_jonswap_H0.270_L14.047_A30.00_P60.00.csv,0.0123488,4.57363,0.0293979,0.222322,0.192956,1.17922,0.185677,1.28051,0.719303
1.8,0.062,JONSWAP,1.5,wave_data_jonswap_H1.500_L50.710_A-30.00_P120.00.csv,0.0640254,4.26836,0.17247,0.183602,0.161373,1.34606,1.76664,2.18038,1.46026
1.8,0.062,JONSWAP,4.0,wave_data_jonswap_H4.000_L112.766_A30.00_P30.00.csv,0.168242,4.20605,0.492371,0.341679,0.195713,0.300215,10.1984,3.58993,2.24791
1.8,0.062,JONSWAP,8.5,wave_data_jonswap_H8.500_L202.839_A-30.00_P72.00.csv,0.321913,3.78721,1.12632,0.306107,0.181363,0.847421,20.2355,4.22171,2.84246
1.8,0.062,PM-Stokes,0.27,wave_data_pmstokes_H0.270_L14.047_A30.00_P60.00.csv,0.0122965,4.55427,0.028068,0.214066,0.194123,0.748578,0.168093,1.17236,0.772796
1.8,0.062,PM-Stokes,1.5,wave_data_pmstokes_H1.500_L50.710_A-30.00_P120.00.csv,0.0608355,4.0557,0.154556,0.210302,0.17635,0.996713,1.57937,2.04464,1.58024
1.8,0.062,PM-Stokes,4.0,wave_data_pmstokes_H4.000_L112.766_A30.00_P30.00.csv,0.159333,3.98332,0.445151,0.345395,0.211444,0.464727,7.47277,3.29004,2.25299
1.8,0.062,PM-Stokes,8.5,wave_data_pmstokes_H8.500_L202.839_A-30.00_P72.00.csv,0.331648,3.90175,1.01493,0.267964,0.209895,0.592678,18.0251,4.10091,2.99291
1.8,0.072,JONSWAP,0.27,wave_data_jonswap_H0.270_L14.047_A30.00_P60.00.csv,0.0125016,4.63022,0.0308451,0.22267,0.192233,1.17801,0.215173,1.28051,0.719303
1.8,0.072,JONSWAP,1.5,wave_data_jonswap_H1.500_L50.710_A-30.00_P120.00.csv,0.0652049,4.347,0.182286,0.18442,0.160487,1.34486,2.05158,2.18038,1.46026
1.8,0.072,JONSWAP,4.0,wave_data_jonswap_H4.000_L112.766_A30.00_P30.00.csv,0.170893,4.27232,0.520886,0.342791,0.194222,0.300866,11.8433,3.58993,2.24791
1.8,0.072,JONSWAP,8.5,wave_data_jonswap_H8.500_L202.839_A-30.00_P72.00.csv,0.323641,3.80754,1.19908,0.307589,0.180356,0.847682,23.4994,4.22171,2.84246
1.8,0.072,PM-Stokes,0.27,wave_data_pmstokes_H0.270_L14.047_A30.00_P60.00.csv,0.0123416,4.57095,0.0292986,0.214371,0.193574,0.747974,0.190317,1.17236,0.772796
1.8,0.072,PM-Stokes,1.5,wave_data_pmstokes_H1.500_L50.710_A-30.00_P120.00.csv,0.0608744,4.05829,0.162536,0.211012,0.175472,0.995622,1.83411,2.04464,1.58024
1.8,0.072,PM-Stokes,4.0,wave_data_pmstokes_H4.000_L112.766_A30.00_P30.00.csv,0.159622,3.99054,0.47133,0.346285,0.210999,0.464503,8.67807,3.29004,2.25299
1.8,0.072,PM-Stokes,8.5,wave_data_pmstokes_H8.500_L202.839_A-30.00_P72.00.csv,0.329342,3.87461,1.08284,0.269209,0.209233,0.595623,20.9324,4.10091,2.99291
1.8,0.085,JONSWAP,0.27,wave_data_jonswap_H0.270_L14.047_A30.00_P60.00.csv,0.0129012,4.77821,0.0330173,0.22311,0.191299,1.17636,0.253783,1.28051,0.719303
1.8,0.085,JONSWAP,1.5,wave_data_jonswap_H1.500_L50.710_A-30.00_P120.00.csv,0.0677486,4.51657,0.19635,0.185376,0.159576,1.34367,2.422,2.18038,1.46026
1.8,0.085,JONSWAP,4.0,wave_data_jonswap_H4.000_L112.766_A30.00_P30.00.csv,0.176434,4.41085,0.561061,0.344071,0.192668,0.301601,13.9817,3.58993,2.24791
1.8,0.085,JONSWAP,8.5,wave_data_jonswap_H8.500_L202.839_A-30.00_P72.00.csv,0.330946,3.89348,1.29852,0.309303,0.179337,0.847687,27.7424,4.22171,2.84246
1.8,0.085,PM-Stokes,0.27,wave_data_pmstokes_H0.270_L14.047_A30.00_P60.00.csv,0.0126056,4.66874,0.0312217,0.214778,0.192798,0.746969,0.22064,1.17236,0.772796
1.8,0.085,PM-Stokes,1.5,wave_data_pmstokes_H1.500_L50.710_A-30.00_P120.00.csv,0.0620699,4.13799,0.174493,0.211852,0.174528,0.99443,2.16527,2.04464,1.58024
1.8,0.085,PM-Stokes,4.0,wave_data_pmstokes_H4.000_L112.766_A30.00_P30.00.csv,0.162606,4.06516,0.508906,0.347268,0.21076,0.464008,10.2449,3.29004,2.25299
1.8,0.085,PM-Stokes,8.5,wave_data_pmstokes_H8.500_L202.839_A-30.00_P72.00.csv,0.331179,3.89622,1.1772,0.270807,0.207813,0.597165,24.7119,4.10091,2.99291
1.8,0.1,JONSWAP,0.27,wave_data_jonswap_H0.270_L14.047_A30.00_P60.00.csv,0.0135355,5.01316,0.0357268,0.223581,0.190282,1.17459,0.298447,1.28051,0.719303
1.8,0.1,JONSWAP,1.5,wave_data_jonswap_H1.500_L50.710_A-30.00_P120.00.csv,0.0714893,4.76595,0.213434,0.186359,0.158765,1.34269,2.84941,2.18038,1.46026
1.8,0.1,JONSWAP,4.0,wave_data_jonswap_H4.000_L112.766_A30.00_P30.00.csv,0.184447,4.61117,0.609358,0.345361,0.191251,0.302338,16.4491,3.58993,2.24791
1.8,0.1,JONSWAP,8.5,wave_data_jonswap_H8.500_L202.839_A-30.00_P72.00.csv,0.343601,4.04236,1.4154,0.311047,0.17839,0.847293,32.6381,4.22171,2.84246
1.8,0.1,PM-Stokes,0.27,wave_data_pmstokes_H0.270_L14.047_A30.00_P60.00.csv,0.0131083,4.85493,0.0336835,0.215231,0.191856,0.74557,0.257247,1.17236,0.772796
1.8,0.1,PM-Stokes,1.5,wave_data_pmstokes_H1.500_L50.710_A-30.00_P120.00.csv,0.0644272,4.29515,0.189405,0.212721,0.173646,0.993328,2.54737,2.04464,1.58024
1.8,0.1,PM-Stokes,4.0,wave_data_pmstokes_H4.000_L112.766_A30.00_P30.00.csv,0.168195,4.20487,0.554536,0.348251,0.210668,0.463315,12.0528,3.29004,2.25299
1.8,0.1,PM-Stokes,8.5,wave_data_pmstokes_H8.500_L202.839_A-30.00_P72.00.csv,0.337838,3.97456,1.28925,0.272579,0.205791,0.597037,29.0727,4.10091,2.99291
