scenario,value,seed,disp_z_rms_m,disp_3d_rms_m,roll_rms_deg,pitch_rms_deg,yaw_rms_deg,wave_period_s,period_s,tau_applied_s,sigma_applied_mps2,accel_variance_m2ps4,seg_start_disp_z_rms_m,seg_blend_disp_z_rms_m,seg_recover_disp_z_rms_m,seg_end_disp_z_rms_m
transition,0,1,0.180834666,0.47562027,0.213963464,0.140639544,3.15778494,7.98037481,3.00984716,3.97510815,0.611560881,0.456552207,0.0765635371,0.230949625,0.188095331,0.203413665
transition,0,2,0.199387461,0.459723473,0.171786502,0.604635,3.48320389,7.98507547,3.05164194,3.97007346,0.611139297,0.460730642,0.0681814179,0.238735482,0.192702785,0.235883728
transition,0,3,0.180738777,0.511811018,0.482096046,0.210498065,2.51408005,7.9789896,2.8693521,3.97259831,0.608228922,0.457454085,0.0683885068,0.242652565,0.198422685,0.198134869
transition,0,4,0.189620018,0.492610097,0.204593912,0.257353336,4.90498066,7.98042202,2.96246934,3.97038722,0.611859262,0.45607537,0.068716757,0.248420924,0.254238784,0.195580199
transition,0,5,0.172851264,0.461242169,0.308754236,0.260243118,0.529575765,7.98756981,3.08476591,3.97314739,0.611030519,0.459962159,0.0758872554,0.227469355,0.166280925,0.195066854
transition,0.05,1,0.180021539,0.47816366,0.213953197,0.140602797,3.1581614,7.96611738,3.00984716,3.99212384,0.611535788,0.45658499,0.0766367018,0.228613541,0.187518314,0.202758238
transition,0.05,2,0.198796317,0.461255759,0.17174381,0.604515851,3.48301053,7.96395445,3.05164194,3.98558259,0.611099839,0.460727185,0.0682257861,0.236306295,0.191885427,0.23569642
transition,0.05,3,0.179943487,0.515088558,0.48219344,0.210309237,2.51365113,7.96292353,2.8693521,3.98916888,0.60822916,0.457475364,0.0683863312,0.240176529,0.19796139,0.197572961
transition,0.05,4,0.189210624,0.49520275,0.204675838,0.257629365,4.90565395,7.96135902,2.96246934,3.98639798,0.611839652,0.456088185,0.0686983019,0.246863753,0.255412161,0.194862366
transition,0.05,5,0.171732366,0.462905943,0.308746397,0.260137558,0.529621542,7.96793318,3.08476591,3.98904347,0.611005783,0.459980279,0.0759808645,0.224886432,0.164622173,0.194184914
transition,0.10,1,0.180030316,0.479210526,0.213928044,0.140487462,3.15863013,7.96956539,3.00984716,4.00061893,0.611815989,0.457034826,0.0767440125,0.228569061,0.187514946,0.202768773
transition,0.10,2,0.198930174,0.462129146,0.171751812,0.604446471,3.48284078,7.96287012,3.05164194,3.99353456,0.611375451,0.461162269,0.0683794841,0.236039609,0.191836849,0.23599641
transition,0.10,3,0.179737225,0.516206264,0.482186586,0.210181341,2.5132637,7.96516228,2.8693521,3.99749351,0.60852313,0.457914233,0.0685024187,0.239440888,0.197831765,0.197440863
transition,0.10,4,0.189214855,0.496122152,0.20475091,0.257863522,4.90634108,7.96195698,2.96246934,3.99451637,0.612114668,0.456510901,0.068780601,0.246455118,0.255801886,0.194851711
transition,0.10,5,0.171656147,0.463700205,0.308781803,0.259968281,0.529493332,7.96797132,3.08476591,3.99718189,0.611290216,0.460428625,0.0760423094,0.224630713,0.16433315,0.194180012
transition,0.15,1,0.180350751,0.479650587,0.213906109,0.140385687,3.15895438,7.9758153,3.00984716,4.00467205,0.612054646,0.457407564,0.0768159404,0.229659632,0.187693208,0.202960446
transition,0.15,2,0.199184462,0.462570369,0.171780989,0.604340911,3.48254538,7.96671963,3.05164194,3.99749327,0.611613452,0.461531162,0.0685146675,0.236753672,0.191902235,0.236217201
transition,0.15,3,0.179859713,0.516469061,0.482137531,0.210075453,2.51288295,7.97082901,2.8693521,4.00155878,0.608766377,0.458277881,0.0685869604,0.239832714,0.197701827,0.197564036
transition,0.15,4,0.189439163,0.496335506,0.204794154,0.258002162,4.90675068,7.96670437,2.96246934,3.99856424,0.61234659,0.456864536,0.0688760653,0.246799424,0.25588423,0.195145071
transition,0.15,5,0.172037393,0.464090407,0.308827549,0.259829611,0.529379189,7.97243881,3.08476591,4.00114202,0.611533284,0.460804105,0.0761358067,0.225688934,0.164484069,0.194490626
transition,0.50,1,0.182840452,0.481458068,0.213823438,0.139892712,3.16038656,8.00229073,3.00984716,4.00945187,0.612587035,0.458247095,0.0771519169,0.23969841,0.188252419,0.204197496
transition,0.50,2,0.201766193,0.464854419,0.171936095,0.603846431,3.48115158,7.99145603,3.05164194,4.00386,0.612150669,0.462373257,0.0692629293,0.24552004,0.19331409,0.237894669
transition,0.50,3,0.181845292,0.517014086,0.481766254,0.209490433,2.51077771,7.99750376,2.8693521,4.00721073,0.609315872,0.459101915,0.0689804256,0.247258544,0.197559044,0.198798507
transition,0.50,4,0.191507101,0.497272193,0.205046594,0.258761853,4.90882444,7.9935956,2.96246934,4.00544357,0.612869024,0.457668096,0.0692869872,0.253427744,0.25595665,0.196928248
transition,0.50,5,0.175049573,0.466316849,0.309066892,0.259234875,0.528604805,7.99729013,3.08476591,4.00669765,0.612077832,0.461654872,0.0765335709,0.235915124,0.165502042,0.196440548
wave_data_jonswap_H0.270_L14.047_A30.00_P60.00.csv,0,1,0.0115081333,0.0265262444,0.197785333,0.105903596,2.24175,2.64286733,1.61891067,1.31962121,0.39003396,0.20625107,nan,nan,nan,nan
wave_data_jonswap_H0.270_L14.047_A30.00_P60.00.csv,0,2,0.0130428821,0.0277005062,0.204106718,0.612206399,4.68417978,2.61065698,1.62367296,1.29323828,0.396233916,0.207960203,nan,nan,nan,nan
wave_data_jonswap_H0.270_L14.047_A30.00_P60.00.csv,0,3,0.0118922908,0.0284559485,0.430815935,0.222908586,4.70578432,2.55538797,1.63657033,1.27148581,0.399831235,0.207631215,nan,nan,nan,nan
wave_data_jonswap_H0.270_L14.047_A30.00_P60.00.csv,0,4,0.01165241,0.0271680746,0.213475645,0.242453605,4.49710751,2.57819152,1.62156677,1.27874911,0.395621389,0.207771972,nan,nan,nan,nan
wave_data_jonswap_H0.270_L14.047_A30.00_P60.00.csv,0,5,0.0118916593,0.0266212933,0.326344997,0.266865641,0.973676443,2.55550027,1.61935377,1.27172303,0.392656088,0.207892284,nan,nan,nan,nan
wave_data_jonswap_H0.270_L14.047_A30.00_P60.00.csv,0.05,1,0.011510592,0.0265747048,0.197774425,0.10603524,2.2416296,2.64763904,1.61891067,1.32487297,0.390541196,0.206711665,nan,nan,nan,nan
wave_data_jonswap_H0.270_L14.047_A30.00_P60.00.csv,0.05,2,0.0130667444,0.0277698021,0.204051539,0.612447917,4.68480778,2.60446239,1.62367296,1.29697835,0.397582233,0.209268585,nan,nan,nan,nan
wave_data_jonswap_H0.270_L14.047_A30.00_P60.00.csv,0.05,3,0.011899489,0.0285246596,0.430850923,0.223016754,4.70610237,2.54993582,1.63657033,1.27351093,0.400798649,0.208578244,nan,nan,nan,nan
wave_data_jonswap_H0.270_L14.047_A30.00_P60.00.csv,0.05,4,0.0116618089,0.0272286478,0.213445261,0.242359817,4.49687433,2.56885743,1.62156677,1.28042173,0.396933496,0.209057331,nan,nan,nan,nan
wave_data_jonswap_H0.270_L14.047_A30.00_P60.00.csv,0.05,5,0.0118980585,0.0266812872,0.326321512,0.267013937,0.974024475,2.55175495,1.61935377,1.27463472,0.393645376,0.208857805,nan,nan,nan,nan
wave_data_jonswap_H0.270_L14.047_A30.00_P60.00.csv,0.10,1,0.0115276286,0.0265830383,0.197777927,0.106062733,2.24153399,2.65097237,1.61891067,1.32625961,0.390379757,0.206515685,nan,nan,nan,nan
wave_data_jonswap_H0.270_L14.047_A30.00_P60.00.csv,0.10,2,0.0130825257,0.0277795903,0.204032481,0.612556279,4.68507862,2.60018802,1.62367296,1.29875219,0.397781223,0.20943597,nan,nan,nan,nan
wave_data_jonswap_H0.270_L14.047_A30.00_P60.00.csv,0.10,3,0.01191564,0.028534323,0.430844128,0.222973317,4.70600128,2.54829931,1.63657033,1.27456117,0.40082106,0.208585516,nan,nan,nan,nan
wave_data_jonswap_H0.270_L14.047_A30.00_P60.00.csv,0.10,4,0.0116788689,0.0272364784,0.213454872,0.242421418,4.49702024,2.56412697,1.62156677,1.28141916,0.397105902,0.209202647,nan,nan,nan,nan
wave_data_jonswap_H0.270_L14.047_A30.00_P60.00.csv,0.10,5,0.0119143026,0.0266905464,0.326320946,0.267009556,0.974022508,2.55058146,1.61935377,1.27588105,0.393690169,0.20887211,nan,nan,nan,nan
wave_data_jonswap_H0.270_L14.047_A30.00_P60.00.csv,0.15,1,0.0115435496,0.0265826415,0.19776763,0.106024243,2.24159813,2.65186906,1.61891067,1.32523799,0.390234709,0.206362456,nan,nan,nan,nan
wave_data_jonswap_H0.270_L14.047_A30.00_P60.00.csv,0.15,2,0.0130894501,0.0277760122,0.204021648,0.612627685,4.68525267,2.59818459,1.62367296,1.29904521,0.397610545,0.209252968,nan,nan,nan,nan
wave_data_jonswap_H0.270_L14.047_A30.00_P60.00.csv,0.15,3,0.0119305151,0.0285321213,0.430830747,0.222918421,4.70585728,2.54791427,1.63657033,1.27428114,0.400648028,0.208401382,nan,nan,nan,nan
wave_data_jonswap_H0.270_L14.047_A30.00_P60.00.csv,0.15,4,0.0116928434,0.0272364281,0.21346274,0.242474616,4.49713898,2.56268764,1.62156677,1.28164101,0.39692995,0.209014654,nan,nan,nan,nan
wave_data_jonswap_H0.270_L14.047_A30.00_P60.00.csv,0.15,5,0.0119278468,0.0266886894,0.326318949,0.267005771,0.974008977,2.55027676,1.61935377,1.27562237,0.393511415,0.208680436,nan,nan,nan,nan
wave_data_jonswap_H0.270_L14.047_A30.00_P60.00.csv,0.50,1,0.0115940152,0.026602393,0.197711095,0.105930507,2.2417624,2.63515806,1.61891067,1.31344807,0.390275538,0.206466168,nan,nan,nan,nan
wave_data_jonswap_H0.270_L14.047_A30.00_P60.00.csv,0.50,2,0.0131151108,0.0277880821,0.203934819,0.6132074,4.6866312,2.58861256,1.62367296,1.29279733,0.396398723,0.208073094,nan,nan,nan,nan
wave_data_jonswap_H0.270_L14.047_A30.00_P60.00.csv,0.50,3,0.01198004,0.0285501927,0.430784762,0.222693413,4.70528173,2.53768587,1.63657033,1.26646101,0.400003761,0.207700402,nan,nan,nan,nan
wave_data_jonswap_H0.270_L14.047_A30.00_P60.00.csv,0.50,4,0.0117388591,0.0272546764,0.213511363,0.242771149,4.49784994,2.55478954,1.62156677,1.27559531,0.395727873,0.207830176,nan,nan,nan,nan
wave_data_jonswap_H0.270_L14.047_A30.00_P60.00.csv,0.50,5,0.0119741326,0.0267044939,0.326298863,0.267017782,0.974016666,2.53988528,1.61935377,1.2676841,0.392683148,0.207885891,nan,nan,nan,nan
wave_data_jonswap_H1.500_L50.710_A-30.00_P120.00.csv,0,1,0.0564240962,0.15617846,0.242501721,0.105857067,3.22344756,4.37634945,2.26168084,2.15748239,0.923853159,1.00636041,nan,nan,nan,nan
wave_data_jonswap_H1.500_L50.710_A-30.00_P120.00.csv,0,2,0.065232493,0.15015927,0.139721349,0.57975775,3.56729817,4.37740278,2.26316285,2.16190481,0.925624728,1.01102233,nan,nan,nan,nan
wave_data_jonswap_H1.500_L50.710_A-30.00_P120.00.csv,0,3,0.0569178127,0.16192995,0.504339576,0.191800728,2.34163308,4.37182236,2.35359216,2.15777779,0.916457355,1.00835931,nan,nan,nan,nan
wave_data_jonswap_H1.500_L50.710_A-30.00_P120.00.csv,0,4,0.0577540845,0.152822971,0.162609711,0.268339038,4.67790127,4.3699317,2.31638026,2.15922475,0.92508781,1.00946832,nan,nan,nan,nan
wave_data_jonswap_H1.500_L50.710_A-30.00_P120.00.csv,0,5,0.0575352311,0.15167895,0.270907611,0.226780742,0.427301645,4.37090969,2.26792526,2.1554265,0.926095545,1.01185727,nan,nan,nan,nan
wave_data_jonswap_H1.500_L50.710_A-30.00_P120.00.csv,0.05,1,0.0563838817,0.15682739,0.242500991,0.105760179,3.22365117,4.3578229,2.26168084,2.16520905,0.922137141,1.00300848,nan,nan,nan,nan
wave_data_jonswap_H1.500_L50.710_A-30.00_P120.00.csv,0.05,2,0.0653071105,0.150603354,0.139687359,0.579778075,3.56745529,4.36296558,2.26316285,2.17010736,0.923995614,1.00788164,nan,nan,nan,nan
wave_data_jonswap_H1.500_L50.710_A-30.00_P120.00.csv,0.05,3,0.056850899,0.162662342,0.504382372,0.191628903,2.34124041,4.35582781,2.35359216,2.16588449,0.914810896,1.0051235,nan,nan,nan,nan
wave_data_jonswap_H1.500_L50.710_A-30.00_P120.00.csv,0.05,4,0.0577197559,0.153303161,0.162634417,0.268454015,4.67806959,4.35596514,2.31638026,2.16782689,0.92350322,1.0064286,nan,nan,nan,nan
wave_data_jonswap_H1.500_L50.710_A-30.00_P120.00.csv,0.05,5,0.0574805401,0.152236164,0.270884186,0.226877123,0.427595645,4.35352516,2.26792526,2.16313362,0.924383104,1.00852287,nan,nan,nan,nan
wave_data_jonswap_H1.500_L50.710_A-30.00_P120.00.csv,0.10,1,0.0564928316,0.15696843,0.242498592,0.105718777,3.22370148,4.34290743,2.26168084,2.16863632,0.92178005,1.00224578,nan,nan,nan,nan
wave_data_jonswap_H1.500_L50.710_A-30.00_P120.00.csv,0.10,2,0.0654203221,0.150686041,0.139679,0.57976526,3.56744361,4.3505125,2.26316285,2.17338729,0.923624575,1.00706518,nan,nan,nan,nan
wave_data_jonswap_H1.500_L50.710_A-30.00_P120.00.csv,0.10,3,0.0569424108,0.162790969,0.504391909,0.191617534,2.34125495,4.34256935,2.35359216,2.16927505,0.914476633,1.00436389,nan,nan,nan,nan
wave_data_jonswap_H1.500_L50.710_A-30.00_P120.00.csv,0.10,4,0.0578246526,0.153366089,0.162643403,0.268499583,4.67818117,4.34449959,2.31638026,2.17130685,0.923174143,1.00570416,nan,nan,nan,nan
wave_data_jonswap_H1.500_L50.710_A-30.00_P120.00.csv,0.10,5,0.0575639382,0.152351543,0.270882189,0.226870805,0.427643061,4.33898544,2.26792526,2.16635394,0.923981309,1.00764978,nan,nan,nan,nan
wave_data_jonswap_H1.500_L50.710_A-30.00_P120.00.csv,0.15,1,0.0566164777,0.156971648,0.242494345,0.105705068,3.22370744,4.33690071,2.26168084,2.1708734,0.921717465,1.00208139,nan,nan,nan,nan
wave_data_jonswap_H1.500_L50.710_A-30.00_P120.00.csv,0.15,2,0.0655075833,0.150690451,0.139675558,0.579829633,3.56759262,4.34548759,2.26316285,2.17509198,0.92353034,1.00679016,nan,nan,nan,nan
wave_data_jonswap_H1.500_L50.710_A-30.00_P120.00.csv,0.15,3,0.0570737831,0.162774697,0.504386365,0.191627741,2.34126306,4.3372798,2.35359216,2.17122412,0.914416134,1.00415897,nan,nan,nan,nan
wave_data_jonswap_H1.500_L50.710_A-30.00_P120.00.csv,0.15,4,0.0579264462,0.153324574,0.162640482,0.26848948,4.67814875,4.3400836,2.31638026,2.17303061,0.923094273,1.0054599,nan,nan,nan,nan
wave_data_jonswap_H1.500_L50.710_A-30.00_P120.00.csv,0.15,5,0.0576922037,0.152366862,0.27087146,0.226926923,0.42772156,4.3329668,2.26792526,2.1682744,0.923884869,1.00738835,nan,nan,nan,nan
wave_data_jonswap_H1.500_L50.710_A-30.00_P120.00.csv,0.50,1,0.0571244843,0.157144934,0.24249512,0.105893075,3.22299075,4.36546898,2.26168084,2.19445753,0.921542346,1.00213718,nan,nan,nan,nan
wave_data_jonswap_H1.500_L50.710_A-30.00_P120.00.csv,0.50,2,0.0658699498,0.150908098,0.139646307,0.580432057,3.56910753,4.36991787,2.26316285,2.1953423,0.923173249,1.00627911,nan,nan,nan,nan
wave_data_jonswap_H1.500_L50.710_A-30.00_P120.00.csv,0.50,3,0.0575863793,0.162863508,0.504379332,0.191882744,2.34190965,4.36384201,2.35359216,2.1929493,0.914213717,1.00393248,nan,nan,nan,nan
wave_data_jonswap_H1.500_L50.710_A-30.00_P120.00.csv,0.50,4,0.0583232418,0.153246284,0.162580639,0.268105239,4.67708397,4.36506414,2.31638026,2.1930244,0.922729909,1.00493026,nan,nan,nan,nan
wave_data_jonswap_H1.500_L50.710_A-30.00_P120.00.csv,0.50,5,0.0582050458,0.152596921,0.270802259,0.227458209,0.428299278,4.35852623,2.26792526,2.19010401,0.923565209,1.00704467,nan,nan,nan,nan
wave_data_jonswap_H4.000_L112.766_A30.00_P30.00.csv,0,1,0.149812102,0.448809803,0.179881215,0.0953138992,0.588188648,7.08486414,3.20307708,3.56096864,1.28138614,2.06264353,nan,nan,nan,nan
wave_data_jonswap_H4.000_L112.766_A30.00_P30.00.csv,0,2,0.167299107,0.422359675,0.322404802,0.555512071,3.90466261,7.08897209,3.19186282,3.56285477,1.28007567,2.05861902,nan,nan,nan,nan
wave_data_jonswap_H4.000_L112.766_A30.00_P30.00.csv,0,3,0.15716131,0.489715964,0.331976384,0.15485546,4.45200729,7.08525276,3.19119287,3.56101084,1.28135622,2.06342793,nan,nan,nan,nan
wave_data_jonswap_H4.000_L112.766_A30.00_P30.00.csv,0,4,0.14954257,0.441319466,0.275698036,0.311210185,4.20851946,7.08374262,3.19499469,3.56141949,1.28089321,2.05994821,nan,nan,nan,nan
wave_data_jonswap_H4.000_L112.766_A30.00_P30.00.csv,0,5,0.148704872,0.430856436,0.378536761,0.185282648,1.1253736,7.08362055,3.20405459,3.56061053,1.27900434,2.05312848,nan,nan,nan,nan
wave_data_jonswap_H4.000_L112.766_A30.00_P30.00.csv,0.05,1,0.149459288,0.45092386,0.179967046,0.0951256976,0.58911562,7.10923004,3.20307708,3.58991289,1.27983189,2.05876088,nan,nan,nan,nan
wave_data_jonswap_H4.000_L112.766_A30.00_P30.00.csv,0.05,2,0.167290747,0.423648089,0.322483361,0.555015266,3.90340281,7.11399555,3.19186282,3.59136629,1.27861083,2.0550437,nan,nan,nan,nan
wave_data_jonswap_H4.000_L112.766_A30.00_P30.00.csv,0.05,3,0.15692313,0.492495,0.331970364,0.154577509,4.45094156,7.10980034,3.19119287,3.58973455,1.27983618,2.05965686,nan,nan,nan,nan
wave_data_jonswap_H4.000_L112.766_A30.00_P30.00.csv,0.05,4,0.149160087,0.44305101,0.275985718,0.312100857,4.21068954,7.10967588,3.19499469,3.59040236,1.27931166,2.05602908,nan,nan,nan,nan
wave_data_jonswap_H4.000_L112.766_A30.00_P30.00.csv,0.05,5,0.148343876,0.432378173,0.378661841,0.184911788,1.12453759,7.10852861,3.20405459,3.58943844,1.27745616,2.04930592,nan,nan,nan,nan
wave_data_jonswap_H4.000_L112.766_A30.00_P30.00.csv,0.10,1,0.149519995,0.451407254,0.179988071,0.0951198265,0.589224994,7.13282585,3.20307708,3.60389376,1.27953947,2.05820394,nan,nan,nan,nan
wave_data_jonswap_H4.000_L112.766_A30.00_P30.00.csv,0.10,2,0.167510182,0.42402789,0.322489947,0.554957151,3.90323567,7.13751602,3.19186282,3.60485625,1.27831817,2.05450726,nan,nan,nan,nan
wave_data_jonswap_H4.000_L112.766_A30.00_P30.00.csv,0.10,3,0.157084689,0.493005902,0.331965506,0.154575899,4.45085239,7.13330984,3.19119287,3.60350394,1.27953565,2.05907989,nan,nan,nan,nan
wave_data_jonswap_H4.000_L112.766_A30.00_P30.00.csv,0.10,4,0.149348378,0.44329977,0.276024699,0.312223941,4.21097279,7.13410568,3.19499469,3.60411024,1.27899635,2.05540776,nan,nan,nan,nan
wave_data_jonswap_H4.000_L112.766_A30.00_P30.00.csv,0.10,5,0.148481846,0.432629973,0.37867564,0.18491061,1.12453365,7.13238811,3.20405459,3.60322165,1.27714908,2.04872441,nan,nan,nan,nan
wave_data_jonswap_H4.000_L112.766_A30.00_P30.00.csv,0.15,1,0.149740264,0.451451242,0.179999232,0.0951182768,0.589254797,7.15028191,3.20307708,3.60977745,1.27978957,2.05908847,nan,nan,nan,nan
wave_data_jonswap_H4.000_L112.766_A30.00_P30.00.csv,0.15,2,0.167729661,0.424140573,0.322479486,0.555017531,3.90336227,7.15441799,3.19186282,3.61024594,1.27854693,2.05532742,nan,nan,nan,nan
wave_data_jonswap_H4.000_L112.766_A30.00_P30.00.csv,0.15,3,0.157348186,0.492834866,0.33196044,0.15462932,4.45100451,7.15048218,3.19119287,3.60916805,1.27977538,2.05994296,nan,nan,nan,nan
wave_data_jonswap_H4.000_L112.766_A30.00_P30.00.csv,0.15,4,0.149556011,0.443163961,0.27601108,0.312166214,4.21082687,7.1515274,3.19499469,3.60968447,1.27921927,2.05620122,nan,nan,nan,nan
wave_data_jonswap_H4.000_L112.766_A30.00_P30.00.csv,0.15,5,0.14873381,0.432545274,0.378674835,0.184924111,1.12458372,7.14972353,3.20405459,3.60890865,1.27737522,2.04953766,nan,nan,nan,nan
wave_data_jonswap_H4.000_L112.766_A30.00_P30.00.csv,0.50,1,0.150773421,0.452292323,0.180036336,0.0950165391,0.589555383,7.20137358,3.20307708,3.6173985,1.28201818,2.06616807,nan,nan,nan,nan
wave_data_jonswap_H4.000_L112.766_A30.00_P30.00.csv,0.50,2,0.168924168,0.425036669,0.322478533,0.555018127,3.90323257,7.2015152,3.19186282,3.61634946,1.28066838,2.06201291,nan,nan,nan,nan
wave_data_jonswap_H4.000_L112.766_A30.00_P30.00.csv,0.50,3,0.15883626,0.491882741,0.331881493,0.154717669,4.45106649,7.19982004,3.19119287,3.61613441,1.28197992,2.06691504,nan,nan,nan,nan
wave_data_jonswap_H4.000_L112.766_A30.00_P30.00.csv,0.50,4,0.150837645,0.442618251,0.276022375,0.312066108,4.21080828,7.20107555,3.19499469,3.61681461,1.28134739,2.06291175,nan,nan,nan,nan
wave_data_jonswap_H4.000_L112.766_A30.00_P30.00.csv,0.50,5,0.149947956,0.432570904,0.378713012,0.184918329,1.12450898,7.19970989,3.20405459,3.61623144,1.27950513,2.05627584,nan,nan,nan,nan
wave_data_jonswap_H8.500_L202.839_A-30.00_P72.00.csv,0,1,0.314528465,0.99488914,0.185711026,0.159927264,3.04884791,8.41325474,3.48649359,4.21719503,1.64768291,3.34570599,nan,nan,nan,nan
wave_data_jonswap_H8.500_L202.839_A-30.00_P72.00.csv,0,2,0.37098667,0.90351665,0.228442267,0.563699067,3.05863214,8.41559219,3.46802711,4.21637535,1.65181494,3.3598907,nan,nan,nan,nan
wave_data_jonswap_H8.500_L202.839_A-30.00_P72.00.csv,0,3,0.319621921,1.04209602,0.418829262,0.194576159,2.0019846,8.41232014,3.46637082,4.21591043,1.64896023,3.34982419,nan,nan,nan,nan
wave_data_jonswap_H8.500_L202.839_A-30.00_P72.00.csv,0,4,0.313881934,0.960871994,0.247116268,0.273976564,4.97364092,8.4140892,3.49343538,4.21703768,1.6464361,3.34274054,nan,nan,nan,nan
wave_data_jonswap_H8.500_L202.839_A-30.00_P72.00.csv,0,5,0.315331101,0.927719295,0.317829847,0.195550472,0.462260008,8.41602516,3.46896625,4.21775198,1.64938343,3.35224748,nan,nan,nan,nan
wave_data_jonswap_H8.500_L202.839_A-30.00_P72.00.csv,0.05,1,0.314134836,1.00018609,0.185749844,0.159995466,3.04884338,8.46117496,3.48649359,4.24066591,1.64632595,3.33968067,nan,nan,nan,nan
wave_data_jonswap_H8.500_L202.839_A-30.00_P72.00.csv,0.05,2,0.370603681,0.905907333,0.228446379,0.563455582,3.05832314,8.46283531,3.46802711,4.23932695,1.6503911,3.35361409,nan,nan,nan,nan
wave_data_jonswap_H8.500_L202.839_A-30.00_P72.00.csv,0.05,3,0.319081992,1.04829788,0.418892413,0.19425796,2.0011797,8.45998859,3.46637082,4.23915625,1.64757204,3.34368157,nan,nan,nan,nan
wave_data_jonswap_H8.500_L202.839_A-30.00_P72.00.csv,0.05,4,0.313081831,0.964487791,0.247264042,0.274462312,4.97448492,8.46177197,3.49343538,4.24024153,1.64506197,3.33663797,nan,nan,nan,nan
wave_data_jonswap_H8.500_L202.839_A-30.00_P72.00.csv,0.05,5,0.314670473,0.931232333,0.317853272,0.195404187,0.462435812,8.4635458,3.46896625,4.24100256,1.64796638,3.34600401,nan,nan,nan,nan
wave_data_jonswap_H8.500_L202.839_A-30.00_P72.00.csv,0.10,1,0.314272702,1.00129282,0.185756013,0.159961224,3.04893231,8.47145081,3.48649359,4.24516964,1.64743924,3.34300232,nan,nan,nan,nan
wave_data_jonswap_H8.500_L202.839_A-30.00_P72.00.csv,0.10,2,0.370636433,0.906392932,0.228434533,0.563441336,3.05831432,8.47205067,3.46802711,4.24328899,1.65143156,3.35663366,nan,nan,nan,nan
wave_data_jonswap_H8.500_L202.839_A-30.00_P72.00.csv,0.10,3,0.318995595,1.04951978,0.418896079,0.194194898,2.0010221,8.46970177,3.46637082,4.24339151,1.64865553,3.34687829,nan,nan,nan,nan
wave_data_jonswap_H8.500_L202.839_A-30.00_P72.00.csv,0.10,4,0.313161671,0.965415418,0.247292683,0.274584055,4.97471571,8.47152805,3.49343538,4.24450636,1.64614618,3.33982182,nan,nan,nan,nan
wave_data_jonswap_H8.500_L202.839_A-30.00_P72.00.csv,0.10,5,0.314784914,0.932085574,0.31786114,0.195352376,0.46243608,8.47341251,3.46896625,4.24525499,1.64902139,3.34908652,nan,nan,nan,nan
wave_data_jonswap_H8.500_L202.839_A-30.00_P72.00.csv,0.15,1,0.314548761,1.00102854,0.185759157,0.159927621,3.04906964,8.47164917,3.48649359,4.24504948,1.64861584,3.34717631,nan,nan,nan,nan
wave_data_jonswap_H8.500_L202.839_A-30.00_P72.00.csv,0.15,2,0.370661467,0.906213284,0.228423908,0.563432574,3.05821681,8.47113037,3.46802711,4.24280214,1.65256822,3.36061239,nan,nan,nan,nan
wave_data_jonswap_H8.500_L202.839_A-30.00_P72.00.csv,0.15,3,0.319260985,1.04944217,0.418877274,0.194185436,2.00099564,8.46951866,3.46637082,4.24318647,1.64981139,3.35095596,nan,nan,nan,nan
wave_data_jonswap_H8.500_L202.839_A-30.00_P72.00.csv,0.15,4,0.313421011,0.965609431,0.247284591,0.274595946,4.97478724,8.47143745,3.49343538,4.24436188,1.64728498,3.34383273,nan,nan,nan,nan
wave_data_jonswap_H8.500_L202.839_A-30.00_P72.00.csv,0.15,5,0.315105081,0.932221413,0.317865163,0.19532685,0.462431967,8.47324848,3.46896625,4.24499321,1.65016818,3.35312295,nan,nan,nan,nan
wave_data_jonswap_H8.500_L202.839_A-30.00_P72.00.csv,0.50,1,0.316090435,0.999225616,0.1857851,0.159706861,3.04991293,8.4709444,3.48649359,4.23976374,1.65160215,3.35886383,nan,nan,nan,nan
wave_data_jonswap_H8.500_L202.839_A-30.00_P72.00.csv,0.50,2,0.37197879,0.905522764,0.228362203,0.563315094,3.05756736,8.46714401,3.46802711,4.23718452,1.65549743,3.37193656,nan,nan,nan,nan
wave_data_jonswap_H8.500_L202.839_A-30.00_P72.00.csv,0.50,3,0.321166992,1.04940736,0.41881007,0.194103494,2.00061202,8.46773529,3.46637082,4.23797178,1.65276563,3.36245728,nan,nan,nan,nan
wave_data_jonswap_H8.500_L202.839_A-30.00_P72.00.csv,0.50,4,0.315110236,0.966863394,0.247216433,0.274697423,4.97528553,8.47035027,3.49343538,4.23948526,1.65018535,3.35514259,nan,nan,nan,nan
wave_data_jonswap_H8.500_L202.839_A-30.00_P72.00.csv,0.50,5,0.317020774,0.933209121,0.317888975,0.195165202,0.462466657,8.47087955,3.46896625,4.23937893,1.65314269,3.36469722,nan,nan,nan,nan
wave_data_pmstokes_H0.270_L14.047_A30.00_P60.00.csv,0,1,0.0115245087,0.0255917739,0.202749088,0.0998177454,1.44146717,2.33734012,2.26339006,1.17458391,0.430299312,0.241664618,nan,nan,nan,nan
wave_data_pmstokes_H0.270_L14.047_A30.00_P60.00.csv,0,2,0.0127887987,0.0261688475,0.192979619,0.617969394,4.32402992,2.2974112,2.24765778,1.15674865,0.431690425,0.24321419,nan,nan,nan,nan
wave_data_pmstokes_H0.270_L14.047_A30.00_P60.00.csv,0,3,0.0117499316,0.0270792376,0.442107975,0.223709449,4.26300144,2.24319959,2.11650896,1.12877476,0.43190977,0.243414149,nan,nan,nan,nan
wave_data_pmstokes_H0.270_L14.047_A30.00_P60.00.csv,0,4,0.0115247099,0.0260460023,0.206749827,0.243817046,4.48558855,2.26312327,2.22746062,1.13952684,0.430806428,0.242004201,nan,nan,nan,nan
wave_data_pmstokes_H0.270_L14.047_A30.00_P60.00.csv,0,5,0.0118064564,0.0254317243,0.317713559,0.267795295,1.43349552,2.24379992,2.25447249,1.12933218,0.433007091,0.244461209,nan,nan,nan,nan
wave_data_pmstokes_H0.270_L14.047_A30.00_P60.00.csv,0.05,1,0.0115294857,0.0256107021,0.202760383,0.0999643505,1.44115257,2.34235191,2.26339006,1.17656803,0.430649728,0.242018238,nan,nan,nan,nan
wave_data_pmstokes_H0.270_L14.047_A30.00_P60.00.csv,0.05,2,0.0128004663,0.0261969231,0.192959413,0.618075609,4.32432318,2.30113387,2.24765778,1.16095686,0.432127535,0.243669197,nan,nan,nan,nan
wave_data_pmstokes_H0.270_L14.047_A30.00_P60.00.csv,0.05,3,0.0117561324,0.0270996336,0.442147404,0.223896772,4.26352787,2.24622154,2.11650896,1.13103545,0.432351202,0.243864909,nan,nan,nan,nan
wave_data_pmstokes_H0.270_L14.047_A30.00_P60.00.csv,0.05,4,0.0115296263,0.0260620825,0.20671609,0.243651047,4.48515034,2.26502609,2.22746062,1.14239907,0.431274563,0.242492735,nan,nan,nan,nan
wave_data_pmstokes_H0.270_L14.047_A30.00_P60.00.csv,0.05,5,0.0118128192,0.0254523996,0.317694783,0.267917275,1.43375504,2.24788189,2.25447249,1.13214076,0.433447033,0.244912773,nan,nan,nan,nan
wave_data_pmstokes_H0.270_L14.047_A30.00_P60.00.csv,0.10,1,0.0115485312,0.0256153848,0.202756494,0.0999515876,1.44119084,2.34674287,2.26339006,1.17724991,0.430597097,0.241925046,nan,nan,nan,nan
wave_data_pmstokes_H0.270_L14.047_A30.00_P60.00.csv,0.10,2,0.0128188627,0.026203867,0.192965508,0.618049026,4.32426357,2.30746078,2.24765778,1.1636647,0.432125479,0.243642032,nan,nan,nan,nan
wave_data_pmstokes_H0.270_L14.047_A30.00_P60.00.csv,0.10,3,0.0117757786,0.0271028727,0.442149043,0.223895475,4.26353073,2.25108862,2.11650896,1.132393,0.43236509,0.243841261,nan,nan,nan,nan
wave_data_pmstokes_H0.270_L14.047_A30.00_P60.00.csv,0.10,4,0.0115465084,0.0260647144,0.206718192,0.243642166,4.48512125,2.27051139,2.22746062,1.1445148,0.431295246,0.242488831,nan,nan,nan,nan
wave_data_pmstokes_H0.270_L14.047_A30.00_P60.00.csv,0.10,5,0.011832389,0.0254568458,0.317700207,0.267905593,1.43373215,2.25305843,2.25447249,1.13367152,0.433458328,0.244889438,nan,nan,nan,nan
wave_data_pmstokes_H0.270_L14.047_A30.00_P60.00.csv,0.15,1,0.0115665533,0.0256179553,0.202753514,0.0999203697,1.44125533,2.34862304,2.26339006,1.17791104,0.430461198,0.241764233,nan,nan,nan,nan
wave_data_pmstokes_H0.270_L14.047_A30.00_P60.00.csv,0.15,2,0.0128353769,0.0262084343,0.192974657,0.618006051,4.32415724,2.31247663,2.24765778,1.16543329,0.432015866,0.243516535,nan,nan,nan,nan
wave_data_pmstokes_H0.270_L14.047_A30.00_P60.00.csv,0.15,3,0.0117917405,0.0271005891,0.44214195,0.223871484,4.26346779,2.2545588,2.11650896,1.1335789,0.432265848,0.243715852,nan,nan,nan,nan
wave_data_pmstokes_H0.270_L14.047_A30.00_P60.00.csv,0.15,4,0.0115619609,0.0260668751,0.206728175,0.243668467,4.48519135,2.27521801,2.22746062,1.14612937,0.431196421,0.242373496,nan,nan,nan,nan
wave_data_pmstokes_H0.270_L14.047_A30.00_P60.00.csv,0.15,5,0.0118475556,0.0254581124,0.317707509,0.267869025,1.43365586,2.25656581,2.25447249,1.13486409,0.433357269,0.244765043,nan,nan,nan,nan
wave_data_pmstokes_H0.270_L14.047_A30.00_P60.00.csv,0.50,1,0.0116199125,0.0256392434,0.202749044,0.0998587236,1.44137681,2.36084843,2.26339006,1.18429327,0.430045962,0.241310626,nan,nan,nan,nan
wave_data_pmstokes_H0.270_L14.047_A30.00_P60.00.csv,0.50,2,0.0128894895,0.026245011,0.193009183,0.617844045,4.32375097,2.33227658,2.24765778,1.17174697,0.431622148,0.24308835,nan,nan,nan,nan
wave_data_pmstokes_H0.270_L14.047_A30.00_P60.00.csv,0.50,3,0.0118414825,0.0271130539,0.442125708,0.223808646,4.26327753,2.27280116,2.11650896,1.14149034,0.431867212,0.243254334,nan,nan,nan,nan
wave_data_pmstokes_H0.270_L14.047_A30.00_P60.00.csv,0.50,4,0.0116160335,0.0260976497,0.206744,0.243674144,4.48519182,2.29504108,2.22746062,1.15284801,0.430811554,0.241951048,nan,nan,nan,nan
wave_data_pmstokes_H0.270_L14.047_A30.00_P60.00.csv,0.50,5,0.0118983611,0.0254857223,0.317723662,0.267835677,1.4335891,2.27454901,2.25447249,1.14247787,0.432946414,0.244303837,nan,nan,nan,nan
wave_data_pmstokes_H1.500_L50.710_A-30.00_P120.00.csv,0,1,0.0561048277,0.141012087,0.21863763,0.147573635,3.15085292,4.07032442,2.14302492,2.03351331,0.738189161,0.714073598,nan,nan,nan,nan
wave_data_pmstokes_H1.500_L50.710_A-30.00_P120.00.csv,0,2,0.0640796497,0.13862583,0.178316519,0.615533531,3.42265248,4.06368256,2.12863684,2.03461218,0.738187373,0.714513063,nan,nan,nan,nan
wave_data_pmstokes_H1.500_L50.710_A-30.00_P120.00.csv,0,3,0.0562570579,0.143504784,0.472339332,0.223249912,2.17788315,4.06263638,2.01461601,2.03152943,0.738161504,0.713693678,nan,nan,nan,nan
wave_data_pmstokes_H1.500_L50.710_A-30.00_P120.00.csv,0,4,0.0568325073,0.141483963,0.200924233,0.227201894,5.01331329,4.05828333,2.06845379,2.03118515,0.737618208,0.714046597,nan,nan,nan,nan
wave_data_pmstokes_H1.500_L50.710_A-30.00_P120.00.csv,0,5,0.0565960295,0.136239916,0.310807914,0.258595496,0.560194314,4.06179571,2.1501441,2.03148293,0.738143742,0.715799391,nan,nan,nan,nan
wave_data_pmstokes_H1.500_L50.710_A-30.00_P120.00.csv,0.05,1,0.0559798218,0.141397431,0.218623832,0.147379741,3.15145993,4.09059477,2.14302492,2.04385448,0.73830843,0.714183152,nan,nan,nan,nan
wave_data_pmstokes_H1.500_L50.710_A-30.00_P120.00.csv,0.05,2,0.0640747175,0.138947234,0.178290397,0.615420461,3.42244244,4.08658886,2.12863684,2.04588246,0.738254368,0.714577973,nan,nan,nan,nan
wave_data_pmstokes_H1.500_L50.710_A-30.00_P120.00.csv,0.05,3,0.0561333112,0.144007742,0.472376794,0.223022804,2.17740536,4.08388186,2.01461601,2.04222155,0.738277256,0.713813066,nan,nan,nan,nan
wave_data_pmstokes_H1.500_L50.710_A-30.00_P120.00.csv,0.05,4,0.0567519739,0.141905233,0.201002359,0.227547169,5.0141592,4.08048916,2.06845379,2.04230118,0.73767817,0.714095235,nan,nan,nan,nan
wave_data_pmstokes_H1.500_L50.710_A-30.00_P120.00.csv,0.05,5,0.0564578958,0.13659966,0.310821056,0.258471221,0.560105443,4.08338737,2.1501441,2.04218459,0.738219917,0.715855598,nan,nan,nan,nan
wave_data_pmstokes_H1.500_L50.710_A-30.00_P120.00.csv,0.10,1,0.0560549684,0.141472504,0.218617275,0.147240996,3.15175986,4.08985519,2.14302492,2.04633713,0.738288939,0.714086354,nan,nan,nan,nan
wave_data_pmstokes_H1.500_L50.710_A-30.00_P120.00.csv,0.10,2,0.0641652271,0.139042348,0.178297475,0.615273774,3.42207503,4.08862066,2.12863684,2.0488975,0.738202095,0.714458823,nan,nan,nan,nan
wave_data_pmstokes_H1.500_L50.710_A-30.00_P120.00.csv,0.10,3,0.0562046207,0.144102782,0.472371757,0.222881824,2.17703986,4.08418894,2.01461601,2.04488087,0.738249779,0.713716924,nan,nan,nan,nan
wave_data_pmstokes_H1.500_L50.710_A-30.00_P120.00.csv,0.10,4,0.0568254292,0.141983762,0.201031849,0.227703899,5.01454973,4.08209419,2.06845379,2.04531932,0.737618268,0.713962317,nan,nan,nan,nan
wave_data_pmstokes_H1.500_L50.710_A-30.00_P120.00.csv,0.10,5,0.0565304831,0.136702135,0.310835123,0.25834617,0.560067117,4.08390999,2.1501441,2.04487562,0.738175213,0.71573019,nan,nan,nan,nan
wave_data_pmstokes_H1.500_L50.710_A-30.00_P120.00.csv,0.15,1,0.0561470874,0.141460851,0.218615562,0.147199199,3.15180635,4.08756447,2.14302492,2.04701352,0.738239944,0.714001894,nan,nan,nan,nan
wave_data_pmstokes_H1.500_L50.710_A-30.00_P120.00.csv,0.15,2,0.0642527044,0.139076352,0.178299263,0.615242779,3.42197824,4.0882206,2.12863684,2.04978561,0.738141119,0.714376926,nan,nan,nan,nan
wave_data_pmstokes_H1.500_L50.710_A-30.00_P120.00.csv,0.15,3,0.0563031733,0.144082204,0.472367883,0.222870424,2.17699766,4.0826416,2.01461601,2.04562879,0.738198936,0.713636994,nan,nan,nan,nan
wave_data_pmstokes_H1.500_L50.710_A-30.00_P120.00.csv,0.15,4,0.0569268242,0.141972125,0.201034054,0.227744967,5.01467371,4.0815177,2.06845379,2.04623675,0.737556696,0.713879168,nan,nan,nan,nan
wave_data_pmstokes_H1.500_L50.710_A-30.00_P120.00.csv,0.15,5,0.0566399321,0.136720851,0.310841978,0.25830403,0.560084879,4.08248091,2.1501441,2.04565024,0.738117456,0.715641022,nan,nan,nan,nan
wave_data_pmstokes_H1.500_L50.710_A-30.00_P120.00.csv,0.50,1,0.0564871617,0.141495988,0.218622804,0.147309259,3.15142226,4.09328651,2.14302492,2.05107665,0.738127708,0.713927329,nan,nan,nan,nan
wave_data_pmstokes_H1.500_L50.710_A-30.00_P120.00.csv,0.50,2,0.0645764396,0.139331505,0.178302854,0.615306735,3.4220798,4.09654284,2.12863684,2.05318046,0.738088846,0.714450717,nan,nan,nan,nan
wave_data_pmstokes_H1.500_L50.710_A-30.00_P120.00.csv,0.50,3,0.0567201711,0.144055471,0.472366869,0.223037854,2.17735577,4.08966351,2.01461601,2.04954672,0.738100469,0.713604748,nan,nan,nan,nan
wave_data_pmstokes_H1.500_L50.710_A-30.00_P120.00.csv,0.50,4,0.0573085621,0.141915917,0.200969338,0.227541581,5.01416206,4.08990145,2.06845379,2.04988837,0.737510443,0.713963151,nan,nan,nan,nan
wave_data_pmstokes_H1.500_L50.710_A-30.00_P120.00.csv,0.50,5,0.0570531934,0.136928573,0.310849279,0.258452177,0.560363472,4.08958244,2.1501441,2.04948759,0.738036156,0.715642571,nan,nan,nan,nan
wave_data_pmstokes_H4.000_L112.766_A30.00_P30.00.csv,0,1,0.150938079,0.397871971,0.175900444,0.169216901,0.701918244,6.57879591,3.02703738,3.29613185,1.01326025,1.29739594,nan,nan,nan,nan
wave_data_pmstokes_H4.000_L112.766_A30.00_P30.00.csv,0,2,0.167931631,0.375536472,0.320228636,0.639800787,3.64111829,6.58029652,3.04308128,3.29628348,1.0114255,1.29309893,nan,nan,nan,nan
wave_data_pmstokes_H4.000_L112.766_A30.00_P30.00.csv,0,3,0.15628919,0.425955832,0.359181702,0.229478434,4.24206924,6.57536888,3.1819551,3.29424047,1.012128,1.29646301,nan,nan,nan,nan
wave_data_pmstokes_H4.000_L112.766_A30.00_P30.00.csv,0,4,0.150976926,0.389172345,0.314285278,0.18901211,4.2578373,6.58580303,3.06742549,3.29898667,1.01393914,1.29779541,nan,nan,nan,nan
wave_data_pmstokes_H4.000_L112.766_A30.00_P30.00.csv,0,5,0.144054994,0.373805851,0.438840002,0.296039432,1.25541556,6.58088398,3.0220871,3.29674411,1.01308262,1.29501665,nan,nan,nan,nan
wave_data_pmstokes_H4.000_L112.766_A30.00_P30.00.csv,0.05,1,0.150611848,0.399488807,0.175921455,0.169207349,0.701800525,6.60883379,3.02703738,3.3137126,1.01515925,1.30131435,nan,nan,nan,nan
wave_data_pmstokes_H4.000_L112.766_A30.00_P30.00.csv,0.05,2,0.167758986,0.376442373,0.320221305,0.639822185,3.64145708,6.61103249,3.04308128,3.31359768,1.01326895,1.29690814,nan,nan,nan,nan
wave_data_pmstokes_H4.000_L112.766_A30.00_P30.00.csv,0.05,3,0.155936271,0.427852213,0.359217197,0.229320914,4.24185658,6.60544872,3.1819551,3.31176305,1.01401794,1.30036891,nan,nan,nan,nan
wave_data_pmstokes_H4.000_L112.766_A30.00_P30.00.csv,0.05,4,0.150650904,0.390498489,0.314436823,0.189353645,4.25844908,6.6168251,3.06742549,3.31620789,1.01577389,1.30161715,nan,nan,nan,nan
wave_data_pmstokes_H4.000_L112.766_A30.00_P30.00.csv,0.05,5,0.143536001,0.374933481,0.438904792,0.295881331,1.25531232,6.61176538,3.0220871,3.31406236,1.01491535,1.29882681,nan,nan,nan,nan
wave_data_pmstokes_H4.000_L112.766_A30.00_P30.00.csv,0.10,1,0.150736004,0.399893492,0.175927013,0.169150427,0.701845407,6.62609959,3.02703738,3.31798744,1.01558685,1.30239093,nan,nan,nan,nan
wave_data_pmstokes_H4.000_L112.766_A30.00_P30.00.csv,0.10,2,0.167913407,0.376775146,0.320250064,0.639690042,3.64117265,6.62822485,3.04308128,3.31735778,1.01368165,1.2979722,nan,nan,nan,nan
wave_data_pmstokes_H4.000_L112.766_A30.00_P30.00.csv,0.10,3,0.156061351,0.428210676,0.359202147,0.229209855,4.2416153,6.62271023,3.1819551,3.31591773,1.01445246,1.30147266,nan,nan,nan,nan
wave_data_pmstokes_H4.000_L112.766_A30.00_P30.00.csv,0.10,4,0.150737733,0.390821964,0.314484745,0.18947126,4.25866795,6.63397408,3.06742549,3.31992817,1.01613152,1.30256057,nan,nan,nan,nan
wave_data_pmstokes_H4.000_L112.766_A30.00_P30.00.csv,0.10,5,0.143603012,0.375243276,0.438937485,0.295795202,1.25521874,6.62888956,3.0220871,3.3179183,1.01528144,1.2997824,nan,nan,nan,nan
wave_data_pmstokes_H4.000_L112.766_A30.00_P30.00.csv,0.15,1,0.150989547,0.399900287,0.175922394,0.169100478,0.701923549,6.63124704,3.02703738,3.31604266,1.01557207,1.30256593,nan,nan,nan,nan
wave_data_pmstokes_H4.000_L112.766_A30.00_P30.00.csv,0.15,2,0.168089941,0.376903832,0.320262134,0.639629245,3.6410315,6.63268185,3.04308128,3.3148663,1.01367748,1.29819357,nan,nan,nan,nan
wave_data_pmstokes_H4.000_L112.766_A30.00_P30.00.csv,0.15,3,0.156291023,0.428130209,0.359184742,0.229168773,4.24151897,6.62771225,3.1819551,3.31381798,1.01444745,1.30168211,nan,nan,nan,nan
wave_data_pmstokes_H4.000_L112.766_A30.00_P30.00.csv,0.15,4,0.150960773,0.390862346,0.314500839,0.189512789,4.25876188,6.63828897,3.06742549,3.31746006,1.01608086,1.30266905,nan,nan,nan,nan
wave_data_pmstokes_H4.000_L112.766_A30.00_P30.00.csv,0.15,5,0.143845782,0.375270873,0.438951164,0.295779109,1.25521719,6.63339615,3.0220871,3.31561089,1.01523066,1.29988384,nan,nan,nan,nan
wave_data_pmstokes_H4.000_L112.766_A30.00_P30.00.csv,0.50,1,0.151982665,0.399773985,0.17586489,0.168840736,0.702661216,6.59277773,3.02703738,3.28418684,1.01561797,1.30379379,nan,nan,nan,nan
wave_data_pmstokes_H4.000_L112.766_A30.00_P30.00.csv,0.50,2,0.169110671,0.377731621,0.320290416,0.639369965,3.64035392,6.5901289,3.04308128,3.28181767,1.0138458,1.29973209,nan,nan,nan,nan
wave_data_pmstokes_H4.000_L112.766_A30.00_P30.00.csv,0.50,3,0.157314211,0.427639037,0.359114707,0.229032382,4.24115992,6.58843756,3.1819551,3.2818408,1.0145427,1.30301046,nan,nan,nan,nan
wave_data_pmstokes_H4.000_L112.766_A30.00_P30.00.csv,0.50,4,0.152065217,0.390886545,0.314535737,0.189640388,4.25921392,6.5948143,3.06742549,3.28388309,1.01618731,1.3040508,nan,nan,nan,nan
wave_data_pmstokes_H4.000_L112.766_A30.00_P30.00.csv,0.50,5,0.144998893,0.375678748,0.439080328,0.29547137,1.25441015,6.5914669,3.0220871,3.28262281,1.0152632,1.30108035,nan,nan,nan,nan
wave_data_pmstokes_H8.500_L202.839_A-30.00_P72.00.csv,0,1,0.31435287,0.853907406,0.289019883,0.171938002,3.25350332,8.3081789,3.43547964,4.12798834,1.45341253,2.52625227,nan,nan,nan,nan
wave_data_pmstokes_H8.500_L202.839_A-30.00_P72.00.csv,0,2,0.381456167,0.809920669,0.143984631,0.578806758,2.86186004,8.31043148,3.18677998,4.12535238,1.45304716,2.52345562,nan,nan,nan,nan
wave_data_pmstokes_H8.500_L202.839_A-30.00_P72.00.csv,0,3,0.322984546,0.930051982,0.351004928,0.227825135,1.80222917,8.30761051,3.29109097,4.126513,1.45264637,2.52454615,nan,nan,nan,nan
wave_data_pmstokes_H8.500_L202.839_A-30.00_P72.00.csv,0,4,0.307030559,0.85667336,0.10435725,0.276667416,5.13448191,8.30653858,3.47775435,4.12613773,1.45249343,2.52601051,nan,nan,nan,nan
wave_data_pmstokes_H8.500_L202.839_A-30.00_P72.00.csv,0,5,0.327063799,0.834033847,0.292437643,0.230871826,0.516747117,8.3066988,3.24556589,4.12501287,1.45258129,2.5243659,nan,nan,nan,nan
wave_data_pmstokes_H8.500_L202.839_A-30.00_P72.00.csv,0.05,1,0.313518822,0.857095242,0.289091319,0.171578094,3.2553525,8.33935356,3.43547964,4.13867807,1.45666611,2.53713298,nan,nan,nan,nan
wave_data_pmstokes_H8.500_L202.839_A-30.00_P72.00.csv,0.05,2,0.381191432,0.811894238,0.143977493,0.578273892,2.86068892,8.34003639,3.18677998,4.13477564,1.45632696,2.53444242,nan,nan,nan,nan
wave_data_pmstokes_H8.500_L202.839_A-30.00_P72.00.csv,0.05,3,0.322153419,0.935412526,0.351052254,0.227284536,1.80102694,8.33830643,3.29109097,4.13683271,1.45592988,2.53553224,nan,nan,nan,nan
wave_data_pmstokes_H8.500_L202.839_A-30.00_P72.00.csv,0.05,4,0.30599609,0.860205829,0.104378253,0.277412713,5.13621616,8.33720875,3.47775435,4.1364975,1.45566952,2.53665328,nan,nan,nan,nan
wave_data_pmstokes_H8.500_L202.839_A-30.00_P72.00.csv,0.05,5,0.32627818,0.837147474,0.292433947,0.230282754,0.517589152,8.33697987,3.24556589,4.13489246,1.45579529,2.53512549,nan,nan,nan,nan
wave_data_pmstokes_H8.500_L202.839_A-30.00_P72.00.csv,0.10,1,0.313542247,0.857802451,0.289098918,0.171286196,3.25648475,8.33368492,3.43547964,4.13440037,1.45744753,2.5400517,nan,nan,nan,nan
wave_data_pmstokes_H8.500_L202.839_A-30.00_P72.00.csv,0.10,2,0.381357551,0.81238246,0.143986568,0.577945352,2.85988498,8.33207798,3.18677998,4.1292901,1.45714033,2.53750801,nan,nan,nan,nan
wave_data_pmstokes_H8.500_L202.839_A-30.00_P72.00.csv,0.10,3,0.322229922,0.936834633,0.351041406,0.227042466,1.80039108,8.33187389,3.29109097,4.13219738,1.45672739,2.53851199,nan,nan,nan,nan
wave_data_pmstokes_H8.500_L202.839_A-30.00_P72.00.csv,0.10,4,0.305969,0.86126107,0.104367025,0.277727991,5.13693666,8.33090019,3.47775435,4.13195944,1.45640671,2.53943992,nan,nan,nan,nan
wave_data_pmstokes_H8.500_L202.839_A-30.00_P72.00.csv,0.10,5,0.326260775,0.838124692,0.292440057,0.229995206,0.518029928,8.32996273,3.24556589,4.12980223,1.45657861,2.53808904,nan,nan,nan,nan
wave_data_pmstokes_H8.500_L202.839_A-30.00_P72.00.csv,0.15,1,0.3137981,0.857768655,0.28909713,0.171146125,3.25683355,8.31585026,3.43547964,4.12616396,1.457129,2.53924084,nan,nan,nan,nan
wave_data_pmstokes_H8.500_L202.839_A-30.00_P72.00.csv,0.15,2,0.381634623,0.812459826,0.143989384,0.577790976,2.85948253,8.31169128,3.18677998,4.12027073,1.45685816,2.53684354,nan,nan,nan,nan
wave_data_pmstokes_H8.500_L202.839_A-30.00_P72.00.csv,0.15,3,0.322550207,0.937030911,0.351016074,0.226928681,1.80005813,8.31328106,3.29109097,4.12375307,1.45641971,2.53773546,nan,nan,nan,nan
wave_data_pmstokes_H8.500_L202.839_A-30.00_P72.00.csv,0.15,4,0.3061544,0.861475646,0.104349673,0.27789098,5.13731432,8.31241322,3.47775435,4.12355328,1.45607913,2.53860712,nan,nan,nan,nan
wave_data_pmstokes_H8.500_L202.839_A-30.00_P72.00.csv,0.15,5,0.326618701,0.838385999,0.292447627,0.229835674,0.518330216,8.31050491,3.24556589,4.12104511,1.45628536,2.53738618,nan,nan,nan,nan
wave_data_pmstokes_H8.500_L202.839_A-30.00_P72.00.csv,0.50,1,0.315370232,0.856731176,0.289090723,0.17069827,3.25829697,8.18893528,3.43547964,4.0610714,1.4539355,2.53024554,nan,nan,nan,nan
wave_data_pmstokes_H8.500_L202.839_A-30.00_P72.00.csv,0.50,2,0.38320905,0.812171638,0.143989995,0.577258289,2.85805416,8.18089008,3.18677998,4.05643177,1.45385194,2.52839231,nan,nan,nan,nan
wave_data_pmstokes_H8.500_L202.839_A-30.00_P72.00.csv,0.50,3,0.324290305,0.93775779,0.350915879,0.226659879,1.79942572,8.18534184,3.29109097,4.05912638,1.453246,2.52875352,nan,nan,nan,nan
wave_data_pmstokes_H8.500_L202.839_A-30.00_P72.00.csv,0.50,4,0.308010668,0.862414837,0.104311563,0.278266102,5.13820314,8.18468857,3.47775435,4.05883646,1.45295334,2.52983975,nan,nan,nan,nan
wave_data_pmstokes_H8.500_L202.839_A-30.00_P72.00.csv,0.50,5,0.328025639,0.839901865,0.292490691,0.229312822,0.519083321,8.18148899,3.24556589,4.05710697,1.45324683,2.52887917,nan,nan,nan,nan
