scenario,candidate,moment_horizon_periods,log_smoothing_periods,sigma_var_k_periods,seed,disp_z_rms_m,disp_3d_rms_m,roll_rms_deg,pitch_rms_deg,yaw_rms_deg,wave_period_s,period_s,tau_applied_s,sigma_applied_mps2,accel_variance_m2ps4,seg_start_disp_z_rms_m,seg_blend_disp_z_rms_m,seg_recover_disp_z_rms_m,seg_end_disp_z_rms_m
transition,baseline,8,0.50,2,1,0.182840452,0.481458068,0.213823438,0.139892712,3.16038656,8.00229073,3.00984716,4.00945187,0.612587035,0.458247095,0.0771519169,0.23969841,0.188252419,0.204197496
transition,baseline,8,0.50,2,2,0.201766193,0.464854419,0.171936095,0.603846431,3.48115158,7.99145603,3.05164194,4.00386,0.612150669,0.462373257,0.0692629293,0.24552004,0.19331409,0.237894669
transition,baseline,8,0.50,2,3,0.181845292,0.517014086,0.481766254,0.209490433,2.51077771,7.99750376,2.8693521,4.00721073,0.609315872,0.459101915,0.0689804256,0.247258544,0.197559044,0.198798507
transition,baseline,8,0.50,2,4,0.191507101,0.497272193,0.205046594,0.258761853,4.90882444,7.9935956,2.96246934,4.00544357,0.612869024,0.457668096,0.0692869872,0.253427744,0.25595665,0.196928248
transition,baseline,8,0.50,2,5,0.175049573,0.466316849,0.309066892,0.259234875,0.528604805,7.99729013,3.08476591,4.00669765,0.612077832,0.461654872,0.0765335709,0.235915124,0.165502042,0.196440548
transition,baseline,8,0.50,2,6,0.20223625,0.456603497,0.594498038,0.274119467,3.20044446,8.0,2.97952223,4.00850058,0.61184895,0.457494855,0.0740127191,0.247066751,0.238308981,0.225488693
transition,baseline,8,0.50,2,7,0.21460101,0.503504753,0.0724873021,0.139668092,1.51401949,7.9999218,2.78755307,4.00854635,0.593075633,0.459092498,0.0710284859,0.243396103,0.192156166,0.261399359
transition,baseline,8,0.50,2,8,0.19007431,0.47170189,0.215518832,0.237880632,1.3963846,8.00201035,2.77370429,4.00946331,0.59268868,0.457931668,0.0682459846,0.232615307,0.19977811,0.218846872
transition,baseline,8,0.50,2,9,0.182379335,0.488259405,0.398942709,0.409817666,5.78169966,7.99975586,2.82543826,4.00847387,0.592628956,0.458521128,0.0729290247,0.227329776,0.231346309,0.195399359
transition,baseline,8,0.50,2,10,0.19127591,0.509145856,0.492743582,0.25208205,1.42057478,7.99572277,2.84487963,4.00582743,0.593615651,0.460772574,0.0710940361,0.236724034,0.221969023,0.213134527
transition,joint_log_005,4,0.05,4,1,0.177667215,0.477884173,0.214097902,0.141291648,3.15600204,7.891119,3.00984716,3.95600653,0.611891866,0.468751699,0.0758899301,0.210784674,0.187984526,0.203858018
transition,joint_log_005,4,0.05,4,2,0.196254537,0.460285157,0.171505317,0.607022166,3.48924541,7.89245892,3.05164194,3.94488668,0.611173153,0.47258687,0.0675658211,0.216593161,0.187042177,0.237754032
transition,joint_log_005,4,0.05,4,3,0.177253708,0.521407962,0.483285904,0.211940378,2.51908183,7.88437176,2.8693521,3.94884396,0.60836482,0.469637007,0.0679905191,0.216648549,0.196809411,0.20051752
transition,joint_log_005,4,0.05,4,4,0.188949525,0.496282607,0.204275772,0.255285323,4.90018702,7.88202047,2.96246934,3.94370079,0.61194855,0.46802941,0.0689935088,0.231185853,0.261264443,0.19752039
transition,joint_log_005,4,0.05,4,5,0.168800279,0.46041739,0.308223069,0.262047827,0.531662643,7.89581442,3.08476591,3.94938326,0.610888422,0.471463352,0.0751488954,0.200578794,0.163689896,0.196676299
transition,joint_log_005,4,0.05,4,6,0.1969188,0.453922123,0.595625103,0.270985603,3.20692825,7.88295794,2.97952223,3.95046496,0.611075461,0.467878222,0.0730652288,0.220029309,0.233899057,0.224899918
transition,joint_log_005,4,0.05,4,7,0.212827548,0.495478809,0.0721811727,0.140925512,1.50855136,7.89207125,2.78755307,3.95001364,0.59154588,0.469329029,0.0697327033,0.221476436,0.194748878,0.263503224
transition,joint_log_005,4,0.05,4,8,0.187268749,0.463953674,0.214748442,0.23991546,1.39137399,7.88726902,2.77370429,3.95236659,0.591376483,0.468540877,0.0675217211,0.200268269,0.203281909,0.2219868
transition,joint_log_005,4,0.05,4,9,0.175373122,0.486738443,0.398029149,0.407655299,5.77603006,7.88951826,2.82543826,3.94821,0.590749919,0.468180627,0.072686635,0.194096088,0.226088181,0.193696409
transition,joint_log_005,4,0.05,4,10,0.185457423,0.500318766,0.491892904,0.253586322,1.42767406,7.89549255,2.84487963,3.94747758,0.591832995,0.47062692,0.0699815452,0.203499362,0.224838749,0.211257786
transition,joint_log_010,4,0.10,4,1,0.177568227,0.479478061,0.21407558,0.14115335,3.15641284,7.89193583,3.00984716,3.9721992,0.611850977,0.468673408,0.0759893283,0.210350096,0.188111722,0.203745857
transition,joint_log_010,4,0.10,4,2,0.196160138,0.461366951,0.171517283,0.606842756,3.4887929,7.88350868,3.05164194,3.9596858,0.611147821,0.47252056,0.0678180158,0.215773717,0.186969995,0.237772524
transition,joint_log_010,4,0.10,4,3,0.176891893,0.523326039,0.483276993,0.211757362,2.51846385,7.88192654,2.8693521,3.96452713,0.608360231,0.469554722,0.0681608394,0.215881214,0.196768552,0.200046673
transition,joint_log_010,4,0.10,4,4,0.18894735,0.497708529,0.204340249,0.255492449,4.90072489,7.87617636,2.96246934,3.95880365,0.611908674,0.467928797,0.0691223219,0.230896756,0.262012094,0.197301865
transition,joint_log_010,4,0.10,4,5,0.168677062,0.461594403,0.308263421,0.261851341,0.531529188,7.88901234,3.08476591,3.9646101,0.610858917,0.471388787,0.0752865747,0.200137034,0.1633735,0.196624547
transition,joint_log_010,4,0.10,4,6,0.196926206,0.455404162,0.595628738,0.271171093,3.20652652,7.88240194,2.97952223,3.9663353,0.611027837,0.467792779,0.0731798634,0.219381452,0.234258875,0.224970356
transition,joint_log_010,4,0.10,4,7,0.213037491,0.497102559,0.0721825436,0.140799791,1.50895798,7.88759422,2.78755307,3.96551991,0.591576695,0.46923852,0.0698548034,0.220703274,0.194371372,0.264114022
transition,joint_log_010,4,0.10,4,8,0.187437668,0.4654724,0.214823946,0.239718661,1.39180934,7.88647175,2.77370429,3.96823215,0.591415405,0.468453974,0.0676848367,0.199255705,0.203747272,0.222403005
transition,joint_log_010,4,0.10,4,9,0.174946457,0.488538086,0.398048609,0.407752842,5.77637291,7.88417625,2.82543826,3.96350336,0.590775609,0.468084067,0.0727583691,0.192809105,0.226316646,0.193147048
transition,joint_log_010,4,0.10,4,10,0.185264885,0.50169909,0.491914392,0.253498375,1.42725992,7.88738346,2.84487963,3.96245718,0.591863394,0.470547885,0.0701282769,0.203010708,0.224815309,0.211011216
wave_data_jonswap_H0.270_L14.047_A30.00_P60.00.csv,baseline,8,0.50,2,1,0.0115940152,0.026602393,0.197711095,0.105930507,2.2417624,2.63515806,1.61891067,1.31344807,0.390275538,0.206466168,nan,nan,nan,nan
wave_data_jonswap_H0.270_L14.047_A30.00_P60.00.csv,baseline,8,0.50,2,2,0.0131151108,0.0277880821,0.203934819,0.6132074,4.6866312,2.58861256,1.62367296,1.29279733,0.396398723,0.208073094,nan,nan,nan,nan
wave_data_jonswap_H0.270_L14.047_A30.00_P60.00.csv,baseline,8,0.50,2,3,0.01198004,0.0285501927,0.430784762,0.222693413,4.70528173,2.53768587,1.63657033,1.26646101,0.400003761,0.207700402,nan,nan,nan,nan
wave_data_jonswap_H0.270_L14.047_A30.00_P60.00.csv,baseline,8,0.50,2,4,0.0117388591,0.0272546764,0.213511363,0.242771149,4.49784994,2.55478954,1.62156677,1.27559531,0.395727873,0.207830176,nan,nan,nan,nan
wave_data_jonswap_H0.270_L14.047_A30.00_P60.00.csv,baseline,8,0.50,2,5,0.0119741326,0.0267044939,0.326298863,0.267017782,0.974016666,2.53988528,1.61935377,1.2676841,0.392683148,0.207885891,nan,nan,nan,nan
wave_data_jonswap_H0.270_L14.047_A30.00_P60.00.csv,baseline,8,0.50,2,6,0.0126067465,0.0264241453,0.551622808,0.277287006,3.72489309,2.55037928,1.61947632,1.27235627,0.391676396,0.206955463,nan,nan,nan,nan
wave_data_jonswap_H0.270_L14.047_A30.00_P60.00.csv,baseline,8,0.50,2,7,0.01278402,0.0280237515,0.0843849406,0.118071504,0.447609544,2.62711883,1.66903961,1.31284177,0.398800045,0.205966428,nan,nan,nan,nan
wave_data_jonswap_H0.270_L14.047_A30.00_P60.00.csv,baseline,8,0.50,2,8,0.0120680928,0.0263492707,0.217083216,0.263341129,2.0688405,2.55746794,1.66919208,1.27602911,0.40075767,0.206904486,nan,nan,nan,nan
wave_data_jonswap_H0.270_L14.047_A30.00_P60.00.csv,baseline,8,0.50,2,9,0.0115231387,0.0269766711,0.412420869,0.417626441,5.07202911,2.5306356,1.68129945,1.26319921,0.401835322,0.208017662,nan,nan,nan,nan
wave_data_jonswap_H0.270_L14.047_A30.00_P60.00.csv,baseline,8,0.50,2,10,0.0120600378,0.026853282,0.512490273,0.23430641,2.22042918,2.56050682,1.64831293,1.27825296,0.400738955,0.208081126,nan,nan,nan,nan
wave_data_jonswap_H0.270_L14.047_A30.00_P60.00.csv,joint_log_005,4,0.05,4,1,0.0115194675,0.0265007243,0.197809637,0.105659977,2.2419436,2.64042473,1.61891067,1.32128668,0.368801624,0.189127028,nan,nan,nan,nan
wave_data_jonswap_H0.270_L14.047_A30.00_P60.00.csv,joint_log_005,4,0.05,4,2,0.0130622284,0.0276996531,0.203839153,0.613883078,4.68829393,2.59460044,1.62367296,1.29179001,0.374979556,0.190967262,nan,nan,nan,nan
wave_data_jonswap_H0.270_L14.047_A30.00_P60.00.csv,joint_log_005,4,0.05,4,3,0.0118989795,0.0284674447,0.430892974,0.222631186,4.70525265,2.54543066,1.63657033,1.27120614,0.379050106,0.191052958,nan,nan,nan,nan
wave_data_jonswap_H0.270_L14.047_A30.00_P60.00.csv,joint_log_005,4,0.05,4,4,0.0116487192,0.027175162,0.213384062,0.242782936,4.49754763,2.56421304,1.62156677,1.27802312,0.37476486,0.19127807,nan,nan,nan,nan
wave_data_jonswap_H0.270_L14.047_A30.00_P60.00.csv,joint_log_005,4,0.05,4,5,0.0118884649,0.0265613683,0.326229125,0.266994447,0.974136412,2.54502273,1.61935377,1.27119505,0.3717058,0.19110316,nan,nan,nan,nan
wave_data_jonswap_H0.270_L14.047_A30.00_P60.00.csv,joint_log_005,4,0.05,4,6,0.0125355804,0.0262983982,0.551642418,0.277583987,3.72442126,2.55767751,1.61947632,1.27858365,0.370968759,0.19047603,nan,nan,nan,nan
wave_data_jonswap_H0.270_L14.047_A30.00_P60.00.csv,joint_log_005,4,0.05,4,7,0.0127006974,0.0279055145,0.0844540447,0.118107118,0.447597682,2.62171674,1.66903961,1.31042027,0.378041834,0.18947199,nan,nan,nan,nan
wave_data_jonswap_H0.270_L14.047_A30.00_P60.00.csv,joint_log_005,4,0.05,4,8,0.0120129157,0.0262353327,0.216994494,0.263751626,2.06780505,2.56170917,1.66919208,1.28041673,0.379969239,0.190572634,nan,nan,nan,nan
wave_data_jonswap_H0.270_L14.047_A30.00_P60.00.csv,joint_log_005,4,0.05,4,9,0.011454477,0.0269277897,0.412652582,0.418336838,5.07377005,2.53809953,1.68129945,1.26722395,0.380894393,0.191464886,nan,nan,nan,nan
wave_data_jonswap_H0.270_L14.047_A30.00_P60.00.csv,joint_log_005,4,0.05,4,10,0.0120102521,0.0268373098,0.512462616,0.234208003,2.22024035,2.57647753,1.64831293,1.27994204,0.379733711,0.191430122,nan,nan,nan,nan
wave_data_jonswap_H0.270_L14.047_A30.00_P60.00.csv,joint_log_010,4,0.10,4,1,0.0115389172,0.0265026633,0.19780688,0.105649717,2.24198151,2.64124155,1.61891067,1.32144046,0.368723243,0.189018056,nan,nan,nan,nan
wave_data_jonswap_H0.270_L14.047_A30.00_P60.00.csv,joint_log_010,4,0.10,4,2,0.0130771492,0.0277001057,0.203839004,0.613885105,4.68829727,2.58786941,1.62367296,1.2924484,0.375178993,0.191132158,nan,nan,nan,nan
wave_data_jonswap_H0.270_L14.047_A30.00_P60.00.csv,joint_log_010,4,0.10,4,3,0.0119185951,0.0284679104,0.430888504,0.222606972,4.70518446,2.54278135,1.63657033,1.27180529,0.379117548,0.191093981,nan,nan,nan,nan
wave_data_jonswap_H0.270_L14.047_A30.00_P60.00.csv,joint_log_010,4,0.10,4,4,0.0116686393,0.0271767601,0.213391304,0.242811412,4.49762583,2.55878472,1.62156677,1.27873671,0.374962091,0.191441342,nan,nan,nan,nan
wave_data_jonswap_H0.270_L14.047_A30.00_P60.00.csv,joint_log_010,4,0.10,4,5,0.0119057875,0.0265610274,0.326229334,0.266985089,0.974114537,2.5425055,1.61935377,1.27182364,0.371791482,0.191155657,nan,nan,nan,nan
wave_data_jonswap_H0.270_L14.047_A30.00_P60.00.csv,joint_log_010,4,0.10,4,6,0.0125504788,0.0262991115,0.551638186,0.277596265,3.72439098,2.55640054,1.61947632,1.27911925,0.370995224,0.190469354,nan,nan,nan,nan
wave_data_jonswap_H0.270_L14.047_A30.00_P60.00.csv,joint_log_010,4,0.10,4,7,0.0127156051,0.0279065929,0.0844622552,0.118068941,0.447696328,2.61960769,1.66903961,1.31128192,0.378096789,0.189509243,nan,nan,nan,nan
wave_data_jonswap_H0.270_L14.047_A30.00_P60.00.csv,joint_log_010,4,0.10,4,8,0.0120325405,0.0262380857,0.216998026,0.263748378,2.06780171,2.56023407,1.66919208,1.2809602,0.379975885,0.190559879,nan,nan,nan,nan
wave_data_jonswap_H0.270_L14.047_A30.00_P60.00.csv,joint_log_010,4,0.10,4,9,0.0114686228,0.026925277,0.412659615,0.418350786,5.07379246,2.53490663,1.68129945,1.26793778,0.381012291,0.191565946,nan,nan,nan,nan
wave_data_jonswap_H0.270_L14.047_A30.00_P60.00.csv,joint_log_010,4,0.10,4,10,0.0120244818,0.0268343706,0.512464046,0.234195337,2.22019935,2.56742692,1.64831293,1.28038085,0.379828036,0.191500977,nan,nan,nan,nan
wave_data_jonswap_H1.500_L50.710_A-30.00_P120.00.csv,baseline,8,0.50,2,1,0.0571244843,0.157144934,0.24249512,0.105893075,3.22299075,4.36546898,2.26168084,2.19445753,0.921542346,1.00213718,nan,nan,nan,nan
wave_data_jonswap_H1.500_L50.710_A-30.00_P120.00.csv,baseline,8,0.50,2,2,0.0658699498,0.150908098,0.139646307,0.580432057,3.56910753,4.36991787,2.26316285,2.1953423,0.923173249,1.00627911,nan,nan,nan,nan
wave_data_jonswap_H1.500_L50.710_A-30.00_P120.00.csv,baseline,8,0.50,2,3,0.0575863793,0.162863508,0.504379332,0.191882744,2.34190965,4.36384201,2.35359216,2.1929493,0.914213717,1.00393248,nan,nan,nan,nan
wave_data_jonswap_H1.500_L50.710_A-30.00_P120.00.csv,baseline,8,0.50,2,4,0.0583232418,0.153246284,0.162580639,0.268105239,4.67708397,4.36506414,2.31638026,2.1930244,0.922729909,1.00493026,nan,nan,nan,nan
wave_data_jonswap_H1.500_L50.710_A-30.00_P120.00.csv,baseline,8,0.50,2,5,0.0582050458,0.152596921,0.270802259,0.227458209,0.428299278,4.35852623,2.26792526,2.19010401,0.923565209,1.00704467,nan,nan,nan,nan
wave_data_jonswap_H1.500_L50.710_A-30.00_P120.00.csv,baseline,8,0.50,2,6,0.0624352694,0.145849153,0.619035602,0.287909716,3.1539824,4.3624115,2.27715087,2.19259667,0.921734095,1.00260472,nan,nan,nan,nan
wave_data_jonswap_H1.500_L50.710_A-30.00_P120.00.csv,baseline,8,0.50,2,7,0.0649539083,0.156349495,0.0615818314,0.0985030308,1.51431632,4.37125015,2.37346911,2.19649315,0.898489475,1.00435007,nan,nan,nan,nan
wave_data_jonswap_H1.500_L50.710_A-30.00_P120.00.csv,baseline,8,0.50,2,8,0.0589936413,0.147724241,0.183532327,0.208819613,1.79479301,4.36615658,2.38064289,2.19441223,0.897640526,1.00357068,nan,nan,nan,nan
wave_data_jonswap_H1.500_L50.710_A-30.00_P120.00.csv,baseline,8,0.50,2,9,0.0581197627,0.153834239,0.35926953,0.45361954,5.5307703,4.36012602,2.33056116,2.19071531,0.889961183,1.00596106,nan,nan,nan,nan
wave_data_jonswap_H1.500_L50.710_A-30.00_P120.00.csv,baseline,8,0.50,2,10,0.0615374297,0.156825632,0.451371491,0.212882876,1.43713999,4.36676788,2.36561489,2.19374895,0.910654843,1.00681996,nan,nan,nan,nan
wave_data_jonswap_H1.500_L50.710_A-30.00_P120.00.csv,joint_log_005,4,0.05,4,1,0.0559913702,0.156012744,0.242153272,0.105895981,3.22427964,4.19774199,2.26168084,2.06728125,0.840364397,0.855456948,nan,nan,nan,nan
wave_data_jonswap_H1.500_L50.710_A-30.00_P120.00.csv,joint_log_005,4,0.05,4,2,0.0652500987,0.150541335,0.139676526,0.58126545,3.57134485,4.2043891,2.26316285,2.07478905,0.842202365,0.859734416,nan,nan,nan,nan
wave_data_jonswap_H1.500_L50.710_A-30.00_P120.00.csv,joint_log_005,4,0.05,4,3,0.0562410429,0.162130594,0.504447103,0.192702666,2.34506059,4.19652128,2.35359216,2.06998849,0.833534896,0.85751164,nan,nan,nan,nan
wave_data_jonswap_H1.500_L50.710_A-30.00_P120.00.csv,joint_log_005,4,0.05,4,4,0.0576624461,0.153359264,0.162660822,0.267605931,4.67573071,4.19770002,2.31638026,2.07344747,0.841207325,0.857537627,nan,nan,nan,nan
wave_data_jonswap_H1.500_L50.710_A-30.00_P120.00.csv,joint_log_005,4,0.05,4,5,0.0570380799,0.151640624,0.270912766,0.228099793,0.427685946,4.19492006,2.26792526,2.06637216,0.842338145,0.859864056,nan,nan,nan,nan
wave_data_jonswap_H1.500_L50.710_A-30.00_P120.00.csv,joint_log_005,4,0.05,4,6,0.0613180324,0.146244317,0.619003057,0.28683719,3.15564156,4.19471931,2.27715087,2.06849432,0.84055382,0.855961144,nan,nan,nan,nan
wave_data_jonswap_H1.500_L50.710_A-30.00_P120.00.csv,joint_log_005,4,0.05,4,7,0.0630273968,0.155136585,0.0617446601,0.099041149,1.5122993,4.20066547,2.37346911,2.07222247,0.818456113,0.857653797,nan,nan,nan,nan
wave_data_jonswap_H1.500_L50.710_A-30.00_P120.00.csv,joint_log_005,4,0.05,4,8,0.0581194647,0.14653641,0.183194757,0.209384933,1.79348218,4.19645023,2.38064289,2.06978154,0.817738831,0.857195199,nan,nan,nan,nan
wave_data_jonswap_H1.500_L50.710_A-30.00_P120.00.csv,joint_log_005,4,0.05,4,9,0.0568490662,0.153660089,0.359549344,0.453931302,5.53229475,4.19393349,2.33056116,2.06978655,0.809878767,0.858289599,nan,nan,nan,nan
wave_data_jonswap_H1.500_L50.710_A-30.00_P120.00.csv,joint_log_005,4,0.05,4,10,0.0601239242,0.156527206,0.451458842,0.213326216,1.43748271,4.20126486,2.36561489,2.07572913,0.830040693,0.859805703,nan,nan,nan,nan
wave_data_jonswap_H1.500_L50.710_A-30.00_P120.00.csv,joint_log_010,4,0.10,4,1,0.0561826006,0.156113133,0.242141426,0.105798483,3.2244997,4.16462135,2.26168084,2.06834054,0.839965284,0.85460335,nan,nan,nan,nan
wave_data_jonswap_H1.500_L50.710_A-30.00_P120.00.csv,joint_log_010,4,0.10,4,2,0.0654227734,0.150590897,0.139675781,0.581232548,3.57127881,4.17542648,2.26316285,2.07585049,0.84185636,0.858973265,nan,nan,nan,nan
wave_data_jonswap_H1.500_L50.710_A-30.00_P120.00.csv,joint_log_010,4,0.10,4,3,0.0564183854,0.162193462,0.504440069,0.192638755,2.34489822,4.16648054,2.35359216,2.0711534,0.833195627,0.856746793,nan,nan,nan,nan
wave_data_jonswap_H1.500_L50.710_A-30.00_P120.00.csv,joint_log_010,4,0.10,4,4,0.057817623,0.153337151,0.162659451,0.26764825,4.67582226,4.17012691,2.31638026,2.07481122,0.840908468,0.856874108,nan,nan,nan,nan
wave_data_jonswap_H1.500_L50.710_A-30.00_P120.00.csv,joint_log_010,4,0.10,4,5,0.0572186485,0.151722834,0.270908266,0.228093579,0.42776075,4.1627717,2.26792526,2.06719565,0.841932952,0.858986557,nan,nan,nan,nan
wave_data_jonswap_H1.500_L50.710_A-30.00_P120.00.csv,joint_log_010,4,0.10,4,6,0.0614502467,0.146268725,0.618991852,0.286922157,3.15546727,4.16396093,2.27715087,2.06972623,0.840194881,0.855185628,nan,nan,nan,nan
wave_data_jonswap_H1.500_L50.710_A-30.00_P120.00.csv,joint_log_010,4,0.10,4,7,0.0632070974,0.155200213,0.0617433712,0.0989935547,1.51241684,4.17074251,2.37346911,2.07340765,0.818120182,0.856875837,nan,nan,nan,nan
wave_data_jonswap_H1.500_L50.710_A-30.00_P120.00.csv,joint_log_010,4,0.10,4,8,0.0582756959,0.146547049,0.183195844,0.209360853,1.79348898,4.16612244,2.38064289,2.07100558,0.817382991,0.856381297,nan,nan,nan,nan
wave_data_jonswap_H1.500_L50.710_A-30.00_P120.00.csv,joint_log_010,4,0.10,4,9,0.0570154525,0.153709412,0.359548062,0.453943104,5.53226328,4.16487885,2.33056116,2.0710113,0.809545636,0.857515991,nan,nan,nan,nan
wave_data_jonswap_H1.500_L50.710_A-30.00_P120.00.csv,joint_log_010,4,0.10,4,10,0.0603142083,0.156619802,0.451458722,0.213322297,1.43744254,4.17436886,2.36561489,2.07699728,0.829639077,0.858891845,nan,nan,nan,nan
wave_data_jonswap_H4.000_L112.766_A30.00_P30.00.csv,baseline,8,0.50,2,1,0.150773421,0.452292323,0.180036336,0.0950165391,0.589555383,7.20137358,3.20307708,3.6173985,1.28201818,2.06616807,nan,nan,nan,nan
wave_data_jonswap_H4.000_L112.766_A30.00_P30.00.csv,baseline,8,0.50,2,2,0.168924168,0.425036669,0.322478533,0.555018127,3.90323257,7.2015152,3.19186282,3.61634946,1.28066838,2.06201291,nan,nan,nan,nan
wave_data_jonswap_H4.000_L112.766_A30.00_P30.00.csv,baseline,8,0.50,2,3,0.15883626,0.491882741,0.331881493,0.154717669,4.45106649,7.19982004,3.19119287,3.61613441,1.28197992,2.06691504,nan,nan,nan,nan
wave_data_jonswap_H4.000_L112.766_A30.00_P30.00.csv,baseline,8,0.50,2,4,0.150837645,0.442618251,0.276022375,0.312066108,4.21080828,7.20107555,3.19499469,3.61681461,1.28134739,2.06291175,nan,nan,nan,nan
wave_data_jonswap_H4.000_L112.766_A30.00_P30.00.csv,baseline,8,0.50,2,5,0.149947956,0.432570904,0.378713012,0.184918329,1.12450898,7.19970989,3.20405459,3.61623144,1.27950513,2.05627584,nan,nan,nan,nan
wave_data_jonswap_H4.000_L112.766_A30.00_P30.00.csv,baseline,8,0.50,2,6,0.161351323,0.416520715,0.603028774,0.35026291,3.09438992,7.20066261,3.20554161,3.61707926,1.28191626,2.06545782,nan,nan,nan,nan
wave_data_jonswap_H4.000_L112.766_A30.00_P30.00.csv,baseline,8,0.50,2,7,0.179583341,0.455697477,0.240865886,0.129207164,0.664622784,7.20048237,3.24683595,3.61631918,1.28126752,2.06343532,nan,nan,nan,nan
wave_data_jonswap_H4.000_L112.766_A30.00_P30.00.csv,baseline,8,0.50,2,8,0.153565645,0.429004222,0.260106921,0.173861906,0.638409495,7.20025921,3.25262451,3.61657429,1.28224862,2.06747603,nan,nan,nan,nan
wave_data_jonswap_H4.000_L112.766_A30.00_P30.00.csv,baseline,8,0.50,2,9,0.144479215,0.431633741,0.538231552,0.470758498,3.56465745,7.20063019,3.2840097,3.61686349,1.28032124,2.05819273,nan,nan,nan,nan
wave_data_jonswap_H4.000_L112.766_A30.00_P30.00.csv,baseline,8,0.50,2,10,0.152355164,0.438653171,0.575166941,0.205803201,2.49052525,7.20162439,3.20974112,3.61671042,1.28026366,2.05928755,nan,nan,nan,nan
wave_data_jonswap_H4.000_L112.766_A30.00_P30.00.csv,joint_log_005,4,0.05,4,1,0.148421362,0.445538878,0.179466531,0.0982261971,0.581267059,7.2304554,3.20307708,3.6777935,1.19216216,1.78368831,nan,nan,nan,nan
wave_data_jonswap_H4.000_L112.766_A30.00_P30.00.csv,joint_log_005,4,0.05,4,2,0.164273247,0.41983217,0.321521491,0.56054008,3.91897869,7.2398634,3.19186282,3.68107867,1.19194734,1.78301144,nan,nan,nan,nan
wave_data_jonswap_H4.000_L112.766_A30.00_P30.00.csv,joint_log_005,4,0.05,4,3,0.154286683,0.497405082,0.333229303,0.157160133,4.46469641,7.23341751,3.19119287,3.67853785,1.19237077,1.78472555,nan,nan,nan,nan
wave_data_jonswap_H4.000_L112.766_A30.00_P30.00.csv,joint_log_005,4,0.05,4,4,0.146352142,0.443918139,0.27412042,0.30700922,4.19580793,7.23118687,3.19499469,3.67868447,1.1913507,1.78085685,nan,nan,nan,nan
wave_data_jonswap_H4.000_L112.766_A30.00_P30.00.csv,joint_log_005,4,0.05,4,5,0.148661867,0.432808191,0.377252102,0.18844372,1.13370442,7.23121738,3.20405459,3.67803836,1.1906004,1.77802551,nan,nan,nan,nan
wave_data_jonswap_H4.000_L112.766_A30.00_P30.00.csv,joint_log_005,4,0.05,4,6,0.157364964,0.413862914,0.604043365,0.345944226,3.10384774,7.22910118,3.20554161,3.6775701,1.19203043,1.78314292,nan,nan,nan,nan
wave_data_jonswap_H4.000_L112.766_A30.00_P30.00.csv,joint_log_005,4,0.05,4,7,0.180655345,0.451215237,0.239435613,0.131483674,0.65180254,7.2323699,3.24683595,3.67864656,1.19161284,1.78192317,nan,nan,nan,nan
wave_data_jonswap_H4.000_L112.766_A30.00_P30.00.csv,joint_log_005,4,0.05,4,8,0.150185898,0.423580438,0.258473366,0.177659884,0.626100957,7.23161316,3.25262451,3.67814636,1.1923871,1.78466952,nan,nan,nan,nan
wave_data_jonswap_H4.000_L112.766_A30.00_P30.00.csv,joint_log_005,4,0.05,4,9,0.140675545,0.428463906,0.536789596,0.466188818,3.55107737,7.22800159,3.2840097,3.67775464,1.19048226,1.77755344,nan,nan,nan,nan
wave_data_jonswap_H4.000_L112.766_A30.00_P30.00.csv,joint_log_005,4,0.05,4,10,0.148370206,0.436052203,0.574256361,0.207129911,2.49773359,7.23699188,3.20974112,3.68069601,1.19097459,1.77956378,nan,nan,nan,nan
wave_data_jonswap_H4.000_L112.766_A30.00_P30.00.csv,joint_log_010,4,0.10,4,1,0.148558453,0.446333289,0.179520741,0.0981350616,0.581712127,7.2706275,3.20307708,3.70228601,1.18992257,1.77768505,nan,nan,nan,nan
wave_data_jonswap_H4.000_L112.766_A30.00_P30.00.csv,joint_log_010,4,0.10,4,2,0.164641336,0.420444965,0.321540385,0.560399055,3.91857457,7.27994728,3.19186282,3.7047677,1.18972874,1.77706766,nan,nan,nan,nan
wave_data_jonswap_H4.000_L112.766_A30.00_P30.00.csv,joint_log_010,4,0.10,4,3,0.154516682,0.498528212,0.333224148,0.157151476,4.46456385,7.27344751,3.19119287,3.70259023,1.19014013,1.77874267,nan,nan,nan,nan
wave_data_jonswap_H4.000_L112.766_A30.00_P30.00.csv,joint_log_010,4,0.10,4,4,0.146497265,0.444490165,0.274209261,0.307284325,4.1964221,7.27272558,3.19499469,3.70271611,1.18912172,1.77487695,nan,nan,nan,nan
wave_data_jonswap_H4.000_L112.766_A30.00_P30.00.csv,joint_log_010,4,0.10,4,5,0.148823068,0.433261722,0.377299339,0.188320309,1.13344121,7.2718153,3.20405459,3.70217776,1.18835902,1.7720269,nan,nan,nan,nan
wave_data_jonswap_H4.000_L112.766_A30.00_P30.00.csv,joint_log_010,4,0.10,4,6,0.157606035,0.41430366,0.604025424,0.346109569,3.10352731,7.26992226,3.20554161,3.70197988,1.18978155,1.77710867,nan,nan,nan,nan
wave_data_jonswap_H4.000_L112.766_A30.00_P30.00.csv,joint_log_010,4,0.10,4,7,0.180933997,0.452127755,0.239455998,0.131536871,0.65205729,7.27307653,3.24683595,3.70265365,1.18938482,1.77595103,nan,nan,nan,nan
wave_data_jonswap_H4.000_L112.766_A30.00_P30.00.csv,joint_log_010,4,0.10,4,8,0.1502693,0.424157113,0.258544266,0.17760542,0.626387715,7.27205944,3.25262451,3.70238137,1.19014752,1.77866268,nan,nan,nan,nan
wave_data_jonswap_H4.000_L112.766_A30.00_P30.00.csv,joint_log_010,4,0.10,4,9,0.140803471,0.429153413,0.536839247,0.466347873,3.55155492,7.26994038,3.2840097,3.70191455,1.18825293,1.7715807,nan,nan,nan,nan
wave_data_jonswap_H4.000_L112.766_A30.00_P30.00.csv,joint_log_010,4,0.10,4,10,0.14851141,0.436833233,0.574292481,0.207197055,2.49764824,7.2780757,3.20974112,3.70444989,1.18874276,1.7735759,nan,nan,nan,nan
wave_data_jonswap_H8.500_L202.839_A-30.00_P72.00.csv,baseline,8,0.50,2,1,0.316090435,0.999225616,0.1857851,0.159706861,3.04991293,8.4709444,3.48649359,4.23976374,1.65160215,3.35886383,nan,nan,nan,nan
wave_data_jonswap_H8.500_L202.839_A-30.00_P72.00.csv,baseline,8,0.50,2,2,0.37197879,0.905522764,0.228362203,0.563315094,3.05756736,8.46714401,3.46802711,4.23718452,1.65549743,3.37193656,nan,nan,nan,nan
wave_data_jonswap_H8.500_L202.839_A-30.00_P72.00.csv,baseline,8,0.50,2,3,0.321166992,1.04940736,0.41881007,0.194103494,2.00061202,8.46773529,3.46637082,4.23797178,1.65276563,3.36245728,nan,nan,nan,nan
wave_data_jonswap_H8.500_L202.839_A-30.00_P72.00.csv,baseline,8,0.50,2,4,0.315110236,0.966863394,0.247216433,0.274697423,4.97528553,8.47035027,3.49343538,4.23948526,1.65018535,3.35514259,nan,nan,nan,nan
wave_data_jonswap_H8.500_L202.839_A-30.00_P72.00.csv,baseline,8,0.50,2,5,0.317020774,0.933209121,0.317888975,0.195165202,0.462466657,8.47087955,3.46896625,4.23937893,1.65314269,3.36469722,nan,nan,nan,nan
wave_data_jonswap_H8.500_L202.839_A-30.00_P72.00.csv,baseline,8,0.50,2,6,0.376176596,0.9237988,0.650122344,0.243934631,2.85313749,8.47091579,3.49653578,4.23989964,1.65010822,3.35436416,nan,nan,nan,nan
wave_data_jonswap_H8.500_L202.839_A-30.00_P72.00.csv,baseline,8,0.50,2,7,0.378985554,0.973863542,0.173707247,0.177021593,1.92930603,8.468297,3.45500636,4.23825502,1.65233576,3.36177754,nan,nan,nan,nan
wave_data_jonswap_H8.500_L202.839_A-30.00_P72.00.csv,baseline,8,0.50,2,8,0.348890036,0.978746295,0.217699513,0.215066358,1.62288547,8.46817207,3.46307778,4.23838425,1.65202832,3.36066246,nan,nan,nan,nan
wave_data_jonswap_H8.500_L202.839_A-30.00_P72.00.csv,baseline,8,0.50,2,9,0.300620139,0.970710814,0.483801365,0.419409335,5.5827589,8.47194767,3.46014547,4.24043465,1.64956832,3.35348368,nan,nan,nan,nan
wave_data_jonswap_H8.500_L202.839_A-30.00_P72.00.csv,baseline,8,0.50,2,10,0.316495001,0.9769153,0.526699364,0.221446007,1.030617,8.46920776,3.45862031,4.23838949,1.65273798,3.36347771,nan,nan,nan,nan
wave_data_jonswap_H8.500_L202.839_A-30.00_P72.00.csv,joint_log_005,4,0.05,4,1,0.310694754,0.995778084,0.185034662,0.160804555,3.04547143,8.34500217,3.48649359,4.18731117,1.53705239,2.93526244,nan,nan,nan,nan
wave_data_jonswap_H8.500_L202.839_A-30.00_P72.00.csv,joint_log_005,4,0.05,4,2,0.369131386,0.907975674,0.228435278,0.566325665,3.06715465,8.35111713,3.46802711,4.18655348,1.540802,2.94823527,nan,nan,nan,nan
wave_data_jonswap_H8.500_L202.839_A-30.00_P72.00.csv,joint_log_005,4,0.05,4,3,0.313391984,1.04707885,0.419567615,0.197278783,2.01102114,8.34544849,3.46637082,4.1857357,1.53814852,2.93889546,nan,nan,nan,nan
wave_data_jonswap_H8.500_L202.839_A-30.00_P72.00.csv,joint_log_005,4,0.05,4,4,0.311963439,0.96550709,0.247347653,0.271712273,4.96635103,8.34462452,3.49343538,4.18577051,1.53595865,2.93219972,nan,nan,nan,nan
wave_data_jonswap_H8.500_L202.839_A-30.00_P72.00.csv,joint_log_005,4,0.05,4,5,0.313164771,0.92328167,0.317691565,0.197453454,0.459158331,8.34998989,3.46896625,4.18817568,1.53884351,2.94191217,nan,nan,nan,nan
wave_data_jonswap_H8.500_L202.839_A-30.00_P72.00.csv,joint_log_005,4,0.05,4,6,0.3719275,0.934982359,0.650840402,0.240719229,2.86189079,8.34264088,3.49653578,4.18604612,1.53583241,2.93142629,nan,nan,nan,nan
wave_data_jonswap_H8.500_L202.839_A-30.00_P72.00.csv,joint_log_005,4,0.05,4,7,0.376065373,0.959562182,0.173284203,0.177870139,1.92482901,8.34554195,3.45500636,4.18607759,1.53787553,2.93841195,nan,nan,nan,nan
wave_data_jonswap_H8.500_L202.839_A-30.00_P72.00.csv,joint_log_005,4,0.05,4,8,0.350396812,0.971957207,0.217277065,0.217570543,1.61588681,8.34261703,3.46307778,4.18540716,1.53748178,2.9369545,nan,nan,nan,nan
wave_data_jonswap_H8.500_L202.839_A-30.00_P72.00.csv,joint_log_005,4,0.05,4,9,0.29019016,0.976118386,0.483764052,0.418016315,5.57858181,8.34396172,3.46014547,4.18663502,1.53558314,2.93116951,nan,nan,nan,nan
wave_data_jonswap_H8.500_L202.839_A-30.00_P72.00.csv,joint_log_005,4,0.05,4,10,0.310122997,0.973284006,0.526503146,0.222554415,1.03531587,8.35074806,3.45862031,4.18744373,1.53836668,2.94033337,nan,nan,nan,nan
wave_data_jonswap_H8.500_L202.839_A-30.00_P72.00.csv,joint_log_010,4,0.10,4,1,0.310903281,0.997612298,0.185055569,0.16083084,3.04555058,8.36659813,3.48649359,4.19648743,1.53768086,2.93728089,nan,nan,nan,nan
wave_data_jonswap_H8.500_L202.839_A-30.00_P72.00.csv,joint_log_010,4,0.10,4,2,0.369045526,0.90875268,0.228421465,0.566233099,3.06695747,8.37079525,3.46802711,4.19471979,1.54140818,2.95011067,nan,nan,nan,nan
wave_data_jonswap_H8.500_L202.839_A-30.00_P72.00.csv,joint_log_010,4,0.10,4,3,0.31324935,1.04945385,0.419569373,0.197131127,2.01058602,8.36602879,3.46637082,4.19441509,1.5387646,2.94084048,nan,nan,nan,nan
wave_data_jonswap_H8.500_L202.839_A-30.00_P72.00.csv,joint_log_010,4,0.10,4,4,0.311824799,0.967125237,0.247401819,0.271945566,4.96685266,8.36532116,3.49343538,4.19450903,1.53656268,2.9341073,nan,nan,nan,nan
wave_data_jonswap_H8.500_L202.839_A-30.00_P72.00.csv,joint_log_010,4,0.10,4,5,0.313221067,0.924761832,0.317700773,0.197375387,0.459249228,8.37079334,3.46896625,4.19688416,1.53945076,2.94380999,nan,nan,nan,nan
wave_data_jonswap_H8.500_L202.839_A-30.00_P72.00.csv,joint_log_010,4,0.10,4,6,0.37199831,0.936426461,0.650841177,0.2409762,2.86134887,8.36411476,3.49653578,4.19515467,1.53643548,2.93334866,nan,nan,nan,nan
wave_data_jonswap_H8.500_L202.839_A-30.00_P72.00.csv,joint_log_010,4,0.10,4,7,0.376616746,0.96157819,0.173276544,0.177897811,1.92481863,8.36621475,3.45500636,4.19475079,1.53851068,2.94042516,nan,nan,nan,nan
wave_data_jonswap_H8.500_L202.839_A-30.00_P72.00.csv,joint_log_010,4,0.10,4,8,0.350572914,0.974030674,0.217293516,0.217547998,1.61594307,8.36377335,3.46307778,4.19436216,1.53809524,2.93890715,nan,nan,nan,nan
wave_data_jonswap_H8.500_L202.839_A-30.00_P72.00.csv,joint_log_010,4,0.10,4,9,0.289969087,0.977664351,0.483748078,0.418037087,5.57859516,8.36526299,3.46014547,4.19562769,1.53619158,2.9331007,nan,nan,nan,nan
wave_data_jonswap_H8.500_L202.839_A-30.00_P72.00.csv,joint_log_010,4,0.10,4,10,0.309967458,0.974841952,0.526505351,0.22257556,1.03531468,8.37084579,3.45862031,4.19590569,1.53897476,2.94223094,nan,nan,nan,nan
wave_data_pmstokes_H0.270_L14.047_A30.00_P60.00.csv,baseline,8,0.50,2,1,0.0116199125,0.0256392434,0.202749044,0.0998587236,1.44137681,2.36084843,2.26339006,1.18429327,0.430045962,0.241310626,nan,nan,nan,nan
wave_data_pmstokes_H0.270_L14.047_A30.00_P60.00.csv,baseline,8,0.50,2,2,0.0128894895,0.026245011,0.193009183,0.617844045,4.32375097,2.33227658,2.24765778,1.17174697,0.431622148,0.24308835,nan,nan,nan,nan
wave_data_pmstokes_H0.270_L14.047_A30.00_P60.00.csv,baseline,8,0.50,2,3,0.0118414825,0.0271130539,0.442125708,0.223808646,4.26327753,2.27280116,2.11650896,1.14149034,0.431867212,0.243254334,nan,nan,nan,nan
wave_data_pmstokes_H0.270_L14.047_A30.00_P60.00.csv,baseline,8,0.50,2,4,0.0116160335,0.0260976497,0.206744,0.243674144,4.48519182,2.29504108,2.22746062,1.15284801,0.430811554,0.241951048,nan,nan,nan,nan
wave_data_pmstokes_H0.270_L14.047_A30.00_P60.00.csv,baseline,8,0.50,2,5,0.0118983611,0.0254857223,0.317723662,0.267835677,1.4335891,2.27454901,2.25447249,1.14247787,0.432946414,0.244303837,nan,nan,nan,nan
wave_data_pmstokes_H0.270_L14.047_A30.00_P60.00.csv,baseline,8,0.50,2,6,0.0124522652,0.0249238275,0.560022533,0.273116201,3.42640328,2.28503728,2.24845791,1.14733386,0.430729777,0.242036134,nan,nan,nan,nan
wave_data_pmstokes_H0.270_L14.047_A30.00_P60.00.csv,baseline,8,0.50,2,7,0.012878269,0.0264716018,0.0781151056,0.130815744,0.64357692,2.36374402,2.02875733,1.18828022,0.431308508,0.242389187,nan,nan,nan,nan
wave_data_pmstokes_H0.270_L14.047_A30.00_P60.00.csv,baseline,8,0.50,2,8,0.0119150709,0.0249061696,0.210731536,0.264762491,1.33239245,2.28787732,2.01515102,1.14874101,0.431290358,0.242387071,nan,nan,nan,nan
wave_data_pmstokes_H0.270_L14.047_A30.00_P60.00.csv,baseline,8,0.50,2,9,0.0113980081,0.0255386587,0.403366655,0.416588664,4.5602355,2.26970124,1.97920573,1.14010215,0.432075441,0.243038341,nan,nan,nan,nan
wave_data_pmstokes_H0.270_L14.047_A30.00_P60.00.csv,baseline,8,0.50,2,10,0.0118332924,0.0258818492,0.502043307,0.243061036,2.35147858,2.3088522,2.06088185,1.15963507,0.432765961,0.243821234,nan,nan,nan,nan
wave_data_pmstokes_H0.270_L14.047_A30.00_P60.00.csv,joint_log_005,4,0.05,4,1,0.0115463678,0.0255842842,0.202814221,0.0997258499,1.4412421,2.34127331,2.26339006,1.17600775,0.427009821,0.231962666,nan,nan,nan,nan
wave_data_pmstokes_H0.270_L14.047_A30.00_P60.00.csv,joint_log_005,4,0.05,4,2,0.012762567,0.0261261724,0.192504421,0.620204866,4.32976103,2.29832029,2.24765778,1.15948057,0.427497357,0.23254621,nan,nan,nan,nan
wave_data_pmstokes_H0.270_L14.047_A30.00_P60.00.csv,joint_log_005,4,0.05,4,3,0.0117834816,0.027086148,0.442420214,0.224421188,4.26518202,2.24580479,2.11650896,1.13081503,0.427326053,0.232157201,nan,nan,nan,nan
wave_data_pmstokes_H0.270_L14.047_A30.00_P60.00.csv,joint_log_005,4,0.05,4,4,0.01152346,0.0260169916,0.206591636,0.243797332,4.48516655,2.26438546,2.22746062,1.1420629,0.426691413,0.23154144,nan,nan,nan,nan
wave_data_pmstokes_H0.270_L14.047_A30.00_P60.00.csv,joint_log_005,4,0.05,4,5,0.011812225,0.0253891516,0.317459911,0.268562019,1.43542004,2.24661016,2.25447249,1.13147867,0.427749127,0.232740015,nan,nan,nan,nan
wave_data_pmstokes_H0.270_L14.047_A30.00_P60.00.csv,joint_log_005,4,0.05,4,6,0.0123550296,0.0248503797,0.56033361,0.272477895,3.42801332,2.25976229,2.24845791,1.13719416,0.426751316,0.231683299,nan,nan,nan,nan
wave_data_pmstokes_H0.270_L14.047_A30.00_P60.00.csv,joint_log_005,4,0.05,4,7,0.0127544124,0.0263475496,0.0778448805,0.131678462,0.641285241,2.32722378,2.02875733,1.17282355,0.427748442,0.232444257,nan,nan,nan,nan
wave_data_pmstokes_H0.270_L14.047_A30.00_P60.00.csv,joint_log_005,4,0.05,4,8,0.0118308328,0.0248320047,0.210517064,0.265422523,1.3308965,2.26181674,2.01515102,1.13818705,0.427312344,0.231980726,nan,nan,nan,nan
wave_data_pmstokes_H0.270_L14.047_A30.00_P60.00.csv,joint_log_005,4,0.05,4,9,0.0113225328,0.0254721213,0.403274268,0.416779876,4.5604887,2.24106216,1.97920573,1.12921619,0.4273265,0.231924221,nan,nan,nan,nan
wave_data_pmstokes_H0.270_L14.047_A30.00_P60.00.csv,joint_log_005,4,0.05,4,10,0.0117432652,0.0257445145,0.501813054,0.243497863,2.35279417,2.27773833,2.06088185,1.14928389,0.427838296,0.232499033,nan,nan,nan,nan
wave_data_pmstokes_H0.270_L14.047_A30.00_P60.00.csv,joint_log_010,4,0.10,4,1,0.0115667563,0.0255878326,0.202810064,0.0996876508,1.44132221,2.34546804,2.26339006,1.17658877,0.426999986,0.231933832,nan,nan,nan,nan
wave_data_pmstokes_H0.270_L14.047_A30.00_P60.00.csv,joint_log_010,4,0.10,4,2,0.0127831893,0.0261314306,0.192513064,0.620158136,4.32964659,2.30393505,2.24765778,1.16183007,0.427530468,0.232570037,nan,nan,nan,nan
wave_data_pmstokes_H0.270_L14.047_A30.00_P60.00.csv,joint_log_010,4,0.10,4,3,0.0118050324,0.0270878691,0.442415327,0.224397242,4.26511812,2.25081944,2.11650896,1.13225257,0.427387625,0.232201293,nan,nan,nan,nan
wave_data_pmstokes_H0.270_L14.047_A30.00_P60.00.csv,joint_log_010,4,0.10,4,4,0.0115411272,0.0260168891,0.206598356,0.243812472,4.48520708,2.26993775,2.22746062,1.1442157,0.426729709,0.231570184,nan,nan,nan,nan
wave_data_pmstokes_H0.270_L14.047_A30.00_P60.00.csv,joint_log_010,4,0.10,4,5,0.0118321246,0.0253891032,0.317466021,0.268535376,1.4353621,2.25174022,2.25447249,1.13298857,0.427799046,0.232775539,nan,nan,nan,nan
wave_data_pmstokes_H0.270_L14.047_A30.00_P60.00.csv,joint_log_010,4,0.10,4,6,0.0123758847,0.0248531941,0.560326934,0.272512674,3.42793059,2.26466465,2.24845791,1.1383872,0.426772326,0.231688201,nan,nan,nan,nan
wave_data_pmstokes_H0.270_L14.047_A30.00_P60.00.csv,joint_log_010,4,0.10,4,7,0.0127735231,0.0263523106,0.0778546929,0.13163051,0.641402662,2.33278608,2.02875733,1.17463899,0.427763432,0.232442632,nan,nan,nan,nan
wave_data_pmstokes_H0.270_L14.047_A30.00_P60.00.csv,joint_log_010,4,0.10,4,8,0.011853735,0.0248367656,0.210516125,0.265408784,1.3309387,2.2667129,2.01515102,1.13936687,0.427337825,0.231987774,nan,nan,nan,nan
wave_data_pmstokes_H0.270_L14.047_A30.00_P60.00.csv,joint_log_010,4,0.10,4,9,0.0113399429,0.0254707187,0.403289914,0.416822135,4.5606122,2.24638152,1.97920573,1.13088787,0.427387863,0.231970772,nan,nan,nan,nan
wave_data_pmstokes_H0.270_L14.047_A30.00_P60.00.csv,joint_log_010,4,0.10,4,10,0.0117633753,0.0257481877,0.501819313,0.243469372,2.35271883,2.28322625,2.06088185,1.15174747,0.427880734,0.232532814,nan,nan,nan,nan
wave_data_pmstokes_H1.500_L50.710_A-30.00_P120.00.csv,baseline,8,0.50,2,1,0.0564871617,0.141495988,0.218622804,0.147309259,3.15142226,4.09328651,2.14302492,2.05107665,0.738127708,0.713927329,nan,nan,nan,nan
wave_data_pmstokes_H1.500_L50.710_A-30.00_P120.00.csv,baseline,8,0.50,2,2,0.0645764396,0.139331505,0.178302854,0.615306735,3.4220798,4.09654284,2.12863684,2.05318046,0.738088846,0.714450717,nan,nan,nan,nan
wave_data_pmstokes_H1.500_L50.710_A-30.00_P120.00.csv,baseline,8,0.50,2,3,0.0567201711,0.144055471,0.472366869,0.223037854,2.17735577,4.08966351,2.01461601,2.04954672,0.738100469,0.713604748,nan,nan,nan,nan
wave_data_pmstokes_H1.500_L50.710_A-30.00_P120.00.csv,baseline,8,0.50,2,4,0.0573085621,0.141915917,0.200969338,0.227541581,5.01416206,4.08990145,2.06845379,2.04988837,0.737510443,0.713963151,nan,nan,nan,nan
wave_data_pmstokes_H1.500_L50.710_A-30.00_P120.00.csv,baseline,8,0.50,2,5,0.0570531934,0.136928573,0.310849279,0.258452177,0.560363472,4.08958244,2.1501441,2.04948759,0.738036156,0.715642571,nan,nan,nan,nan
wave_data_pmstokes_H1.500_L50.710_A-30.00_P120.00.csv,baseline,8,0.50,2,6,0.0607737973,0.130878463,0.576277971,0.253383756,3.02414894,4.09093189,2.12216282,2.05007768,0.737686813,0.713664234,nan,nan,nan,nan
wave_data_pmstokes_H1.500_L50.710_A-30.00_P120.00.csv,baseline,8,0.50,2,7,0.0637749583,0.142173573,0.0722486824,0.131503493,1.66420674,4.09712124,1.95563126,2.05332637,0.738155782,0.714543164,nan,nan,nan,nan
wave_data_pmstokes_H1.500_L50.710_A-30.00_P120.00.csv,baseline,8,0.50,2,8,0.0580614097,0.133463636,0.199303091,0.242567718,1.63015079,4.09197378,1.95761633,2.05057549,0.738223493,0.713968813,nan,nan,nan,nan
wave_data_pmstokes_H1.500_L50.710_A-30.00_P120.00.csv,baseline,8,0.50,2,9,0.0561861433,0.140296534,0.407742858,0.418254316,5.80549097,4.08738708,1.94074714,2.04844213,0.737591207,0.71482867,nan,nan,nan,nan
wave_data_pmstokes_H1.500_L50.710_A-30.00_P120.00.csv,baseline,8,0.50,2,10,0.0597788058,0.140539154,0.491244823,0.235398903,1.15100265,4.09303951,1.9950788,2.05161667,0.738154233,0.715523958,nan,nan,nan,nan
wave_data_pmstokes_H1.500_L50.710_A-30.00_P120.00.csv,joint_log_005,4,0.05,4,1,0.0564707704,0.142106429,0.218861789,0.146714389,3.15224385,4.00758076,2.14302492,1.99951136,0.789347231,0.787576258,nan,nan,nan,nan
wave_data_pmstokes_H1.500_L50.710_A-30.00_P120.00.csv,joint_log_005,4,0.05,4,2,0.0637504309,0.138629377,0.178348571,0.615724862,3.42290401,3.99616909,2.12863684,2.00144935,0.789214909,0.78749758,nan,nan,nan,nan
wave_data_pmstokes_H1.500_L50.710_A-30.00_P120.00.csv,joint_log_005,4,0.05,4,3,0.0561649948,0.14370513,0.472370595,0.223282948,2.1780467,3.99547315,2.01461601,1.99694514,0.789458692,0.78745538,nan,nan,nan,nan
wave_data_pmstokes_H1.500_L50.710_A-30.00_P120.00.csv,joint_log_005,4,0.05,4,4,0.0565034747,0.142359182,0.200934574,0.227136537,5.01294136,3.98982906,2.06845379,1.99711823,0.788685441,0.786694884,nan,nan,nan,nan
wave_data_pmstokes_H1.500_L50.710_A-30.00_P120.00.csv,joint_log_005,4,0.05,4,5,0.0564512536,0.136360273,0.310675234,0.258761376,0.56134975,3.99322081,2.1501441,1.99612188,0.788756013,0.787287652,nan,nan,nan,nan
wave_data_pmstokes_H1.500_L50.710_A-30.00_P120.00.csv,joint_log_005,4,0.05,4,6,0.0602973253,0.130486697,0.576418698,0.252855808,3.0255456,3.99889493,2.12216282,1.99750113,0.789039135,0.787141323,nan,nan,nan,nan
wave_data_pmstokes_H1.500_L50.710_A-30.00_P120.00.csv,joint_log_005,4,0.05,4,7,0.0635690391,0.142560154,0.0722369477,0.131922975,1.66325748,4.00076962,1.95563126,1.99967456,0.789273918,0.787407875,nan,nan,nan,nan
wave_data_pmstokes_H1.500_L50.710_A-30.00_P120.00.csv,joint_log_005,4,0.05,4,8,0.0574368611,0.133571923,0.199313596,0.243200794,1.62880898,3.9989717,1.95761633,1.99737489,0.789635777,0.787775159,nan,nan,nan,nan
wave_data_pmstokes_H1.500_L50.710_A-30.00_P120.00.csv,joint_log_005,4,0.05,4,9,0.0556557775,0.139749825,0.407742172,0.417827696,5.8045392,3.99019313,1.94074714,1.9947468,0.788672805,0.786795437,nan,nan,nan,nan
wave_data_pmstokes_H1.500_L50.710_A-30.00_P120.00.csv,joint_log_005,4,0.05,4,10,0.0592246428,0.140118852,0.491099149,0.236011699,1.1526109,3.98878908,1.9950788,1.99898732,0.78891927,0.787209153,nan,nan,nan,nan
wave_data_pmstokes_H1.500_L50.710_A-30.00_P120.00.csv,joint_log_010,4,0.10,4,1,0.0565945655,0.142130613,0.218857825,0.146540761,3.15262747,4.00037622,2.14302492,2.00105071,0.789448321,0.787714481,nan,nan,nan,nan
wave_data_pmstokes_H1.500_L50.710_A-30.00_P120.00.csv,joint_log_010,4,0.10,4,2,0.063877441,0.138718456,0.178357989,0.615568578,3.42247629,3.99425292,2.12863684,2.00414872,0.789271832,0.787584186,nan,nan,nan,nan
wave_data_pmstokes_H1.500_L50.710_A-30.00_P120.00.csv,joint_log_010,4,0.10,4,3,0.0562943965,0.143724576,0.472357273,0.22315453,2.17768431,3.99064922,2.01461601,1.99902666,0.789562225,0.787611127,nan,nan,nan,nan
wave_data_pmstokes_H1.500_L50.710_A-30.00_P120.00.csv,joint_log_010,4,0.10,4,4,0.0566443838,0.142408594,0.200953215,0.227274701,5.01330471,3.98691988,2.06845379,1.99974024,0.788729966,0.786756396,nan,nan,nan,nan
wave_data_pmstokes_H1.500_L50.710_A-30.00_P120.00.csv,joint_log_010,4,0.10,4,5,0.0565966479,0.136432722,0.310688019,0.258637786,0.561378419,3.98868442,2.1501441,1.99821138,0.788820326,0.787370026,nan,nan,nan,nan
wave_data_pmstokes_H1.500_L50.710_A-30.00_P120.00.csv,joint_log_010,4,0.10,4,6,0.0604055263,0.130548373,0.576404214,0.253017783,3.02517176,3.99318027,2.12216282,1.99945629,0.789108574,0.78723079,nan,nan,nan,nan
wave_data_pmstokes_H1.500_L50.710_A-30.00_P120.00.csv,joint_log_010,4,0.10,4,7,0.0636591241,0.142579123,0.0722436905,0.131776676,1.66363442,3.99593949,1.95563126,2.00180411,0.789390802,0.78758651,nan,nan,nan,nan
wave_data_pmstokes_H1.500_L50.710_A-30.00_P120.00.csv,joint_log_010,4,0.10,4,8,0.0576084331,0.133639276,0.199339181,0.243055627,1.6291095,3.99323273,1.95761633,1.99925768,0.789714932,0.787879229,nan,nan,nan,nan
wave_data_pmstokes_H1.500_L50.710_A-30.00_P120.00.csv,joint_log_010,4,0.10,4,9,0.0557840094,0.139801726,0.407769144,0.417939454,5.8048315,3.98558736,1.94074714,1.99694443,0.788747311,0.786897063,nan,nan,nan,nan
wave_data_pmstokes_H1.500_L50.710_A-30.00_P120.00.csv,joint_log_010,4,0.10,4,10,0.0593577325,0.140160337,0.491121352,0.235871434,1.15216899,3.98770189,1.9950788,2.00188398,0.788972259,0.787290692,nan,nan,nan,nan
wave_data_pmstokes_H4.000_L112.766_A30.00_P30.00.csv,baseline,8,0.50,2,1,0.151982665,0.399773985,0.17586489,0.168840736,0.702661216,6.59277773,3.02703738,3.28418684,1.01561797,1.30379379,nan,nan,nan,nan
wave_data_pmstokes_H4.000_L112.766_A30.00_P30.00.csv,baseline,8,0.50,2,2,0.169110671,0.377731621,0.320290416,0.639369965,3.64035392,6.5901289,3.04308128,3.28181767,1.0138458,1.29973209,nan,nan,nan,nan
wave_data_pmstokes_H4.000_L112.766_A30.00_P30.00.csv,baseline,8,0.50,2,3,0.157314211,0.427639037,0.359114707,0.229032382,4.24115992,6.58843756,3.1819551,3.2818408,1.0145427,1.30301046,nan,nan,nan,nan
wave_data_pmstokes_H4.000_L112.766_A30.00_P30.00.csv,baseline,8,0.50,2,4,0.152065217,0.390886545,0.314535737,0.189640388,4.25921392,6.5948143,3.06742549,3.28388309,1.01618731,1.3040508,nan,nan,nan,nan
wave_data_pmstokes_H4.000_L112.766_A30.00_P30.00.csv,baseline,8,0.50,2,5,0.144998893,0.375678748,0.439080328,0.29547137,1.25441015,6.5914669,3.0220871,3.28262281,1.0152632,1.30108035,nan,nan,nan,nan
wave_data_pmstokes_H4.000_L112.766_A30.00_P30.00.csv,baseline,8,0.50,2,6,0.162946165,0.36223045,0.479983896,0.249268934,3.05752897,6.59397411,3.0282023,3.28442025,1.01606059,1.304407,nan,nan,nan,nan
wave_data_pmstokes_H4.000_L112.766_A30.00_P30.00.csv,baseline,8,0.50,2,7,0.170843467,0.394741505,0.1675044,0.176392436,0.763993621,6.59113312,3.09741068,3.28260803,1.01390946,1.30384421,nan,nan,nan,nan
wave_data_pmstokes_H4.000_L112.766_A30.00_P30.00.csv,baseline,8,0.50,2,8,0.151454657,0.378622562,0.3016119,0.262783974,0.656363368,6.59002209,3.1549232,3.28275108,1.01368892,1.30444944,nan,nan,nan,nan
wave_data_pmstokes_H4.000_L112.766_A30.00_P30.00.csv,baseline,8,0.50,2,9,0.151533827,0.383096695,0.516273141,0.379465938,3.59084153,6.59552526,3.05027127,3.28436112,1.01540124,1.30532587,nan,nan,nan,nan
wave_data_pmstokes_H4.000_L112.766_A30.00_P30.00.csv,baseline,8,0.50,2,10,0.150237024,0.391238809,0.630189836,0.271238983,2.26692033,6.59322357,3.16812634,3.28307462,1.01384127,1.30288243,nan,nan,nan,nan
wave_data_pmstokes_H4.000_L112.766_A30.00_P30.00.csv,joint_log_005,4,0.05,4,1,0.151530743,0.404406428,0.176513642,0.168315172,0.703426123,7.05480814,3.02703738,3.55075288,1.09286094,1.48937857,nan,nan,nan,nan
wave_data_pmstokes_H4.000_L112.766_A30.00_P30.00.csv,joint_log_005,4,0.05,4,2,0.167564452,0.377711236,0.320269436,0.639861524,3.64030743,7.06035137,3.04308128,3.55124712,1.09214902,1.48769236,nan,nan,nan,nan
wave_data_pmstokes_H4.000_L112.766_A30.00_P30.00.csv,joint_log_005,4,0.05,4,3,0.156694129,0.432833552,0.359259665,0.228707582,4.23881102,7.05184746,3.1819551,3.54871655,1.0922097,1.48935008,nan,nan,nan,nan
wave_data_pmstokes_H4.000_L112.766_A30.00_P30.00.csv,joint_log_005,4,0.05,4,4,0.149627984,0.393597782,0.314244002,0.189108863,4.25739384,7.06997967,3.06742549,3.55520868,1.09374607,1.49133813,nan,nan,nan,nan
wave_data_pmstokes_H4.000_L112.766_A30.00_P30.00.csv,joint_log_005,4,0.05,4,5,0.143984005,0.374517173,0.43847698,0.296295792,1.25650299,7.06341076,3.0220871,3.55255985,1.09353924,1.4903332,nan,nan,nan,nan
wave_data_pmstokes_H4.000_L112.766_A30.00_P30.00.csv,joint_log_005,4,0.05,4,6,0.160711363,0.364075691,0.480277866,0.248767123,3.0588603,7.06073046,3.0282023,3.55262136,1.09349954,1.49077284,nan,nan,nan,nan
wave_data_pmstokes_H4.000_L112.766_A30.00_P30.00.csv,joint_log_005,4,0.05,4,7,0.171125591,0.39485836,0.1676341,0.176218659,0.763868093,7.05845451,3.09741068,3.55114794,1.09100199,1.49092054,nan,nan,nan,nan
wave_data_pmstokes_H4.000_L112.766_A30.00_P30.00.csv,joint_log_005,4,0.05,4,8,0.1508255,0.382156551,0.301929772,0.262942344,0.655380905,7.0532155,3.1549232,3.54950666,1.09065926,1.49065268,nan,nan,nan,nan
wave_data_pmstokes_H4.000_L112.766_A30.00_P30.00.csv,joint_log_005,4,0.05,4,9,0.150547564,0.382044226,0.516613483,0.380336434,3.5930388,7.07133627,3.05027127,3.55574441,1.09282207,1.49501681,nan,nan,nan,nan
wave_data_pmstokes_H4.000_L112.766_A30.00_P30.00.csv,joint_log_005,4,0.05,4,10,0.149022371,0.392494857,0.629786313,0.272035539,2.26851058,7.070189,3.16812634,3.55493808,1.091295,1.49133682,nan,nan,nan,nan
wave_data_pmstokes_H4.000_L112.766_A30.00_P30.00.csv,joint_log_010,4,0.10,4,1,0.151736706,0.40521282,0.176516876,0.168130502,0.703840077,7.09298611,3.02703738,3.56122828,1.09299254,1.48976731,nan,nan,nan,nan
wave_data_pmstokes_H4.000_L112.766_A30.00_P30.00.csv,joint_log_010,4,0.10,4,2,0.167693347,0.378308743,0.320318192,0.639624417,3.63977265,7.09850836,3.04308128,3.56083989,1.09224379,1.48799467,nan,nan,nan,nan
wave_data_pmstokes_H4.000_L112.766_A30.00_P30.00.csv,joint_log_010,4,0.10,4,3,0.156893,0.433683366,0.359228104,0.228458419,4.23817158,7.09005451,3.1819551,3.55893731,1.09235847,1.48980308,nan,nan,nan,nan
wave_data_pmstokes_H4.000_L112.766_A30.00_P30.00.csv,joint_log_010,4,0.10,4,4,0.149628758,0.394340634,0.314375013,0.18947117,4.25834465,7.10782099,3.06742549,3.56459212,1.09377468,1.49147511,nan,nan,nan,nan
wave_data_pmstokes_H4.000_L112.766_A30.00_P30.00.csv,joint_log_010,4,0.10,4,5,0.144052833,0.375018418,0.43855679,0.296032131,1.25597751,7.10126209,3.0220871,3.56216598,1.09356248,1.49045122,nan,nan,nan,nan
wave_data_pmstokes_H4.000_L112.766_A30.00_P30.00.csv,joint_log_010,4,0.10,4,6,0.161074951,0.364565998,0.480224133,0.249035895,3.05821514,7.09890509,3.0282023,3.56276083,1.09354758,1.49094677,nan,nan,nan,nan
wave_data_pmstokes_H4.000_L112.766_A30.00_P30.00.csv,joint_log_010,4,0.10,4,7,0.171463072,0.395572901,0.167679816,0.176037878,0.76435113,7.09631014,3.09741068,3.56092954,1.09115064,1.49143326,nan,nan,nan,nan
wave_data_pmstokes_H4.000_L112.766_A30.00_P30.00.csv,joint_log_010,4,0.10,4,8,0.150838196,0.382693142,0.302023768,0.262703866,0.655792117,7.09148788,3.1549232,3.55985498,1.09074891,1.49101472,nan,nan,nan,nan
wave_data_pmstokes_H4.000_L112.766_A30.00_P30.00.csv,joint_log_010,4,0.10,4,9,0.150594518,0.382578343,0.516729951,0.38066408,3.59407043,7.10887098,3.05027127,3.56510901,1.09279752,1.49509299,nan,nan,nan,nan
wave_data_pmstokes_H4.000_L112.766_A30.00_P30.00.csv,joint_log_010,4,0.10,4,10,0.149062112,0.39318487,0.629869699,0.271806568,2.26774311,7.10775661,3.16812634,3.56416845,1.09130323,1.49148643,nan,nan,nan,nan
wave_data_pmstokes_H8.500_L202.839_A-30.00_P72.00.csv,baseline,8,0.50,2,1,0.315370232,0.856731176,0.289090723,0.17069827,3.25829697,8.18893528,3.43547964,4.0610714,1.4539355,2.53024554,nan,nan,nan,nan
wave_data_pmstokes_H8.500_L202.839_A-30.00_P72.00.csv,baseline,8,0.50,2,2,0.38320905,0.812171638,0.143989995,0.577258289,2.85805416,8.18089008,3.18677998,4.05643177,1.45385194,2.52839231,nan,nan,nan,nan
wave_data_pmstokes_H8.500_L202.839_A-30.00_P72.00.csv,baseline,8,0.50,2,3,0.324290305,0.93775779,0.350915879,0.226659879,1.79942572,8.18534184,3.29109097,4.05912638,1.453246,2.52875352,nan,nan,nan,nan
wave_data_pmstokes_H8.500_L202.839_A-30.00_P72.00.csv,baseline,8,0.50,2,4,0.308010668,0.862414837,0.104311563,0.278266102,5.13820314,8.18468857,3.47775435,4.05883646,1.45295334,2.52983975,nan,nan,nan,nan
wave_data_pmstokes_H8.500_L202.839_A-30.00_P72.00.csv,baseline,8,0.50,2,5,0.328025639,0.839901865,0.292490691,0.229312822,0.519083321,8.18148899,3.24556589,4.05710697,1.45324683,2.52887917,nan,nan,nan,nan
wave_data_pmstokes_H8.500_L202.839_A-30.00_P72.00.csv,baseline,8,0.50,2,6,0.344850361,0.798028469,0.753644884,0.256310701,2.56509089,8.18762779,3.58191752,4.06048107,1.45347452,2.53033495,nan,nan,nan,nan
wave_data_pmstokes_H8.500_L202.839_A-30.00_P72.00.csv,baseline,8,0.50,2,7,0.358955503,0.858852148,0.165456921,0.181879118,2.19147015,8.18336487,3.23701572,4.05821753,1.45215642,2.53001523,nan,nan,nan,nan
wave_data_pmstokes_H8.500_L202.839_A-30.00_P72.00.csv,baseline,8,0.50,2,8,0.323213458,0.819201767,0.179027617,0.203071997,1.69779801,8.18613815,3.25597978,4.05975151,1.4524579,2.53056574,nan,nan,nan,nan
wave_data_pmstokes_H8.500_L202.839_A-30.00_P72.00.csv,baseline,8,0.50,2,9,0.304709107,0.843907893,0.346302003,0.479151964,5.9606266,8.18414211,3.26734757,4.05892515,1.45045471,2.53033614,nan,nan,nan,nan
wave_data_pmstokes_H8.500_L202.839_A-30.00_P72.00.csv,baseline,8,0.50,2,10,0.326363087,0.857817352,0.383680999,0.194271147,0.727527976,8.182271,3.24709678,4.0573144,1.45223618,2.52967405,nan,nan,nan,nan
wave_data_pmstokes_H8.500_L202.839_A-30.00_P72.00.csv,joint_log_005,4,0.05,4,1,0.313032776,0.858778358,0.288717657,0.173797742,3.24794984,8.65106487,3.43547964,4.27548361,1.46949649,2.61553669,nan,nan,nan,nan
wave_data_pmstokes_H8.500_L202.839_A-30.00_P72.00.csv,joint_log_005,4,0.05,4,2,0.38000983,0.813913047,0.143621266,0.582332373,2.87010098,8.65135384,3.18677998,4.26837301,1.47040188,2.61836505,nan,nan,nan,nan
wave_data_pmstokes_H8.500_L202.839_A-30.00_P72.00.csv,joint_log_005,4,0.05,4,3,0.322225124,0.940230429,0.351772428,0.230622217,1.80887067,8.65032005,3.29109097,4.27258301,1.4693712,2.61673236,nan,nan,nan,nan
wave_data_pmstokes_H8.500_L202.839_A-30.00_P72.00.csv,joint_log_005,4,0.05,4,4,0.305092841,0.863108814,0.104565196,0.274194986,5.12786722,8.64862347,3.47775435,4.27234364,1.46883762,2.61528063,nan,nan,nan,nan
wave_data_pmstokes_H8.500_L202.839_A-30.00_P72.00.csv,joint_log_005,4,0.05,4,5,0.328447402,0.830908179,0.292264253,0.233879581,0.514620423,8.64694309,3.24556589,4.26888657,1.46976626,2.61750913,nan,nan,nan,nan
wave_data_pmstokes_H8.500_L202.839_A-30.00_P72.00.csv,joint_log_005,4,0.05,4,6,0.345518798,0.809616923,0.754645824,0.251692623,2.57544303,8.6485281,3.58191752,4.27452278,1.46920741,2.61553121,nan,nan,nan,nan
wave_data_pmstokes_H8.500_L202.839_A-30.00_P72.00.csv,joint_log_005,4,0.05,4,7,0.359816939,0.851252019,0.164359987,0.184693977,2.18351269,8.6471262,3.23701572,4.27130175,1.46817911,2.61729908,nan,nan,nan,nan
wave_data_pmstokes_H8.500_L202.839_A-30.00_P72.00.csv,joint_log_005,4,0.05,4,8,0.323046714,0.821807742,0.179314673,0.206022024,1.69201791,8.64759254,3.25597978,4.2732954,1.46833181,2.61734128,nan,nan,nan,nan
wave_data_pmstokes_H8.500_L202.839_A-30.00_P72.00.csv,joint_log_005,4,0.05,4,9,0.305435658,0.84828943,0.34555003,0.476995111,5.95639515,8.64366531,3.26734757,4.27142,1.46658289,2.61668992,nan,nan,nan,nan
wave_data_pmstokes_H8.500_L202.839_A-30.00_P72.00.csv,joint_log_005,4,0.05,4,10,0.327711135,0.864711463,0.383016795,0.196908772,0.734827459,8.65037346,3.24709678,4.27024031,1.46865761,2.61802101,nan,nan,nan,nan
wave_data_pmstokes_H8.500_L202.839_A-30.00_P72.00.csv,joint_log_010,4,0.10,4,1,0.312853903,0.860234559,0.288753986,0.173535228,3.24890804,8.65086651,3.43547964,4.27320671,1.467942,2.61041617,nan,nan,nan,nan
wave_data_pmstokes_H8.500_L202.839_A-30.00_P72.00.csv,joint_log_010,4,0.10,4,2,0.38028428,0.815086544,0.143619701,0.581992984,2.86924744,8.64691639,3.18677998,4.2638526,1.46882176,2.61320734,nan,nan,nan,nan
wave_data_pmstokes_H8.500_L202.839_A-30.00_P72.00.csv,joint_log_010,4,0.10,4,3,0.322170466,0.943042517,0.351765215,0.230286106,1.80793643,8.64861107,3.29109097,4.26960468,1.46781909,2.61162019,nan,nan,nan,nan
wave_data_pmstokes_H8.500_L202.839_A-30.00_P72.00.csv,joint_log_010,4,0.10,4,4,0.304897785,0.864955425,0.104549587,0.274559081,5.12869787,8.64718151,3.47775435,4.26954651,1.46728206,2.61016607,nan,nan,nan,nan
wave_data_pmstokes_H8.500_L202.839_A-30.00_P72.00.csv,joint_log_010,4,0.10,4,5,0.328363419,0.832630336,0.292259842,0.233495176,0.515226364,8.64412117,3.24556589,4.26504326,1.46819425,2.61236715,nan,nan,nan,nan
wave_data_pmstokes_H8.500_L202.839_A-30.00_P72.00.csv,joint_log_010,4,0.10,4,6,0.345624834,0.811519682,0.754639864,0.252116084,2.57440853,8.64844608,3.58191752,4.27234793,1.46764982,2.6103971,nan,nan,nan,nan
wave_data_pmstokes_H8.500_L202.839_A-30.00_P72.00.csv,joint_log_010,4,0.10,4,7,0.360137224,0.853337348,0.164387375,0.184550434,2.18409419,8.6456089,3.23701572,4.26830339,1.46665823,2.61227632,nan,nan,nan,nan
wave_data_pmstokes_H8.500_L202.839_A-30.00_P72.00.csv,joint_log_010,4,0.10,4,8,0.322636038,0.823298037,0.179328576,0.205822602,1.6925143,8.64709759,3.25597978,4.27087831,1.4667834,2.61220932,nan,nan,nan,nan
wave_data_pmstokes_H8.500_L202.839_A-30.00_P72.00.csv,joint_log_010,4,0.10,4,9,0.305221766,0.849704206,0.345612049,0.477220088,5.95706797,8.64318562,3.26734757,4.26890612,1.46504796,2.61159277,nan,nan,nan,nan
wave_data_pmstokes_H8.500_L202.839_A-30.00_P72.00.csv,joint_log_010,4,0.10,4,10,0.327953875,0.866679728,0.383037359,0.196797222,0.734437883,8.64719391,3.24709678,4.26647711,1.46708655,2.61285114,nan,nan,nan,nan
