family,spectrum,hs_m,input,disp_x_rms_m,disp_y_rms_m,disp_z_rms_m,disp_3d_rms_m,roll_rms_deg,pitch_rms_deg,yaw_rms_deg,accel_bias_3d_rms_mps2,gyro_bias_3d_rms_radps,disp_z_ref_rms_m,disp_z_pct_refrms,disp_z_pct_hs,wave_period_s,tau_applied_s,sigma_applied_mps2
OU-II,JONSWAP,0.27,wave_data_jonswap_H0.270_L14.047_A30.00_P60.00.csv,0.00485246303,0.00237482856,0.0138740847,0.0148888025,0.0799705163,0.0394288823,0.18978703,0.0151859494,4.10082339e-06,0.0534430593,25.9604988,5.1385498,2.90865135,1.38407898,0.0830332041
OU-II,JONSWAP,1.5,wave_data_jonswap_H1.500_L50.710_A-30.00_P120.00.csv,0.0609355047,0.0274882,0.0805733651,0.10469386,0.0178144965,0.0174523871,0.205083802,0.00273472932,1.04996479e-05,0.390963972,20.6088982,5.37155724,4.98612165,2.37946987,0.422236443
OU-II,JONSWAP,4.0,wave_data_jonswap_H4.000_L112.766_A30.00_P30.00.csv,0.232248098,0.130662754,0.212539986,0.340859473,0.0245845914,0.02624611,0.21558328,0.00298165972,2.16287735e-05,1.04307246,20.376339,5.31349945,7.82888651,3.73978257,0.798612118
OU-II,JONSWAP,8.5,wave_data_jonswap_H8.500_L202.839_A-30.00_P72.00.csv,0.573720932,0.367334813,0.443555504,0.812915742,0.0463515408,0.0379060172,0.295473486,0.00576167041,3.20916879e-05,2.15460348,20.5864086,5.21829987,9.12815666,4.27262306,1.05242729
OU-II,PM-Stokes,0.27,wave_data_pmstokes_H0.270_L14.047_A30.00_P60.00.csv,0.00489581376,0.00251762173,0.0135454051,0.0146214031,0.0770956501,0.034879908,0.173676223,0.014410872,4.16343073e-06,0.0499124601,27.1383228,5.01681662,2.85422158,1.36154795,0.08223176
OU-II,PM-Stokes,1.5,wave_data_pmstokes_H1.500_L50.710_A-30.00_P120.00.csv,0.058048971,0.0276442729,0.0788055286,0.101706445,0.0229025483,0.0213559568,0.138314873,0.00358376559,1.08496406e-05,0.385561794,20.4391441,5.25370169,4.63298464,2.20791459,0.456060857
OU-II,PM-Stokes,4.0,wave_data_pmstokes_H4.000_L112.766_A30.00_P30.00.csv,0.222279176,0.131363347,0.210086226,0.332867235,0.0277915727,0.0300038569,0.463614523,0.00301681785,2.96620037e-05,1.04037023,20.1934109,5.25215578,7.32123756,3.49099326,0.863238633
OU-II,PM-Stokes,8.5,wave_data_pmstokes_H8.500_L202.839_A-30.00_P72.00.csv,0.566700935,0.352194041,0.442061692,0.800380647,0.0591015927,0.0431342497,0.201380566,0.00775553659,3.46039924e-05,2.16781425,20.392046,5.20072556,8.78065205,4.10699177,1.25155997
OU-III,JONSWAP,0.27,wave_data_jonswap_H0.270_L14.047_A30.00_P60.00.csv,0.00511895726,0.00202592183,0.00798397418,0.00969803706,0.138361484,0.0891546607,0.331027627,0.0281132068,3.64560015e-06,0.0534430593,14.9392166,2.95702744,2.90865135,1.45692492,0.0500000007
OU-III,JONSWAP,1.5,wave_data_jonswap_H1.500_L50.710_A-30.00_P120.00.csv,0.0452215075,0.0175159946,0.04528163,0.0663492307,0.0157587789,0.0833499581,0.0996831432,0.0140733151,1.07652459e-05,0.390963972,11.5820465,3.01877522,4.98612165,2.50470543,0.397530764
OU-III,JONSWAP,4.0,wave_data_jonswap_H4.000_L112.766_A30.00_P30.00.csv,0.178323269,0.0937871411,0.121771306,0.235421881,0.0442801453,0.0828513205,0.184992298,0.0150809204,2.26449465e-05,1.04307246,11.6742907,3.04428267,7.82888651,3.93661332,0.841515899
OU-III,JONSWAP,8.5,wave_data_jonswap_H8.500_L202.839_A-30.00_P72.00.csv,0.435395449,0.249721006,0.250222355,0.560839534,0.114436164,0.0703033134,0.171733916,0.0209947899,3.37520723e-05,2.15460348,11.6133833,2.94379234,9.12815666,4.49749565,1.10603309
OU-III,PM-Stokes,0.27,wave_data_pmstokes_H0.270_L14.047_A30.00_P60.00.csv,0.00537212007,0.0022107074,0.00795534998,0.00985060912,0.143989503,0.0846247375,0.318837255,0.0285292454,3.68576752e-06,0.0499124601,15.9386044,2.94642591,2.85422158,1.43320906,0.0500000007
OU-III,PM-Stokes,1.5,wave_data_pmstokes_H1.500_L50.710_A-30.00_P120.00.csv,0.0456617624,0.0189031456,0.0462271795,0.0676703602,0.0186231639,0.0893049017,0.138377696,0.0150691243,1.19689848e-05,0.385561794,11.9895639,3.0818119,4.63298464,2.32412052,0.439831376
OU-III,PM-Stokes,4.0,wave_data_pmstokes_H4.000_L112.766_A30.00_P30.00.csv,0.178413004,0.103649482,0.12602742,0.241779491,0.0349531248,0.0838438645,0.425983161,0.0140799265,3.1632102e-05,1.04037023,12.1137094,3.15068555,7.32123756,3.67473006,0.909388244
OU-III,PM-Stokes,8.5,wave_data_pmstokes_H8.500_L202.839_A-30.00_P72.00.csv,0.451736391,0.256775677,0.263715953,0.582705438,0.155435205,0.0794925988,0.276233524,0.0275913794,3.74207448e-05,2.16781425,12.165062,3.10254049,8.78065205,4.32314205,1.32143033
TFG,JONSWAP,0.27,wave_data_jonswap_H0.270_L14.047_A30.00_P60.00.csv,0.0032543065,0.0015310311,0.00837824587,0.00911754183,0.0633983091,0.137717992,0.399696171,0.0259444509,4.70547138e-06,0.0534430593,15.6769581,3.10305405,2.90865135,1.45677364,0.14086464
TFG,JONSWAP,1.5,wave_data_jonswap_H1.500_L50.710_A-30.00_P120.00.csv,0.0512147583,0.0244211014,0.0459856428,0.0730343834,0.0320759714,0.0849874616,0.0599908754,0.0150411204,9.63954153e-06,0.390963972,11.7621174,3.06570935,4.98612165,2.50429702,0.413297772
TFG,JONSWAP,4.0,wave_data_jonswap_H4.000_L112.766_A30.00_P30.00.csv,0.19255577,0.113670677,0.122057594,0.254748523,0.040087875,0.139327735,0.167829171,0.0243373718,1.86117941e-05,1.04307246,11.7017365,3.05143976,7.82888651,3.93614578,0.752387226
TFG,JONSWAP,8.5,wave_data_jonswap_H8.500_L202.839_A-30.00_P72.00.csv,0.46469304,0.31373924,0.250721723,0.614193261,0.0717748627,0.140580043,0.118378483,0.0258064922,3.10185751e-05,2.15460348,11.6365595,2.94966722,9.12815666,4.49875641,0.992266119
TFG,PM-Stokes,0.27,wave_data_pmstokes_H0.270_L14.047_A30.00_P60.00.csv,0.00341898459,0.00168808992,0.00845536962,0.00927536376,0.0621618666,0.132572725,0.382715225,0.0250539724,4.748229e-06,0.0499124601,16.9403973,3.13161826,2.85422158,1.43283451,0.139907897
TFG,PM-Stokes,1.5,wave_data_pmstokes_H1.500_L50.710_A-30.00_P120.00.csv,0.0516416952,0.0261959378,0.0466885343,0.0743835419,0.0299359951,0.101308882,0.0902978331,0.0175835043,1.03270704e-05,0.385561794,12.1092215,3.11256886,4.63298464,2.32381392,0.443161517
TFG,PM-Stokes,4.0,wave_data_pmstokes_H4.000_L112.766_A30.00_P30.00.csv,0.193498299,0.125601336,0.126812831,0.263246626,0.0490249395,0.153005973,0.199067727,0.0270801373,2.07418452e-05,1.04037023,12.1892023,3.17032075,7.32123756,3.67441463,0.81329608
TFG,PM-Stokes,8.5,wave_data_pmstokes_H8.500_L202.839_A-30.00_P72.00.csv,0.485942423,0.323693097,0.265300214,0.641327918,0.103814147,0.176654413,0.262300104,0.0339222662,3.10520372e-05,2.16781425,12.238143,3.12117887,8.78065205,4.32446718,1.17850828
