family,tuning_mode,aw_cov_sync,input,window_s,samples,disp_x_rms_m,disp_y_rms_m,disp_z_rms_m,disp_3d_rms_m,disp_x_pct_hs,disp_y_pct_hs,disp_z_pct_hs,disp_3d_pct_refmax,disp_z_ref_rms_m,disp_z_pct_refrms,roll_rms_deg,pitch_rms_deg,yaw_rms_deg,accel_x_rms_mps2,accel_y_rms_mps2,accel_z_rms_mps2,accel_3d_rms_mps2,dir_travel_error_deg,dir_travel_rmse_deg,dir_travel_correct_pct,dir_travel_wrong_pct,dir_travel_unresolved_pct,dir_axis_mean_deg,dir_axis_truth_deg,dir_axis_error_deg,dir_axis_rmse_deg,dir_axis_circ_std_deg,dir_axis_available_pct,dir_sense_forward_pct,dir_sense_reverse_pct,dir_sense_uncertain_pct,dir_sense_dominant_pct,accel_bias_3d_rms_mps2,gyro_bias_3d_rms_radps,tau_applied_s,sigma_applied_mps2,tuning_applied,wave_period_s,frequency_hz,period_s,accel_variance_m2ps4,dir_axis_abs_error_deg,dir_travel_abs_error_deg,hs_m,rpm,arm,regression_exit_code
OU-II,adaptive,periodic,wave_data_jonswap_H0.270_L14.047_A30.00_P60.00.csv,900.0,180000,0.00884705503,0.00702715013,0.0162496269,0.0197914522,3.27668691,2.60264802,6.01838017,9.89148712,0.0534430593,30.4054947,0.225108638,0.146383062,0.510518551,0.0076823514,0.00725248829,0.00940177683,0.0141425068,-12.8426342,13.5628233,10.8683338,0.0,89.1316681,17.2822571,30.0,-12.7177429,13.4267874,4.30942726,12.7144442,10.8683338,0.0,89.1316681,10.8683338,0.0457630791,0.000104103769,1.45374346,0.0849884599,0.17961207,3.05647588,0.235941797,3.10486245,0.0307989549,12.7177429,12.8426342,0.27,0,unconditioned,0
OU-II,adaptive,periodic,wave_data_jonswap_H0.270_L14.047_A30.00_P60.00.csv,900.0,180000,0.00884705503,0.00702715013,0.0162496269,0.0197914522,3.27668691,2.60264802,6.01838017,9.89148712,0.0534430593,30.4054947,0.225108638,0.146383062,0.510518551,0.0076823514,0.00725248829,0.00940177683,0.0141425068,-12.8426342,13.5628233,10.8683338,0.0,89.1316681,17.2822571,30.0,-12.7177429,13.4267874,4.30942726,12.7144442,10.8683338,0.0,89.1316681,10.8683338,0.0457630791,0.000104103769,1.45374346,0.0849884599,0.17961207,3.05647588,0.235941797,3.10486245,0.0307989549,12.7177429,12.8426342,0.27,0,guard-only,0
OU-II,adaptive,periodic,wave_data_jonswap_H0.270_L14.047_A30.00_P60.00.csv,900.0,180000,0.00884705503,0.00702715013,0.0162496269,0.0197914522,3.27668691,2.60264802,6.01838017,9.89148712,0.0534430593,30.4054947,0.225108638,0.146383062,0.510518551,0.0076823514,0.00725248829,0.00940177683,0.0141425068,1.75215209,4.56852531,0.531666696,0.0,99.468338,31.0587769,30.0,1.05877686,5.05365944,4.94924879,1.23722219,0.531666696,0.0,99.468338,0.531666696,0.0457630791,0.000104103769,1.45374346,0.0849884599,0.17961207,3.05647588,0.235941797,3.10486245,0.0307989549,1.05877686,1.75215209,0.27,0,guard-and-rao,0
OU-II,adaptive,periodic,wave_data_jonswap_H0.270_L14.047_A30.00_P60.00.csv,900.0,180000,0.0849727988,0.0842908695,0.0276716072,0.122845612,31.4714069,31.2188396,10.2487431,61.3964958,0.0534430593,51.7777367,2.815202,0.691890121,103.340942,0.104340628,0.100895099,0.171606719,0.224756867,-154.736267,129.399399,4.04166698,8.78833389,87.1700058,53.9689636,30.0,23.9689636,25.936924,9.908494,50.4661102,8.78833389,4.04166698,87.1700058,8.78833389,0.452520043,0.211011514,1.45085227,0.13235271,0.278598785,3.04960608,0.346258581,2.81441307,0.0310668964,23.9689636,154.736267,0.27,2400,unconditioned,1
OU-II,adaptive,periodic,wave_data_jonswap_H0.270_L14.047_A30.00_P60.00.csv,900.0,180000,0.00887368619,0.00659523904,0.01845075,0.0215097573,3.28655028,2.44268107,6.83361101,10.7502718,0.0534430593,34.524128,0.173140898,0.0677466616,2.33330703,0.0305972844,0.0223167203,0.0430565998,0.0573419631,-8.97096348,19.0486813,5.23777771,0.0483333357,94.7138901,20.5050507,30.0,-9.49494934,10.6035519,4.72482872,8.83555603,0.0483333357,5.23777771,94.7138901,5.23777771,0.0313812196,0.000139266907,1.45261407,0.105230883,0.22204639,3.05333757,0.286309987,2.86696744,0.0308889821,9.49494934,8.97096348,0.27,2400,guard-only,1
OU-II,adaptive,periodic,wave_data_jonswap_H0.270_L14.047_A30.00_P60.00.csv,900.0,180000,0.00887368619,0.00659523904,0.01845075,0.0215097573,3.28655028,2.44268107,6.83361101,10.7502718,0.0534430593,34.524128,0.173140898,0.0677466616,2.33330703,0.0305972844,0.0223167203,0.0430565998,0.0573419631,nan,nan,0.0,0.0,100.0,-4.43334961,30.0,-34.4333496,42.2749443,25.4238491,0.788333356,0.0,0.0,100.0,0.0,0.0313812196,0.000139266907,1.45261407,0.105230883,0.22204639,3.05333757,0.286309987,2.86696744,0.0308889821,34.4333496,nan,0.27,2400,guard-and-rao,1
OU-II,adaptive,periodic,wave_data_jonswap_H1.500_L50.710_A-30.00_P120.00.csv,900.0,180000,0.083730422,0.0598671585,0.0994342342,0.143115431,5.58202791,3.9911437,6.62894869,10.7988081,0.390963972,25.433094,0.148330301,0.16784519,0.619490445,0.0145716751,0.0143820737,0.0122593595,0.0238635633,13.8254709,23.220396,91.8055573,0.581111133,7.6133337,-15.9007874,-30.0,14.0992126,21.2070789,14.7162447,96.6238861,0.581111133,91.8055573,7.6133337,91.8055573,0.0376646817,0.000110738307,2.38117433,0.421285123,2.38868284,4.98906136,0.310105383,4.34818649,0.257832944,14.0992126,13.8254709,1.5,0,unconditioned,0
OU-II,adaptive,periodic,wave_data_jonswap_H1.500_L50.710_A-30.00_P120.00.csv,900.0,180000,0.083730422,0.0598671585,0.0994342342,0.143115431,5.58202791,3.9911437,6.62894869,10.7988081,0.390963972,25.433094,0.148330301,0.16784519,0.619490445,0.0145716751,0.0143820737,0.0122593595,0.0238635633,13.8254709,23.220396,91.8055573,0.581111133,7.6133337,-15.9007874,-30.0,14.0992126,21.2070789,14.7162447,96.6238861,0.581111133,91.8055573,7.6133337,91.8055573,0.0376646817,0.000110738307,2.38117433,0.421285123,2.38868284,4.98906136,0.310105383,4.34818649,0.257832944,14.0992126,13.8254709,1.5,0,guard-only,0
OU-II,adaptive,periodic,wave_data_jonswap_H1.500_L50.710_A-30.00_P120.00.csv,900.0,180000,0.083730422,0.0598671585,0.0994342342,0.143115431,5.58202791,3.9911437,6.62894869,10.7988081,0.390963972,25.433094,0.148330301,0.16784519,0.619490445,0.0145716751,0.0143820737,0.0122593595,0.0238635633,3.10759258,21.0992298,88.8011169,0.186111122,11.0127783,-27.1082764,-30.0,2.89172363,23.2132931,21.3189373,94.7977753,71.2738876,17.7133331,11.0127783,71.2738876,0.0376646817,0.000110738307,2.38117433,0.421285123,2.38868284,4.98906136,0.310105383,4.34818649,0.257832944,2.89172363,3.10759258,1.5,0,guard-and-rao,0
OU-II,adaptive,periodic,wave_data_jonswap_H1.500_L50.710_A-30.00_P120.00.csv,900.0,180000,3.16191697,3.04791451,0.862174809,4.47558355,210.794464,203.19429,57.4783173,337.706207,0.390963972,220.525391,6.00260782,1.95493066,104.224495,0.615222156,0.543178558,0.260381609,0.861010969,-110.091156,96.5331192,1.76444447,2.23388886,96.0016708,71.2891693,-30.0,-78.7108154,69.980072,22.2680836,97.8172226,2.26944447,1.72888899,96.0016708,2.26944447,0.485872954,0.329123706,2.38084435,0.422902942,2.39719152,4.98846674,0.309775889,4.3280673,0.258056104,78.7108154,110.091156,1.5,2400,unconditioned,1
OU-II,adaptive,periodic,wave_data_jonswap_H1.500_L50.710_A-30.00_P120.00.csv,900.0,180000,0.0866444707,0.0577382334,0.099164106,0.143786252,5.77629805,3.84921551,6.61093998,10.8494253,0.390963972,25.3640003,0.129526094,0.098744832,3.23744583,0.0486083589,0.0361765251,0.0604785755,0.085610576,14.1704254,28.1333466,77.2088928,1.42388892,21.3672218,-15.01297,-30.0,14.98703,21.4023113,14.2576485,96.4250031,1.42388892,77.2088928,21.3672218,77.2088928,0.0259293597,0.000154985741,2.38183141,0.422259182,2.39552736,4.98975801,0.307812005,4.320961,0.257863283,14.98703,14.1704254,1.5,2400,guard-only,1
OU-II,adaptive,periodic,wave_data_jonswap_H1.500_L50.710_A-30.00_P120.00.csv,900.0,180000,0.0866444707,0.0577382334,0.099164106,0.143786252,5.77629805,3.84921551,6.61093998,10.8494253,0.390963972,25.3640003,0.129526094,0.098744832,3.23744583,0.0486083589,0.0361765251,0.0604785755,0.085610576,5.14408302,19.5502548,84.7116699,0.155000001,15.1333342,-25.0469818,-30.0,4.95301819,22.6516533,20.3968639,93.4305573,17.1705551,67.6961136,15.1333342,67.6961136,0.0259293597,0.000154985741,2.38183141,0.422259182,2.39552736,4.98975801,0.307812005,4.320961,0.257863283,4.95301819,5.14408302,1.5,2400,guard-and-rao,1
OU-II,adaptive,periodic,wave_data_jonswap_H4.000_L112.766_A30.00_P30.00.csv,900.0,180000,0.269535393,0.179959416,0.253984213,0.411755621,6.73838472,4.49898529,6.34960556,9.98156357,1.04307246,24.3496246,0.15732573,0.185716629,0.697194397,0.0167734455,0.0175150428,0.0131729916,0.0275980588,-8.17174339,15.6776657,95.5044479,0.0983333364,4.39722252,21.7224731,30.0,-8.27752686,15.4085455,12.7692728,99.2205582,0.0983333364,95.5044479,4.39722252,95.5044479,0.0404477082,0.00012941529,3.74068093,0.797700167,11.161974,7.83341837,0.200000003,5.0,0.859677911,8.27752686,8.17174339,4.0,0,unconditioned,0
OU-II,adaptive,periodic,wave_data_jonswap_H4.000_L112.766_A30.00_P30.00.csv,900.0,180000,0.269535393,0.179959416,0.253984213,0.411755621,6.73838472,4.49898529,6.34960556,9.98156357,1.04307246,24.3496246,0.15732573,0.185716629,0.697194397,0.0167734455,0.0175150428,0.0131729916,0.0275980588,-8.17174339,15.6776657,95.5044479,0.0983333364,4.39722252,21.7224731,30.0,-8.27752686,15.4085455,12.7692728,99.2205582,0.0983333364,95.5044479,4.39722252,95.5044479,0.0404477082,0.00012941529,3.74068093,0.797700167,11.161974,7.83341837,0.200000003,5.0,0.859677911,8.27752686,8.17174339,4.0,0,guard-only,0
OU-II,adaptive,periodic,wave_data_jonswap_H4.000_L112.766_A30.00_P30.00.csv,900.0,180000,0.269535393,0.179959416,0.253984213,0.411755621,6.73838472,4.49898529,6.34960556,9.98156357,1.04307246,24.3496246,0.15732573,0.185716629,0.697194397,0.0167734455,0.0175150428,0.0131729916,0.0275980588,-1.13694656,17.3728771,95.3027802,0.222777784,4.47444439,29.1463013,30.0,-0.85369873,17.1232243,16.328289,98.1244431,8.47333336,87.0522232,4.47444439,87.0522232,0.0404477082,0.00012941529,3.74068093,0.797700167,11.161974,7.83341837,0.200000003,5.0,0.859677911,0.85369873,1.13694656,4.0,0,guard-and-rao,0
OU-II,adaptive,periodic,wave_data_jonswap_H4.000_L112.766_A30.00_P30.00.csv,900.0,180000,7.88957167,8.00597286,2.80054402,11.5837812,197.239288,200.149323,70.0136032,280.807953,1.04307246,268.489899,7.69703531,3.00335574,104.223442,0.9483127,0.899797142,0.289529324,1.33893955,33.9301033,70.35289,7.31166697,1.63777781,91.05056,71.2209473,30.0,41.2209473,43.5614319,14.3446856,98.668335,1.63777781,7.31166697,91.05056,7.31166697,0.487253398,0.271018863,3.74055696,0.798036039,11.1659336,7.83277178,0.200000003,5.0,0.860014021,41.2209473,33.9301033,4.0,2400,unconditioned,1
OU-II,adaptive,periodic,wave_data_jonswap_H4.000_L112.766_A30.00_P30.00.csv,900.0,180000,0.281778991,0.178610221,0.25383848,0.419207573,7.0444746,4.46525574,6.34596205,10.1622095,1.04307246,24.3356514,0.142933726,0.085517399,3.66144443,0.0518489741,0.056399405,0.0691520572,0.103204727,-8.17502594,19.1359138,83.0294495,0.5,16.4705563,21.3970184,30.0,-8.60298157,15.8692169,13.0753403,99.206665,83.0294495,0.5,16.4705563,83.0294495,0.0274746753,0.000165815116,3.74099898,0.798036277,11.1685762,7.83585787,0.200000003,5.0,0.860237896,8.60298157,8.17502594,4.0,2400,guard-only,1
OU-II,adaptive,periodic,wave_data_jonswap_H4.000_L112.766_A30.00_P30.00.csv,900.0,180000,0.281778991,0.178610221,0.25383848,0.419207573,7.0444746,4.46525574,6.34596205,10.1622095,1.04307246,24.3356514,0.142933726,0.085517399,3.66144443,0.0518489741,0.056399405,0.0691520572,0.103204727,-1.92006779,17.480545,94.2400055,0.207222223,5.55277777,28.1404877,30.0,-1.85951233,17.1970158,16.2608795,98.2149963,8.45666695,85.9905548,5.55277777,85.9905548,0.0274746753,0.000165815116,3.74099898,0.798036277,11.1685762,7.83585787,0.200000003,5.0,0.860237896,1.85951233,1.92006779,4.0,2400,guard-and-rao,1
OU-II,adaptive,periodic,wave_data_jonswap_H8.500_L202.839_A-30.00_P72.00.csv,900.0,180000,0.626421511,0.443854362,0.513998568,0.923907518,7.36966467,5.22181606,6.04704189,12.1633053,2.15460348,23.8558311,0.215118319,0.206715927,0.605562091,0.0192747414,0.0180124175,0.0142396083,0.0299788136,10.3532381,26.5320625,92.1572266,1.1022222,6.74055576,-19.802002,-30.0,10.197998,21.4690475,18.6662235,98.7938919,92.1572266,1.1022222,6.74055576,92.1572266,0.0493060052,0.0001298391,4.27087498,1.0506742,19.1646881,9.12593937,0.200000003,5.0,1.49710143,10.197998,10.3532381,8.5,0,unconditioned,0
OU-II,adaptive,periodic,wave_data_jonswap_H8.500_L202.839_A-30.00_P72.00.csv,900.0,180000,0.626421511,0.443854362,0.513998568,0.923907518,7.36966467,5.22181606,6.04704189,12.1633053,2.15460348,23.8558311,0.215118319,0.206715927,0.605562091,0.0192747414,0.0180124175,0.0142396083,0.0299788136,10.3532381,26.5320625,92.1572266,1.1022222,6.74055576,-19.802002,-30.0,10.197998,21.4690475,18.6662235,98.7938919,92.1572266,1.1022222,6.74055576,92.1572266,0.0493060052,0.0001298391,4.27087498,1.0506742,19.1646881,9.12593937,0.200000003,5.0,1.49710143,10.197998,10.3532381,8.5,0,guard-only,0
OU-II,adaptive,periodic,wave_data_jonswap_H8.500_L202.839_A-30.00_P72.00.csv,900.0,180000,0.626421511,0.443854362,0.513998568,0.923907518,7.36966467,5.22181606,6.04704189,12.1633053,2.15460348,23.8558311,0.215118319,0.206715927,0.605562091,0.0192747414,0.0180124175,0.0142396083,0.0299788136,3.29673696,24.9974155,95.6894455,0.61277777,3.69777775,-26.1513214,-30.0,3.84867859,24.0783386,22.6781101,98.5627747,27.8694458,68.4327774,3.69777775,68.4327774,0.0493060052,0.0001298391,4.27087498,1.0506742,19.1646881,9.12593937,0.200000003,5.0,1.49710143,3.84867859,3.29673696,8.5,0,guard-and-rao,0
OU-II,adaptive,periodic,wave_data_jonswap_H8.500_L202.839_A-30.00_P72.00.csv,900.0,180000,18.9709282,19.3648853,9.71575356,28.7974091,223.187393,227.822174,114.302979,379.119843,2.15460348,450.930023,11.0305986,3.99105525,103.822098,1.49701655,1.41849899,0.318355769,2.08675551,71.520256,92.683197,5.03166676,5.00555563,89.9627762,74.4710541,-30.0,-75.5289307,68.5651016,26.7680206,98.461113,4.11166668,5.92555571,89.9627762,5.92555571,0.482552379,0.24254702,4.27094746,1.05049729,19.1621113,9.12580013,0.200000003,5.0,1.49736512,75.5289307,71.520256,8.5,2400,unconditioned,1
OU-II,adaptive,periodic,wave_data_jonswap_H8.500_L202.839_A-30.00_P72.00.csv,900.0,180000,0.67558217,0.458189577,0.515467346,0.96543026,7.94802523,5.39046574,6.06432152,12.7099543,2.15460348,23.9239998,0.204623789,0.0919424668,2.28934264,0.0606200062,0.0485308878,0.0726005659,0.106305569,10.2576885,26.4333611,85.125,1.03166664,13.8433332,-18.8831177,-30.0,11.1168823,23.784338,19.9531078,98.8099976,31.7900009,54.3666687,13.8433332,54.3666687,0.0320448838,0.000172886255,4.27110386,1.05076051,19.1683178,9.12624168,0.200000003,5.0,1.49903929,11.1168823,10.2576885,8.5,2400,guard-only,1
OU-II,adaptive,periodic,wave_data_jonswap_H8.500_L202.839_A-30.00_P72.00.csv,900.0,180000,0.67558217,0.458189577,0.515467346,0.96543026,7.94802523,5.39046574,6.06432152,12.7099543,2.15460348,23.9239998,0.204623789,0.0919424668,2.28934264,0.0606200062,0.0485308878,0.0726005659,0.106305569,3.42923379,26.2488651,94.6394501,0.830000043,4.53055573,-26.1116638,-30.0,3.88833618,23.5430946,22.3470173,98.4905548,27.8105564,67.6588898,4.53055573,67.6588898,0.0320448838,0.000172886255,4.27110386,1.05076051,19.1683178,9.12624168,0.200000003,5.0,1.49903929,3.88833618,3.42923379,8.5,2400,guard-and-rao,1
OU-II,adaptive,periodic,wave_data_pmstokes_H0.270_L14.047_A30.00_P60.00.csv,900.0,180000,0.00852211379,0.00682242587,0.0156787261,0.0191048253,3.15633845,2.52682424,5.80693531,9.87408066,0.0499124601,31.4124489,0.22047855,0.148324221,0.72720933,0.00747070834,0.00718054082,0.00934808422,0.0139555847,-11.6785116,12.3731079,6.21055555,0.0,93.789444,18.5627594,30.0,-11.4372406,12.1338329,4.04032421,7.66944456,6.21055555,0.0,93.789444,6.21055555,0.0453132689,9.98757387e-05,1.44367731,0.131306812,0.273670197,3.02446294,0.409234107,2.78987837,0.0310976487,11.4372406,11.6785116,0.27,0,unconditioned,0
OU-II,adaptive,periodic,wave_data_pmstokes_H0.270_L14.047_A30.00_P60.00.csv,900.0,180000,0.00852211379,0.00682242587,0.0156787261,0.0191048253,3.15633845,2.52682424,5.80693531,9.87408066,0.0499124601,31.4124489,0.22047855,0.148324221,0.72720933,0.00747070834,0.00718054082,0.00934808422,0.0139555847,-11.6785116,12.3731079,6.21055555,0.0,93.789444,18.5627594,30.0,-11.4372406,12.1338329,4.04032421,7.66944456,6.21055555,0.0,93.789444,6.21055555,0.0453132689,9.98757387e-05,1.44367731,0.131306812,0.273670197,3.02446294,0.409234107,2.78987837,0.0310976487,11.4372406,11.6785116,0.27,0,guard-only,0
OU-II,adaptive,periodic,wave_data_pmstokes_H0.270_L14.047_A30.00_P60.00.csv,900.0,180000,0.00852211379,0.00682242587,0.0156787261,0.0191048253,3.15633845,2.52682424,5.80693531,9.87408066,0.0499124601,31.4124489,0.22047855,0.148324221,0.72720933,0.00747070834,0.00718054082,0.00934808422,0.0139555847,0.633903027,2.94856048,0.0722222254,0.0,99.9277802,33.1103973,30.0,3.11039734,4.63277864,3.43731451,0.646111131,0.0722222254,0.0,99.9277802,0.0722222254,0.0453132689,9.98757387e-05,1.44367731,0.131306812,0.273670197,3.02446294,0.409234107,2.78987837,0.0310976487,3.11039734,0.633903027,0.27,0,guard-and-rao,0
OU-II,adaptive,periodic,wave_data_pmstokes_H0.270_L14.047_A30.00_P60.00.csv,900.0,180000,0.077992633,0.0788110569,0.0260007083,0.113886215,28.8861599,29.1892796,9.6298914,58.8606071,0.0499124601,52.0926208,2.81761408,0.609966338,103.298592,0.0992854461,0.0947135165,0.168503448,0.217305467,-151.369095,121.817444,4.46111107,7.35333347,88.1855545,56.8743744,30.0,26.8743744,28.3672066,9.08298111,42.2855568,7.35333347,4.46111107,88.1855545,7.35333347,0.451340437,0.206154138,1.44030964,0.13396813,0.277915776,3.01694632,0.423151702,2.65794206,0.0313713625,26.8743744,151.369095,0.27,2400,unconditioned,1
OU-II,adaptive,periodic,wave_data_pmstokes_H0.270_L14.047_A30.00_P60.00.csv,900.0,180000,0.00845151022,0.006419627,0.0179094933,0.0208180118,3.13018894,2.37763953,6.63314533,10.7595186,0.0499124601,35.8818092,0.168766588,0.0680207685,1.99901474,0.0299037248,0.0221158564,0.0428427905,0.0567348972,-7.08142424,42.7919083,3.51333332,0.228333339,96.2583389,22.5435486,30.0,-7.45645142,8.32169056,3.68677664,5.51000023,0.228333339,3.51333332,96.2583389,3.51333332,0.0307412036,0.000135647395,1.4418608,0.132255927,0.274955124,3.0195272,0.420475245,2.66753554,0.031131696,7.45645142,7.08142424,0.27,2400,guard-only,1
OU-II,adaptive,periodic,wave_data_pmstokes_H0.270_L14.047_A30.00_P60.00.csv,900.0,180000,0.00845151022,0.006419627,0.0179094933,0.0208180118,3.13018894,2.37763953,6.63314533,10.7595186,0.0499124601,35.8818092,0.168766588,0.0680207685,1.99901474,0.0299037248,0.0221158564,0.0428427905,0.0567348972,nan,nan,0.0,0.0,100.0,-64.7784424,30.0,85.2215576,82.8042374,8.98275566,0.480555564,0.0,0.0,100.0,0.0,0.0307412036,0.000135647395,1.4418608,0.132255927,0.274955124,3.0195272,0.420475245,2.66753554,0.031131696,85.2215576,nan,0.27,2400,guard-and-rao,1
OU-II,adaptive,periodic,wave_data_pmstokes_H1.500_L50.710_A-30.00_P120.00.csv,900.0,180000,0.0798407495,0.0576301664,0.0964718536,0.137849912,5.32271624,3.84201097,6.43145657,10.3033028,0.385561794,25.0211124,0.146024257,0.168958619,0.455384076,0.014842459,0.0146404654,0.0127587337,0.0244423207,13.89219,21.1595001,92.296669,0.160555556,7.54277802,-15.7075348,-30.0,14.2924652,21.9520245,15.8181791,96.4283371,0.160555556,92.296669,7.54277802,92.296669,0.0374482609,0.000114556693,2.2097528,0.455441743,2.22392559,4.63564825,0.261256695,4.0886488,0.298793554,14.2924652,13.89219,1.5,0,unconditioned,0
OU-II,adaptive,periodic,wave_data_pmstokes_H1.500_L50.710_A-30.00_P120.00.csv,900.0,180000,0.0798407495,0.0576301664,0.0964718536,0.137849912,5.32271624,3.84201097,6.43145657,10.3033028,0.385561794,25.0211124,0.146024257,0.168958619,0.455384076,0.014842459,0.0146404654,0.0127587337,0.0244423207,13.89219,21.1595001,92.296669,0.160555556,7.54277802,-15.7075348,-30.0,14.2924652,21.9520245,15.8181791,96.4283371,0.160555556,92.296669,7.54277802,92.296669,0.0374482609,0.000114556693,2.2097528,0.455441743,2.22392559,4.63564825,0.261256695,4.0886488,0.298793554,14.2924652,13.89219,1.5,0,guard-only,0
OU-II,adaptive,periodic,wave_data_pmstokes_H1.500_L50.710_A-30.00_P120.00.csv,900.0,180000,0.0798407495,0.0576301664,0.0964718536,0.137849912,5.32271624,3.84201097,6.43145657,10.3033028,0.385561794,25.0211124,0.146024257,0.168958619,0.455384076,0.014842459,0.0146404654,0.0127587337,0.0244423207,3.73532629,20.3073826,85.5788879,0.288333327,14.1327782,-27.8090668,-30.0,2.19093323,22.3682556,20.6838036,94.1149979,85.8672256,0.0,14.1327782,85.8672256,0.0374482609,0.000114556693,2.2097528,0.455441743,2.22392559,4.63564825,0.261256695,4.0886488,0.298793554,2.19093323,3.73532629,1.5,0,guard-and-rao,0
OU-II,adaptive,periodic,wave_data_pmstokes_H1.500_L50.710_A-30.00_P120.00.csv,900.0,180000,2.45801592,2.43964863,0.592133701,3.51345277,163.867722,162.643234,39.4755783,262.605652,0.385561794,153.576859,4.76502371,2.05614638,103.429382,0.520230293,0.447752595,0.271253198,0.738038123,118.404076,98.4239197,3.13666677,3.97611117,92.8872223,52.6415558,-30.0,82.6415405,68.7242889,27.5150108,97.0761108,4.00222254,3.11055565,92.8872223,4.00222254,0.488166541,0.292975485,2.20933175,0.455997169,2.22578907,4.63507318,0.262516916,4.03384399,0.29905349,82.6415405,118.404076,1.5,2400,unconditioned,1
OU-II,adaptive,periodic,wave_data_pmstokes_H1.500_L50.710_A-30.00_P120.00.csv,900.0,180000,0.0832963586,0.0564490519,0.0963980183,0.139346182,5.55309057,3.7632699,6.42653418,10.4151373,0.385561794,25.0019646,0.130491078,0.0850995705,2.90168166,0.0516549535,0.0388112888,0.0646732673,0.0914176181,13.830143,23.6982918,82.5416718,0.796666682,16.6616669,-15.029892,-30.0,14.970108,21.7690239,14.9202433,96.0538864,0.796666682,82.5416718,16.6616669,82.5416718,0.0242615268,0.00015311646,2.2103703,0.455663532,2.22625208,4.63557863,0.258815199,4.03699017,0.298666179,14.970108,13.830143,1.5,2400,guard-only,1
OU-II,adaptive,periodic,wave_data_pmstokes_H1.500_L50.710_A-30.00_P120.00.csv,900.0,180000,0.0832963586,0.0564490519,0.0963980183,0.139346182,5.55309057,3.7632699,6.42653418,10.4151373,0.385561794,25.0019646,0.130491078,0.0850995705,2.90168166,0.0516549535,0.0388112888,0.0646732673,0.0914176181,5.3810668,20.4921875,83.4861145,0.192777783,16.3211117,-24.9650269,-30.0,5.03497314,24.0548859,21.3035469,93.1816635,16.5050011,67.1738892,16.3211117,67.1738892,0.0242615268,0.00015311646,2.2103703,0.455663532,2.22625208,4.63557863,0.258815199,4.03699017,0.298666179,5.03497314,5.3810668,1.5,2400,guard-and-rao,1
OU-II,adaptive,periodic,wave_data_pmstokes_H4.000_L112.766_A30.00_P30.00.csv,900.0,180000,0.258696437,0.176155478,0.24794139,0.39928627,6.46741104,4.4038868,6.19853497,9.86888695,1.04037023,23.8320351,0.155267999,0.179965705,0.526007116,0.0168448202,0.0178488567,0.0137139838,0.0281141084,-10.2370262,17.1887684,95.2388916,0.174999997,4.58611107,19.5155945,30.0,-10.4844055,16.4060917,12.5123119,98.9916687,0.174999997,95.2388916,4.58611107,95.2388916,0.0392575711,0.000123221762,3.4918294,0.86216116,10.5122213,7.32536983,0.200000003,5.0,0.999155521,10.4844055,10.2370262,4.0,0,unconditioned,0
OU-II,adaptive,periodic,wave_data_pmstokes_H4.000_L112.766_A30.00_P30.00.csv,900.0,180000,0.258696437,0.176155478,0.24794139,0.39928627,6.46741104,4.4038868,6.19853497,9.86888695,1.04037023,23.8320351,0.155267999,0.179965705,0.526007116,0.0168448202,0.0178488567,0.0137139838,0.0281141084,-10.2370262,17.1887684,95.2388916,0.174999997,4.58611107,19.5155945,30.0,-10.4844055,16.4060917,12.5123119,98.9916687,0.174999997,95.2388916,4.58611107,95.2388916,0.0392575711,0.000123221762,3.4918294,0.86216116,10.5122213,7.32536983,0.200000003,5.0,0.999155521,10.4844055,10.2370262,4.0,0,guard-only,0
OU-II,adaptive,periodic,wave_data_pmstokes_H4.000_L112.766_A30.00_P30.00.csv,900.0,180000,0.258696437,0.176155478,0.24794139,0.39928627,6.46741104,4.4038868,6.19853497,9.86888695,1.04037023,23.8320351,0.155267999,0.179965705,0.526007116,0.0168448202,0.0178488567,0.0137139838,0.0281141084,-1.4968245,14.802,94.7272263,0.0316666663,5.24111128,28.2240295,30.0,-1.77597046,14.7654772,14.4854221,98.214447,0.0316666663,94.7272263,5.24111128,94.7272263,0.0392575711,0.000123221762,3.4918294,0.86216116,10.5122213,7.32536983,0.200000003,5.0,0.999155521,1.77597046,1.4968245,4.0,0,guard-and-rao,0
OU-II,adaptive,periodic,wave_data_pmstokes_H4.000_L112.766_A30.00_P30.00.csv,900.0,180000,5.66706038,5.47204685,1.43241334,8.00691414,141.676514,136.801178,35.8103333,197.901443,1.04037023,137.683044,5.1056776,2.86212087,103.559181,0.795072734,0.66367209,0.295481354,1.07699144,20.4665165,48.1161575,13.6983337,1.08111119,85.2205582,55.9495087,30.0,25.9495087,30.2803116,15.6652298,97.9377747,1.08111119,13.6983337,85.2205582,13.6983337,0.491727799,0.22806631,3.49174762,0.862549067,10.5164585,7.32486057,0.200000003,5.0,0.999545753,25.9495087,20.4665165,4.0,2400,unconditioned,1
OU-II,adaptive,periodic,wave_data_pmstokes_H4.000_L112.766_A30.00_P30.00.csv,900.0,180000,0.274702758,0.178906918,0.249301702,0.411850244,6.86756897,4.47267294,6.23254251,10.1794224,1.04037023,23.9627876,0.139065668,0.0843998864,2.8017478,0.0557331294,0.0589362569,0.075253576,0.110647023,-10.2538404,18.7867146,88.7050018,0.421666682,10.8733339,19.1109314,30.0,-10.8890686,16.4221916,12.139801,99.0244446,88.7050018,0.421666682,10.8733339,88.7050018,0.0265855901,0.000149658226,3.49223876,0.862668514,10.520874,7.32736015,0.200000003,5.0,0.999902189,10.8890686,10.2538404,4.0,2400,guard-only,1
OU-II,adaptive,periodic,wave_data_pmstokes_H4.000_L112.766_A30.00_P30.00.csv,900.0,180000,0.274702758,0.178906918,0.249301702,0.411850244,6.86756897,4.47267294,6.23254251,10.1794224,1.04037023,23.9627876,0.139065668,0.0843998864,2.8017478,0.0557331294,0.0589362569,0.075253576,0.110647023,-2.30295992,14.714941,92.9666672,0.0605555587,6.97277784,27.5793915,30.0,-2.42060852,14.5232944,14.1414433,97.8827744,0.0605555587,92.9666672,6.97277784,92.9666672,0.0265855901,0.000149658226,3.49223876,0.862668514,10.520874,7.32736015,0.200000003,5.0,0.999902189,2.42060852,2.30295992,4.0,2400,guard-and-rao,1
OU-II,adaptive,periodic,wave_data_pmstokes_H8.500_L202.839_A-30.00_P72.00.csv,900.0,180000,0.614407539,0.425376445,0.508250177,0.903747737,7.22832394,5.00442886,5.97941351,11.9956741,2.16781425,23.445282,0.228030428,0.218738958,0.505158186,0.0193897299,0.0182180721,0.0154012134,0.030741781,12.5124893,26.6686077,90.4300003,1.1938889,8.37611103,-17.9422455,-30.0,12.0577545,23.8613815,19.1531143,98.8177795,90.4300003,1.1938889,8.37611103,90.4300003,0.0521218553,0.000134379079,4.10534,1.24961996,21.0608673,8.77819252,0.200000003,5.0,2.10747409,12.0577545,12.5124893,8.5,0,unconditioned,0
OU-II,adaptive,periodic,wave_data_pmstokes_H8.500_L202.839_A-30.00_P72.00.csv,900.0,180000,0.614407539,0.425376445,0.508250177,0.903747737,7.22832394,5.00442886,5.97941351,11.9956741,2.16781425,23.445282,0.228030428,0.218738958,0.505158186,0.0193897299,0.0182180721,0.0154012134,0.030741781,12.5124893,26.6686077,90.4300003,1.1938889,8.37611103,-17.9422455,-30.0,12.0577545,23.8613815,19.1531143,98.8177795,90.4300003,1.1938889,8.37611103,90.4300003,0.0521218553,0.000134379079,4.10534,1.24961996,21.0608673,8.77819252,0.200000003,5.0,2.10747409,12.0577545,12.5124893,8.5,0,guard-only,0
OU-II,adaptive,periodic,wave_data_pmstokes_H8.500_L202.839_A-30.00_P72.00.csv,900.0,180000,0.614407539,0.425376445,0.508250177,0.903747737,7.22832394,5.00442886,5.97941351,11.9956741,2.16781425,23.445282,0.228030428,0.218738958,0.505158186,0.0193897299,0.0182180721,0.0154012134,0.030741781,2.23507357,24.727953,96.0600052,0.516666651,3.42333341,-26.8427582,-30.0,3.15724182,23.3685093,22.0299778,98.4700012,95.7472229,0.829444468,3.42333341,95.7472229,0.0521218553,0.000134379079,4.10534,1.24961996,21.0608673,8.77819252,0.200000003,5.0,2.10747409,3.15724182,2.23507357,8.5,0,guard-and-rao,0
OU-II,adaptive,periodic,wave_data_pmstokes_H8.500_L202.839_A-30.00_P72.00.csv,900.0,180000,12.9064999,13.0464792,4.03744125,18.7906704,151.841171,153.487991,47.4993095,249.413361,2.16781425,186.244797,6.63725615,3.4094224,104.563919,1.21868229,1.022416,0.304694593,1.61967885,45.0364342,73.9001236,13.5927782,4.76944447,81.6377792,34.8063812,-30.0,64.8063812,59.6929817,37.3198471,98.0138855,5.20333338,13.1588888,81.6377792,13.1588888,0.490977854,0.200296402,4.10539532,1.24981272,21.064682,8.77802563,0.200000003,5.0,2.10778809,64.8063812,45.0364342,8.5,2400,unconditioned,1
OU-II,adaptive,periodic,wave_data_pmstokes_H8.500_L202.839_A-30.00_P72.00.csv,900.0,180000,0.664025307,0.442923576,0.513675451,0.94919616,7.81206226,5.2108655,6.04324055,12.5989227,2.16781425,23.6955471,0.2286212,0.11673139,1.83018136,0.0659108832,0.0522299297,0.0789676234,0.115360722,12.0076494,26.8276367,87.3066711,1.4283334,11.2650003,-17.5997772,-30.0,12.4002228,23.668951,18.916399,98.5950012,87.3066711,1.4283334,11.2650003,87.3066711,0.0352968723,0.00017143054,4.10586977,1.25053847,21.0817871,8.7790699,0.200000003,5.0,2.1107955,12.4002228,12.0076494,8.5,2400,guard-only,1
OU-II,adaptive,periodic,wave_data_pmstokes_H8.500_L202.839_A-30.00_P72.00.csv,900.0,180000,0.664025307,0.442923576,0.513675451,0.94919616,7.81206226,5.2108655,6.04324055,12.5989227,2.16781425,23.6955471,0.2286212,0.11673139,1.83018136,0.0659108832,0.0522299297,0.0789676234,0.115360722,3.450032,24.7282524,95.7677765,0.450555563,3.78166676,-25.7098694,-30.0,4.29013062,23.6609879,22.1651573,98.5350037,95.4816666,0.736666679,3.78166676,95.4816666,0.0352968723,0.00017143054,4.10586977,1.25053847,21.0817871,8.7790699,0.200000003,5.0,2.1107955,4.29013062,3.450032,8.5,2400,guard-and-rao,1
OU-III,adaptive,periodic,wave_data_jonswap_H0.270_L14.047_A30.00_P60.00.csv,900.0,180000,0.00912911538,0.00908371434,0.0114732869,0.0172479246,3.38115382,3.36433864,4.24936533,8.62026882,0.0534430593,21.4682465,0.307665884,0.120979957,0.493550122,0.00645988388,0.0061083734,0.00978231989,0.0132187791,-13.1663322,13.8797655,10.2950001,0.0,89.7050018,16.9089661,30.0,-13.0910339,13.7947178,4.35364866,12.0072222,10.2950001,0.0,89.7050018,10.2950001,0.0562700294,0.000105846389,1.53025579,0.0500000007,0.150360137,3.05647588,0.235941797,3.10486245,0.0307989549,13.0910339,13.1663322,0.27,0,unconditioned,0
OU-III,adaptive,periodic,wave_data_jonswap_H0.270_L14.047_A30.00_P60.00.csv,900.0,180000,0.00912911538,0.00908371434,0.0114732869,0.0172479246,3.38115382,3.36433864,4.24936533,8.62026882,0.0534430593,21.4682465,0.307665884,0.120979957,0.493550122,0.00645988388,0.0061083734,0.00978231989,0.0132187791,-13.1663322,13.8797655,10.2950001,0.0,89.7050018,16.9089661,30.0,-13.0910339,13.7947178,4.35364866,12.0072222,10.2950001,0.0,89.7050018,10.2950001,0.0562700294,0.000105846389,1.53025579,0.0500000007,0.150360137,3.05647588,0.235941797,3.10486245,0.0307989549,13.0910339,13.1663322,0.27,0,guard-only,0
OU-III,adaptive,periodic,wave_data_jonswap_H0.270_L14.047_A30.00_P60.00.csv,900.0,180000,0.00912911538,0.00908371434,0.0114732869,0.0172479246,3.38115382,3.36433864,4.24936533,8.62026882,0.0534430593,21.4682465,0.307665884,0.120979957,0.493550122,0.00645988388,0.0061083734,0.00978231989,0.0132187791,0.487289071,3.76376343,0.38500002,0.0,99.6150055,30.1626892,30.0,0.162689209,4.53822231,4.54000807,0.98777777,0.38500002,0.0,99.6150055,0.38500002,0.0562700294,0.000105846389,1.53025579,0.0500000007,0.150360137,3.05647588,0.235941797,3.10486245,0.0307989549,0.162689209,0.487289071,0.27,0,guard-and-rao,0
OU-III,adaptive,periodic,wave_data_jonswap_H0.270_L14.047_A30.00_P60.00.csv,900.0,180000,0.0110869603,0.0398107991,0.0397740416,0.0573567338,4.10628128,14.7447405,14.7311258,28.6660843,0.0534430593,74.4232101,2.21363258,0.21307762,14.7657347,0.058124572,0.0443528146,0.135472685,0.153943136,-174.958099,129.688812,2.06555557,2.55222225,95.382225,31.3936157,30.0,1.39361572,7.2712965,7.12098122,17.9316673,2.06555557,2.55222225,95.382225,2.55222225,0.370367169,0.000840890396,1.52721369,0.0825472847,0.150565445,3.04960608,0.346258581,2.81441307,0.0310668964,1.39361572,174.958099,0.27,2400,unconditioned,1
OU-III,adaptive,periodic,wave_data_jonswap_H0.270_L14.047_A30.00_P60.00.csv,900.0,180000,0.00942270178,0.00906319264,0.0132337222,0.0186026935,3.48988938,3.35673785,4.90137863,9.29736233,0.0534430593,24.7622852,0.155740723,0.15231131,1.26279402,0.0227739401,0.016967969,0.0414027534,0.0502070971,-9.19294071,16.6253185,4.86166668,0.027777778,95.1105576,20.6175537,30.0,-9.38244629,10.4657059,4.6430583,8.11999989,0.027777778,4.86166668,95.1105576,4.86166668,0.0365488008,0.00012162669,1.52906764,0.0500000007,0.150440872,3.05333757,0.286309987,2.86696744,0.0308889821,9.38244629,9.19294071,0.27,2400,guard-only,1
OU-III,adaptive,periodic,wave_data_jonswap_H0.270_L14.047_A30.00_P60.00.csv,900.0,180000,0.00942270178,0.00906319264,0.0132337222,0.0186026935,3.48988938,3.35673785,4.90137863,9.29736233,0.0534430593,24.7622852,0.155740723,0.15231131,1.26279402,0.0227739401,0.016967969,0.0414027534,0.0502070971,nan,nan,0.0,0.0,100.0,-13.8008881,30.0,-43.8008881,48.2729836,21.9558563,0.685555577,0.0,0.0,100.0,0.0,0.0365488008,0.00012162669,1.52906764,0.0500000007,0.150440872,3.05333757,0.286309987,2.86696744,0.0308889821,43.8008881,nan,0.27,2400,guard-and-rao,1
OU-III,adaptive,periodic,wave_data_jonswap_H1.500_L50.710_A-30.00_P120.00.csv,900.0,180000,0.0692873001,0.0617612861,0.0614871234,0.111336663,4.61915302,4.11741877,4.0991416,8.40093327,0.390963972,15.7270555,0.169570208,0.118795328,0.386544347,0.012131813,0.01201443,0.0112102004,0.0204253774,13.6835051,22.5367489,91.8677826,0.49333334,7.63888884,-16.0094299,-30.0,13.9905701,21.1213512,14.7259378,96.6016693,0.49333334,91.8677826,7.63888884,91.8677826,0.034495499,0.000110462497,2.50650096,0.393561482,1.33532381,4.98906136,0.310105383,4.34818649,0.257832944,13.9905701,13.6835051,1.5,0,unconditioned,0
OU-III,adaptive,periodic,wave_data_jonswap_H1.500_L50.710_A-30.00_P120.00.csv,900.0,180000,0.0692873001,0.0617612861,0.0614871234,0.111336663,4.61915302,4.11741877,4.0991416,8.40093327,0.390963972,15.7270555,0.169570208,0.118795328,0.386544347,0.012131813,0.01201443,0.0112102004,0.0204253774,13.6835051,22.5367489,91.8677826,0.49333334,7.63888884,-16.0094299,-30.0,13.9905701,21.1213512,14.7259378,96.6016693,0.49333334,91.8677826,7.63888884,91.8677826,0.034495499,0.000110462497,2.50650096,0.393561482,1.33532381,4.98906136,0.310105383,4.34818649,0.257832944,13.9905701,13.6835051,1.5,0,guard-only,0
OU-III,adaptive,periodic,wave_data_jonswap_H1.500_L50.710_A-30.00_P120.00.csv,900.0,180000,0.0692873001,0.0617612861,0.0614871234,0.111336663,4.61915302,4.11741877,4.0991416,8.40093327,0.390963972,15.7270555,0.169570208,0.118795328,0.386544347,0.012131813,0.01201443,0.0112102004,0.0204253774,3.00961614,20.996664,88.6050034,0.185555562,11.209445,-27.2481995,-30.0,2.75180054,23.1043167,21.2385674,94.702774,71.0788879,17.711668,11.209445,71.0788879,0.034495499,0.000110462497,2.50650096,0.393561482,1.33532381,4.98906136,0.310105383,4.34818649,0.257832944,2.75180054,3.00961614,1.5,0,guard-and-rao,0
OU-III,adaptive,periodic,wave_data_jonswap_H1.500_L50.710_A-30.00_P120.00.csv,900.0,180000,4.37406158,5.0604682,1.12603509,6.78297186,291.604095,337.364532,75.0690002,511.81073,0.390963972,288.015045,5.81328344,1.45262504,103.784447,0.591307938,0.552584469,0.23398982,0.842464209,122.414581,99.194725,1.4844445,2.2855556,96.2300034,80.1832581,-30.0,-69.8167419,67.1551361,19.224247,98.4866638,1.59111118,2.17888904,96.2300034,2.17888904,0.38315165,0.296820283,2.50615191,0.39919138,1.3482213,4.98846674,0.309775889,4.3280673,0.258056104,69.8167419,122.414581,1.5,2400,unconditioned,1
OU-III,adaptive,periodic,wave_data_jonswap_H1.500_L50.710_A-30.00_P120.00.csv,900.0,180000,0.0696037412,0.0638409629,0.0688477084,0.116877526,4.64024925,4.25606394,4.58984709,8.81902122,0.390963972,17.6097317,0.165868238,0.881715119,5.88534451,0.0528373644,0.0366085283,0.0637868717,0.0905579105,13.6364145,28.7686577,77.7388916,1.60166669,20.6594448,-15.3304138,-30.0,14.6695862,21.4318771,14.6579294,96.1977768,1.60166669,77.7388916,20.6594448,77.7388916,0.153860241,0.000173983688,2.5071907,0.396367252,1.34566951,4.98975801,0.307812005,4.320961,0.257863283,14.6695862,13.6364145,1.5,2400,guard-only,1
OU-III,adaptive,periodic,wave_data_jonswap_H1.500_L50.710_A-30.00_P120.00.csv,900.0,180000,0.0696037412,0.0638409629,0.0688477084,0.116877526,4.64024925,4.25606394,4.58984709,8.81902122,0.390963972,17.6097317,0.165868238,0.881715119,5.88534451,0.0528373644,0.0366085283,0.0637868717,0.0905579105,4.16023397,19.9375801,84.6850052,0.134444445,15.1805563,-25.8951569,-30.0,4.10484314,23.0757294,21.02421,93.297226,17.1872234,67.632225,15.1805563,67.632225,0.153860241,0.000173983688,2.5071907,0.396367252,1.34566951,4.98975801,0.307812005,4.320961,0.257863283,4.10484314,4.16023397,1.5,2400,guard-and-rao,1
OU-III,adaptive,periodic,wave_data_jonswap_H4.000_L112.766_A30.00_P30.00.csv,900.0,180000,0.233525455,0.173229203,0.16070649,0.332218409,5.8381362,4.33072996,4.01766205,8.05346394,1.04307246,15.4070292,0.222909346,0.130768687,0.81452328,0.0144191375,0.0177381355,0.0126816258,0.026141474,-8.2867918,16.2502804,95.2994461,0.167777777,4.53277779,21.569458,30.0,-8.43054199,15.4858923,12.7550344,99.1611099,0.167777777,95.2994461,4.53277779,95.2994461,0.042696055,0.000130532804,3.9375577,0.840555251,8.95903492,7.83341837,0.200000003,5.0,0.859677911,8.43054199,8.2867918,4.0,0,unconditioned,0
OU-III,adaptive,periodic,wave_data_jonswap_H4.000_L112.766_A30.00_P30.00.csv,900.0,180000,0.233525455,0.173229203,0.16070649,0.332218409,5.8381362,4.33072996,4.01766205,8.05346394,1.04307246,15.4070292,0.222909346,0.130768687,0.81452328,0.0144191375,0.0177381355,0.0126816258,0.026141474,-8.2867918,16.2502804,95.2994461,0.167777777,4.53277779,21.569458,30.0,-8.43054199,15.4858923,12.7550344,99.1611099,0.167777777,95.2994461,4.53277779,95.2994461,0.042696055,0.000130532804,3.9375577,0.840555251,8.95903492,7.83341837,0.200000003,5.0,0.859677911,8.43054199,8.2867918,4.0,0,guard-only,0
OU-III,adaptive,periodic,wave_data_jonswap_H4.000_L112.766_A30.00_P30.00.csv,900.0,180000,0.233525455,0.173229203,0.16070649,0.332218409,5.8381362,4.33072996,4.01766205,8.05346394,1.04307246,15.4070292,0.222909346,0.130768687,0.81452328,0.0144191375,0.0177381355,0.0126816258,0.026141474,-0.946160555,16.5788364,95.2433319,0.0183333345,4.73833323,29.0647125,30.0,-0.935287476,17.1309471,16.3308296,98.1161118,8.13611126,87.1255569,4.73833323,87.1255569,0.042696055,0.000130532804,3.9375577,0.840555251,8.95903492,7.83341837,0.200000003,5.0,0.859677911,0.935287476,0.946160555,4.0,0,guard-and-rao,0
OU-III,adaptive,periodic,wave_data_jonswap_H4.000_L112.766_A30.00_P30.00.csv,900.0,180000,11.892354,11.7933073,3.78645682,17.1711216,297.308838,294.832672,94.6614227,416.253296,1.04307246,363.009949,7.67665386,2.04864073,104.031868,1.00684583,0.843120337,0.27288568,1.34128928,43.5769348,60.1691322,6.062778,0.705000043,93.2322235,81.4527283,30.0,51.4527283,53.2260246,14.2543697,99.246666,0.682222247,6.08555555,93.2322235,6.08555555,0.385627359,0.271454155,3.937428,0.841661692,8.96857548,7.83277178,0.200000003,5.0,0.860014021,51.4527283,43.5769348,4.0,2400,unconditioned,1
OU-III,adaptive,periodic,wave_data_jonswap_H4.000_L112.766_A30.00_P30.00.csv,900.0,180000,0.263180494,0.163436994,0.176591113,0.356595069,6.5795126,4.08592463,4.41477776,8.64439011,1.04307246,16.9298992,0.180143446,0.751772642,6.17747021,0.0531903729,0.0692663714,0.0740590543,0.114506721,-7.62309074,22.2813072,83.1244431,0.982222259,15.8933334,21.8087463,30.0,-8.19125366,16.0168781,13.5059376,99.0883331,83.1244431,0.982222259,15.8933334,83.1244431,0.134012565,0.000186893492,3.9378922,0.841141224,8.96165752,7.83585787,0.200000003,5.0,0.860237896,8.19125366,7.62309074,4.0,2400,guard-only,1
OU-III,adaptive,periodic,wave_data_jonswap_H4.000_L112.766_A30.00_P30.00.csv,900.0,180000,0.263180494,0.163436994,0.176591113,0.356595069,6.5795126,4.08592463,4.41477776,8.64439011,1.04307246,16.9298992,0.180143446,0.751772642,6.17747021,0.0531903729,0.0692663714,0.0740590543,0.114506721,-1.23236454,16.6959343,94.2777786,0.0194444451,5.70277786,28.6087494,30.0,-1.39125061,17.3071728,16.4116955,98.3072205,8.05166721,86.2455597,5.70277786,86.2455597,0.134012565,0.000186893492,3.9378922,0.841141224,8.96165752,7.83585787,0.200000003,5.0,0.860237896,1.39125061,1.23236454,4.0,2400,guard-and-rao,1
OU-III,adaptive,periodic,wave_data_jonswap_H8.500_L202.839_A-30.00_P72.00.csv,900.0,180000,0.52414912,0.409659833,0.315277576,0.736174881,6.16646004,4.81952715,3.70914793,9.69179153,2.15460348,14.6327419,0.289479047,0.14502795,0.330450326,0.01629401,0.0161891114,0.0134461941,0.026615452,10.3394785,26.3628635,92.4200058,1.0916667,6.4883337,-19.8927917,-30.0,10.1072083,21.4126186,18.6615295,98.8377762,92.4200058,1.0916667,6.4883337,92.4200058,0.0529463366,0.00012444664,4.4956646,1.10325015,16.5773811,9.12593937,0.200000003,5.0,1.49710143,10.1072083,10.3394785,8.5,0,unconditioned,0
OU-III,adaptive,periodic,wave_data_jonswap_H8.500_L202.839_A-30.00_P72.00.csv,900.0,180000,0.52414912,0.409659833,0.315277576,0.736174881,6.16646004,4.81952715,3.70914793,9.69179153,2.15460348,14.6327419,0.289479047,0.14502795,0.330450326,0.01629401,0.0161891114,0.0134461941,0.026615452,10.3394785,26.3628635,92.4200058,1.0916667,6.4883337,-19.8927917,-30.0,10.1072083,21.4126186,18.6615295,98.8377762,92.4200058,1.0916667,6.4883337,92.4200058,0.0529463366,0.00012444664,4.4956646,1.10325015,16.5773811,9.12593937,0.200000003,5.0,1.49710143,10.1072083,10.3394785,8.5,0,guard-only,0
OU-III,adaptive,periodic,wave_data_jonswap_H8.500_L202.839_A-30.00_P72.00.csv,900.0,180000,0.52414912,0.409659833,0.315277576,0.736174881,6.16646004,4.81952715,3.70914793,9.69179153,2.15460348,14.6327419,0.289479047,0.14502795,0.330450326,0.01629401,0.0161891114,0.0134461941,0.026615452,3.30961156,25.3667717,95.5055542,0.673333347,3.8211112,-26.2215576,-30.0,3.77844238,24.1281109,22.6951408,98.578331,27.5905571,68.5883331,3.8211112,68.5883331,0.0529463366,0.00012444664,4.4956646,1.10325015,16.5773811,9.12593937,0.200000003,5.0,1.49710143,3.77844238,3.30961156,8.5,0,guard-and-rao,0
OU-III,adaptive,periodic,wave_data_jonswap_H8.500_L202.839_A-30.00_P72.00.csv,900.0,180000,28.0539665,27.771431,11.2766151,41.0541039,330.046661,326.722717,132.666061,540.47998,2.15460348,523.373108,10.2488089,2.60866714,104.320549,1.43329525,1.29570711,0.306690514,1.95633614,13.7465315,81.4977417,6.41888905,3.44055557,90.1405563,-86.5257111,-30.0,-56.5257111,55.7372284,36.3601036,98.5327759,5.37666702,4.48277807,90.1405563,5.37666702,0.378844231,0.262167275,4.49572897,1.10207212,16.5775394,9.12580013,0.200000003,5.0,1.49736512,56.5257111,13.7465315,8.5,2400,unconditioned,1
OU-III,adaptive,periodic,wave_data_jonswap_H8.500_L202.839_A-30.00_P72.00.csv,900.0,180000,0.54809016,0.488945156,0.342192948,0.810287714,6.44811964,5.75229597,4.02579927,10.6674919,2.15460348,15.8819456,0.289833784,0.676967323,4.92300606,0.0785611197,0.0633529127,0.0781676769,0.127654329,10.2778645,26.2920094,85.668335,1.22888887,13.1027784,-19.1279907,-30.0,10.8720093,23.1762505,19.6878223,98.7677765,55.3422241,31.5550003,13.1027784,55.3422241,0.126196146,0.000195957342,4.49589634,1.10164404,16.5687046,9.12624168,0.200000003,5.0,1.49903929,10.8720093,10.2778645,8.5,2400,guard-only,1
OU-III,adaptive,periodic,wave_data_jonswap_H8.500_L202.839_A-30.00_P72.00.csv,900.0,180000,0.54809016,0.488945156,0.342192948,0.810287714,6.44811964,5.75229597,4.02579927,10.6674919,2.15460348,15.8819456,0.289833784,0.676967323,4.92300606,0.0785611197,0.0633529127,0.0781676769,0.127654329,2.84707642,26.3044662,94.3416672,0.838888884,4.81944466,-26.5677338,-30.0,3.43226624,23.7333908,22.594698,98.4472198,67.6255569,27.5550003,4.81944466,67.6255569,0.126196146,0.000195957342,4.49589634,1.10164404,16.5687046,9.12624168,0.200000003,5.0,1.49903929,3.43226624,2.84707642,8.5,2400,guard-and-rao,1
OU-III,adaptive,periodic,wave_data_pmstokes_H0.270_L14.047_A30.00_P60.00.csv,900.0,180000,0.00917328242,0.00901418459,0.0113749467,0.0171695668,3.39751196,3.33858681,4.21294308,8.87386703,0.0499124601,22.7897949,0.312753886,0.119832985,0.659358084,0.00636578212,0.00600926625,0.00996380858,0.013263179,-11.9398699,12.5389986,5.73777771,0.0,94.2622223,18.3247833,30.0,-11.6752167,12.2963753,3.83965135,7.03999996,5.73777771,0.0,94.2622223,5.73777771,0.0570189469,0.000101652906,1.51966047,0.0851560682,0.150116444,3.02446294,0.409234107,2.78987837,0.0310976487,11.6752167,11.9398699,0.27,0,unconditioned,0
OU-III,adaptive,periodic,wave_data_pmstokes_H0.270_L14.047_A30.00_P60.00.csv,900.0,180000,0.00917328242,0.00901418459,0.0113749467,0.0171695668,3.39751196,3.33858681,4.21294308,8.87386703,0.0499124601,22.7897949,0.312753886,0.119832985,0.659358084,0.00636578212,0.00600926625,0.00996380858,0.013263179,-11.9398699,12.5389986,5.73777771,0.0,94.2622223,18.3247833,30.0,-11.6752167,12.2963753,3.83965135,7.03999996,5.73777771,0.0,94.2622223,5.73777771,0.0570189469,0.000101652906,1.51966047,0.0851560682,0.150116444,3.02446294,0.409234107,2.78987837,0.0310976487,11.6752167,11.9398699,0.27,0,guard-only,0
OU-III,adaptive,periodic,wave_data_pmstokes_H0.270_L14.047_A30.00_P60.00.csv,900.0,180000,0.00917328242,0.00901418459,0.0113749467,0.0171695668,3.39751196,3.33858681,4.21294308,8.87386703,0.0499124601,22.7897949,0.312753886,0.119832985,0.659358084,0.00636578212,0.00600926625,0.00996380858,0.013263179,-0.0701481104,0.251675218,0.0266666673,0.0,99.9733353,32.9561462,30.0,2.95614624,4.20234776,2.98903322,0.560000002,0.0266666673,0.0,99.9733353,0.0266666673,0.0570189469,0.000101652906,1.51966047,0.0851560682,0.150116444,3.02446294,0.409234107,2.78987837,0.0310976487,2.95614624,0.0701481104,0.27,0,guard-and-rao,0
OU-III,adaptive,periodic,wave_data_pmstokes_H0.270_L14.047_A30.00_P60.00.csv,900.0,180000,0.0109337745,0.037416134,0.0384301133,0.0547392741,4.04954624,13.8578272,14.2333746,28.2912827,0.0499124601,76.9950333,2.21256423,0.206522942,13.8904982,0.0560158379,0.042797666,0.13197124,0.149618924,16.1962891,115.153816,1.98777783,1.50333333,96.5088882,33.0746307,30.0,3.07463074,7.04877043,6.34404659,11.5055552,1.98777783,1.50333333,96.5088882,1.98777783,0.370369971,0.000822237926,1.51611638,0.0921926871,0.150158495,3.01694632,0.423151702,2.65794206,0.0313713625,3.07463074,16.1962891,0.27,2400,unconditioned,1
OU-III,adaptive,periodic,wave_data_pmstokes_H0.270_L14.047_A30.00_P60.00.csv,900.0,180000,0.0093663251,0.00898369588,0.0132273762,0.0185310096,3.46900916,3.32729459,4.8990283,9.57751179,0.0499124601,26.5011501,0.157818273,0.142054141,0.949395537,0.0218617488,0.0165190641,0.0411354564,0.0494261198,-7.13898325,21.6370811,3.4355557,0.0488888919,96.5155563,22.7388611,30.0,-7.26113892,8.09934616,3.58368993,5.11555576,0.0488888919,3.4355557,96.5155563,3.4355557,0.0356176719,0.000117471274,1.51774788,0.0870273188,0.15014565,3.0195272,0.420475245,2.66753554,0.031131696,7.26113892,7.13898325,0.27,2400,guard-only,1
OU-III,adaptive,periodic,wave_data_pmstokes_H0.270_L14.047_A30.00_P60.00.csv,900.0,180000,0.0093663251,0.00898369588,0.0132273762,0.0185310096,3.46900916,3.32729459,4.8990283,9.57751179,0.0499124601,26.5011501,0.157818273,0.142054141,0.949395537,0.0218617488,0.0165190641,0.0411354564,0.0494261198,nan,nan,0.0,0.0,100.0,-63.3773499,30.0,86.6226501,83.837326,7.6031251,0.416666657,0.0,0.0,100.0,0.0,0.0356176719,0.000117471274,1.51774788,0.0870273188,0.15014565,3.0195272,0.420475245,2.66753554,0.031131696,86.6226501,nan,0.27,2400,guard-and-rao,1
OU-III,adaptive,periodic,wave_data_pmstokes_H1.500_L50.710_A-30.00_P120.00.csv,900.0,180000,0.0669338554,0.0585458577,0.0603511035,0.107470989,4.46225691,3.9030571,4.02340698,8.03269386,0.385561794,15.652771,0.169936791,0.119188547,0.243767187,0.0126831951,0.0125302188,0.0117120761,0.0213317275,13.9187708,21.3655682,92.6366653,0.171666667,7.1916666,-15.8002625,-30.0,14.1997375,21.9162617,15.8473196,96.4238892,0.171666667,92.6366653,7.1916666,92.6366653,0.0344658457,0.00011432582,2.326056,0.436519265,1.16135144,4.63564825,0.261256695,4.0886488,0.298793554,14.1997375,13.9187708,1.5,0,unconditioned,0
OU-III,adaptive,periodic,wave_data_pmstokes_H1.500_L50.710_A-30.00_P120.00.csv,900.0,180000,0.0669338554,0.0585458577,0.0603511035,0.107470989,4.46225691,3.9030571,4.02340698,8.03269386,0.385561794,15.652771,0.169936791,0.119188547,0.243767187,0.0126831951,0.0125302188,0.0117120761,0.0213317275,13.9187708,21.3655682,92.6366653,0.171666667,7.1916666,-15.8002625,-30.0,14.1997375,21.9162617,15.8473196,96.4238892,0.171666667,92.6366653,7.1916666,92.6366653,0.0344658457,0.00011432582,2.326056,0.436519265,1.16135144,4.63564825,0.261256695,4.0886488,0.298793554,14.1997375,13.9187708,1.5,0,guard-only,0
OU-III,adaptive,periodic,wave_data_pmstokes_H1.500_L50.710_A-30.00_P120.00.csv,900.0,180000,0.0669338554,0.0585458577,0.0603511035,0.107470989,4.46225691,3.9030571,4.02340698,8.03269386,0.385561794,15.652771,0.169936791,0.119188547,0.243767187,0.0126831951,0.0125302188,0.0117120761,0.0213317275,3.65032935,20.3790684,85.2761154,0.280555576,14.4433336,-27.9638367,-30.0,2.03616333,22.4902172,20.7825623,93.9877777,85.5566711,0.0,14.4433336,85.5566711,0.0344658457,0.00011432582,2.326056,0.436519265,1.16135144,4.63564825,0.261256695,4.0886488,0.298793554,2.03616333,3.65032935,1.5,0,guard-and-rao,0
OU-III,adaptive,periodic,wave_data_pmstokes_H1.500_L50.710_A-30.00_P120.00.csv,900.0,180000,3.84267974,4.48242235,0.958556294,5.98139858,256.17865,298.828156,63.9037514,447.067047,0.385561794,248.612885,5.36422491,1.73917544,103.795578,0.573239625,0.525488794,0.24710235,0.815966725,96.5090561,95.3475723,2.73277783,3.09666681,94.1705551,72.3204346,-30.0,-77.6795654,71.3344803,20.2677479,98.0299988,3.94000006,1.88944447,94.1705551,3.94000006,0.38513875,0.287857324,2.32561207,0.437995076,1.1665765,4.63507318,0.262516916,4.03384399,0.29905349,77.6795654,96.5090561,1.5,2400,unconditioned,1
OU-III,adaptive,periodic,wave_data_pmstokes_H1.500_L50.710_A-30.00_P120.00.csv,900.0,180000,0.0707567334,0.0623071752,0.0688887537,0.116766259,4.7171154,4.15381145,4.59258318,8.72744942,0.385561794,17.8671112,0.172480732,0.814090431,5.61654949,0.0566725731,0.039120838,0.068518877,0.0971445143,13.472827,23.3731728,82.7550049,0.775000036,16.4700012,-15.2417908,-30.0,14.7582092,21.9190521,15.3367529,95.8294449,0.775000036,82.7550049,16.4700012,82.7550049,0.143164843,0.000174014014,2.3267045,0.436588854,1.16549468,4.63557863,0.258815199,4.03699017,0.298666179,14.7582092,13.472827,1.5,2400,guard-only,1
OU-III,adaptive,periodic,wave_data_pmstokes_H1.500_L50.710_A-30.00_P120.00.csv,900.0,180000,0.0707567334,0.0623071752,0.0688887537,0.116766259,4.7171154,4.15381145,4.59258318,8.72744942,0.385561794,17.8671112,0.172480732,0.814090431,5.61654949,0.0566725731,0.039120838,0.068518877,0.0971445143,5.49520159,19.8444443,82.9983368,0.290000021,16.711668,-25.2729187,-30.0,4.7270813,23.0495014,20.8369904,92.9338913,44.5622215,38.7261124,16.711668,44.5622215,0.143164843,0.000174014014,2.3267045,0.436588854,1.16549468,4.63557863,0.258815199,4.03699017,0.298666179,4.7270813,5.49520159,1.5,2400,guard-and-rao,1
OU-III,adaptive,periodic,wave_data_pmstokes_H4.000_L112.766_A30.00_P30.00.csv,900.0,180000,0.226598561,0.166473895,0.158207327,0.322629839,5.6649642,4.16184759,3.95518327,7.97422218,1.04037023,15.20683,0.207211778,0.129822031,0.601651669,0.0149636306,0.0179690346,0.0132933958,0.026898155,-10.3357944,17.6347332,95.4816666,0.224444449,4.29388905,19.4415436,30.0,-10.5584564,16.4227371,12.4803028,98.9305573,0.224444449,95.4816666,4.29388905,95.4816666,0.0400959365,0.000123749342,3.67561054,0.908238769,7.78866625,7.32536983,0.200000003,5.0,0.999155521,10.5584564,10.3357944,4.0,0,unconditioned,0
OU-III,adaptive,periodic,wave_data_pmstokes_H4.000_L112.766_A30.00_P30.00.csv,900.0,180000,0.226598561,0.166473895,0.158207327,0.322629839,5.6649642,4.16184759,3.95518327,7.97422218,1.04037023,15.20683,0.207211778,0.129822031,0.601651669,0.0149636306,0.0179690346,0.0132933958,0.026898155,-10.3357944,17.6347332,95.4816666,0.224444449,4.29388905,19.4415436,30.0,-10.5584564,16.4227371,12.4803028,98.9305573,0.224444449,95.4816666,4.29388905,95.4816666,0.0400959365,0.000123749342,3.67561054,0.908238769,7.78866625,7.32536983,0.200000003,5.0,0.999155521,10.5584564,10.3357944,4.0,0,guard-only,0
OU-III,adaptive,periodic,wave_data_pmstokes_H4.000_L112.766_A30.00_P30.00.csv,900.0,180000,0.226598561,0.166473895,0.158207327,0.322629839,5.6649642,4.16184759,3.95518327,7.97422218,1.04037023,15.20683,0.207211778,0.129822031,0.601651669,0.0149636306,0.0179690346,0.0132933958,0.026898155,-1.57703495,14.7762442,94.9916687,0.0266666673,4.98166656,28.1152039,30.0,-1.88479614,14.8158951,14.5139065,98.2377777,0.0266666673,94.9916687,4.98166656,94.9916687,0.0400959365,0.000123749342,3.67561054,0.908238769,7.78866625,7.32536983,0.200000003,5.0,0.999155521,1.88479614,1.57703495,4.0,0,guard-and-rao,0
OU-III,adaptive,periodic,wave_data_pmstokes_H4.000_L112.766_A30.00_P30.00.csv,900.0,180000,9.03282833,10.3362322,2.60826516,13.9725704,225.820709,258.405792,65.2066269,345.350525,1.04037023,250.705475,6.22895432,2.50768518,104.233482,0.912985086,0.813720286,0.280373782,1.25470793,32.0350838,55.5071602,11.7777777,1.1222223,87.0999985,69.7802887,30.0,39.7802887,42.6441879,15.9724731,98.2733307,1.1222223,11.7777777,87.0999985,11.7777777,0.389703155,0.255421102,3.67552376,0.909557283,7.79738569,7.32486057,0.200000003,5.0,0.999545753,39.7802887,32.0350838,4.0,2400,unconditioned,1
OU-III,adaptive,periodic,wave_data_pmstokes_H4.000_L112.766_A30.00_P30.00.csv,900.0,180000,0.265705019,0.163142383,0.177357256,0.358706266,6.64262533,4.0785594,4.43393135,8.86589909,1.04037023,17.047514,0.141184688,0.604239166,5.01725864,0.0580203459,0.0693054125,0.0802576542,0.120875522,-9.98444748,18.1429977,89.42556,0.360000014,10.2144451,19.3684845,30.0,-10.6315155,16.4059315,12.3443251,98.9911118,89.42556,0.360000014,10.2144451,89.42556,0.109074593,0.000168516068,3.6760397,0.909093261,7.79468918,7.32736015,0.200000003,5.0,0.999902189,10.6315155,9.98444748,4.0,2400,guard-only,1
OU-III,adaptive,periodic,wave_data_pmstokes_H4.000_L112.766_A30.00_P30.00.csv,900.0,180000,0.265705019,0.163142383,0.177357256,0.358706266,6.64262533,4.0785594,4.43393135,8.86589909,1.04037023,17.047514,0.141184688,0.604239166,5.01725864,0.0580203459,0.0693054125,0.0802576542,0.120875522,-1.7495997,14.8829584,92.8555603,0.0588888898,7.08555555,28.1552734,30.0,-1.84472656,14.7864208,14.4901657,97.8527756,0.0588888898,92.8555603,7.08555555,92.8555603,0.109074593,0.000168516068,3.6760397,0.909093261,7.79468918,7.32736015,0.200000003,5.0,0.999902189,1.84472656,1.7495997,4.0,2400,guard-and-rao,1
OU-III,adaptive,periodic,wave_data_pmstokes_H8.500_L202.839_A-30.00_P72.00.csv,900.0,180000,0.527042329,0.39047277,0.314738125,0.72753191,6.2004981,4.59379721,3.70280147,9.65671635,2.16781425,14.5186853,0.327535957,0.146506339,0.296637297,0.0170884728,0.0175629873,0.0148898689,0.0286737252,12.3834372,26.5826683,90.6044464,1.1761111,8.21944427,-18.1072845,-30.0,11.8927155,23.9393234,19.2716389,98.836113,90.6044464,1.1761111,8.21944427,90.6044464,0.0586315319,0.000126980463,4.32140875,1.31856585,16.6434574,8.77819252,0.200000003,5.0,2.10747409,11.8927155,12.3834372,8.5,0,unconditioned,0
OU-III,adaptive,periodic,wave_data_pmstokes_H8.500_L202.839_A-30.00_P72.00.csv,900.0,180000,0.527042329,0.39047277,0.314738125,0.72753191,6.2004981,4.59379721,3.70280147,9.65671635,2.16781425,14.5186853,0.327535957,0.146506339,0.296637297,0.0170884728,0.0175629873,0.0148898689,0.0286737252,12.3834372,26.5826683,90.6044464,1.1761111,8.21944427,-18.1072845,-30.0,11.8927155,23.9393234,19.2716389,98.836113,90.6044464,1.1761111,8.21944427,90.6044464,0.0586315319,0.000126980463,4.32140875,1.31856585,16.6434574,8.77819252,0.200000003,5.0,2.10747409,11.8927155,12.3834372,8.5,0,guard-only,0
OU-III,adaptive,periodic,wave_data_pmstokes_H8.500_L202.839_A-30.00_P72.00.csv,900.0,180000,0.527042329,0.39047277,0.314738125,0.72753191,6.2004981,4.59379721,3.70280147,9.65671635,2.16781425,14.5186853,0.327535957,0.146506339,0.296637297,0.0170884728,0.0175629873,0.0148898689,0.0286737252,1.74625182,25.332243,95.6266708,0.526111126,3.84722233,-27.245636,-30.0,2.75436401,24.0299835,22.6301823,98.4544449,95.3116684,0.841111124,3.84722233,95.3116684,0.0586315319,0.000126980463,4.32140875,1.31856585,16.6434574,8.77819252,0.200000003,5.0,2.10747409,2.75436401,1.74625182,8.5,0,guard-and-rao,0
OU-III,adaptive,periodic,wave_data_pmstokes_H8.500_L202.839_A-30.00_P72.00.csv,900.0,180000,19.958765,20.6636047,6.22984505,29.3963909,234.80899,243.101227,73.2922897,390.185791,2.16781425,287.379089,7.27393913,2.66262794,103.501144,1.28353822,1.07914567,0.295101792,1.70267749,31.1950417,72.1775436,13.6877785,4.43166685,81.8805542,51.4682007,-30.0,81.4682007,58.0012589,49.0238647,97.9638901,10.9533339,7.16611147,81.8805542,10.9533339,0.386077613,0.231905341,4.32147217,1.3191613,16.6552067,8.77802563,0.200000003,5.0,2.10778809,81.4682007,31.1950417,8.5,2400,unconditioned,1
OU-III,adaptive,periodic,wave_data_pmstokes_H8.500_L202.839_A-30.00_P72.00.csv,900.0,180000,0.57219559,0.482035607,0.35257867,0.827089965,6.73171282,5.67100716,4.1479845,10.9781761,2.16781425,16.264246,0.345240772,0.517982304,4.15956306,0.0832798854,0.065392524,0.0845316499,0.135489196,11.683547,26.7632198,87.6183319,1.43722224,10.9444447,-17.8878632,-30.0,12.1121368,24.0755577,19.4558773,98.6272202,1.43444443,87.6211166,10.9444447,87.6211166,0.106603473,0.000191333849,4.3219676,1.31978691,16.6579857,8.7790699,0.200000003,5.0,2.1107955,12.1121368,11.683547,8.5,2400,guard-only,1
OU-III,adaptive,periodic,wave_data_pmstokes_H8.500_L202.839_A-30.00_P72.00.csv,900.0,180000,0.57219559,0.482035607,0.35257867,0.827089965,6.73171282,5.67100716,4.1479845,10.9781761,2.16781425,16.264246,0.345240772,0.517982304,4.15956306,0.0832798854,0.065392524,0.0845316499,0.135489196,2.73178458,24.9258099,95.8472214,0.464444458,3.68833351,-26.3031006,-30.0,3.69689941,23.9016304,22.5097198,98.4977798,0.754999995,95.5566711,3.68833351,95.5566711,0.106603473,0.000191333849,4.3219676,1.31978691,16.6579857,8.7790699,0.200000003,5.0,2.1107955,3.69689941,2.73178458,8.5,2400,guard-and-rao,1
