family,rpm,arm,dir_axis_abs_error_deg,dir_axis_available_pct,dir_travel_rmse_deg,dir_travel_correct_pct,dir_travel_wrong_pct,dir_travel_unresolved_pct
OU-II,0,unconditioned,11.69554327,76.15750128250001,19.54786645,71.81396025625,0.4138888903,27.772153025
OU-II,0,guard-only,11.69554327,76.15750128250001,19.54786645,71.81396025625,0.4138888903,27.772153025
OU-II,0,guard-and-rao,2.3609275825,73.020971565125,16.35299297375,69.595418865175,0.23229166503749998,30.17229269125
OU-II,2400,unconditioned,52.462682725,85.090763575,91.40328124999999,6.629791865,4.35569456125,89.014515875
OU-II,2400,guard-only,11.23971175375,75.30756927,25.606981775,64.08347475375,0.7348611248375,35.181667675
OU-II,2400,guard-and-rao,17.7626857725,72.625554865,nan,68.2264604625,0.23701389646249998,31.536528
OU-III,0,unconditioned,11.74318504875,75.9797921325,19.643953325,71.79284882625,0.415625004125,27.791528043750002
OU-III,0,guard-only,11.74318504875,75.9797921325,19.643953325,71.79284882625,0.415625004125,27.791528043750002
OU-III,0,guard-and-rao,2.157461165625,72.953124359,15.9306582935,69.45750138591251,0.2138194516,30.32868159
OU-III,2400,unconditioned,47.64893532,77.496318475,88.59206287500001,5.7772223725,2.392152844125,91.830625525
OU-III,2400,guard-only,10.98478698375,75.09215236874999,22.985470525,64.32847361,0.8077083473625001,34.863820187500004
OU-III,2400,guard-and-rao,18.7025756825,72.55479190425,nan,68.1256961875,0.22576389286249998,31.648541985
