c_sigma,c_R,family,hs_m,record,z_rms_m,z_pct_hs,rms_3d_m,roll_deg,pitch_deg,yaw_deg,rs_applied,tau_applied,sigma_applied
0.22,12.1,JONSWAP,0.27,wave_data_jonswap_H0.270_L14.047_A30.00_P60.00.csv,0.0147489,5.46255,0.0395064,0.343951,0.329306,0.723056,0.367884,1.28051,0.0879148
0.22,12.1,JONSWAP,1.5,wave_data_jonswap_H1.500_L50.710_A-30.00_P120.00.csv,0.0624067,4.16045,0.162007,0.252747,0.519371,0.578833,1.99157,2.18038,0.178476
0.22,12.1,JONSWAP,4.0,wave_data_jonswap_H4.000_L112.766_A30.00_P30.00.csv,0.181026,4.52565,0.458392,0.673905,0.981377,2.85173,8.05074,3.58993,0.274744
0.22,12.1,JONSWAP,8.5,wave_data_jonswap_H8.500_L202.839_A-30.00_P72.00.csv,0.405549,4.77116,1.02272,0.387847,0.514856,0.830669,13.6799,4.22171,0.347412
0.22,12.1,PM-Stokes,0.27,wave_data_pmstokes_H0.270_L14.047_A30.00_P60.00.csv,0.0133224,4.93422,0.034726,0.325616,0.281533,0.544571,0.291838,1.17236,0.0944528
0.22,12.1,PM-Stokes,1.5,wave_data_pmstokes_H1.500_L50.710_A-30.00_P120.00.csv,0.0615478,4.10319,0.144515,0.250326,0.206905,0.314802,1.55313,2.04464,0.19314
0.22,12.1,PM-Stokes,4.0,wave_data_pmstokes_H4.000_L112.766_A30.00_P30.00.csv,0.181974,4.54935,0.421505,0.470421,0.304562,1.57229,5.63174,3.29004,0.275365
0.22,12.1,PM-Stokes,8.5,wave_data_pmstokes_H8.500_L202.839_A-30.00_P72.00.csv,0.421857,4.96302,0.967233,0.359845,0.476751,1.1255,11.0878,4.10091,0.3658
0.22,14.4,JONSWAP,0.27,wave_data_jonswap_H0.270_L14.047_A30.00_P60.00.csv,0.0160757,5.95397,0.0438174,0.344602,0.33082,0.723147,0.437812,1.28051,0.0879148
0.22,14.4,JONSWAP,1.5,wave_data_jonswap_H1.500_L50.710_A-30.00_P120.00.csv,0.0625794,4.17196,0.169058,0.253842,0.521785,0.57994,2.37013,2.18038,0.178476
0.22,14.4,JONSWAP,4.0,wave_data_jonswap_H4.000_L112.766_A30.00_P30.00.csv,0.176375,4.40937,0.462016,0.677601,0.992087,2.87664,9.58106,3.58993,0.274744
0.22,14.4,JONSWAP,8.5,wave_data_jonswap_H8.500_L202.839_A-30.00_P72.00.csv,0.380868,4.4808,1.00389,0.389724,0.521205,0.843104,16.2802,4.22171,0.347412
0.22,14.4,PM-Stokes,0.27,wave_data_pmstokes_H0.270_L14.047_A30.00_P60.00.csv,0.0143185,5.30316,0.0382951,0.326231,0.282911,0.546548,0.347311,1.17236,0.0944528
0.22,14.4,PM-Stokes,1.5,wave_data_pmstokes_H1.500_L50.710_A-30.00_P120.00.csv,0.0602369,4.01579,0.147793,0.251258,0.208968,0.312463,1.84836,2.04464,0.19314
0.22,14.4,PM-Stokes,4.0,wave_data_pmstokes_H4.000_L112.766_A30.00_P30.00.csv,0.17205,4.30125,0.41579,0.472956,0.310545,1.58394,6.70223,3.29004,0.275365
0.22,14.4,PM-Stokes,8.5,wave_data_pmstokes_H8.500_L202.839_A-30.00_P72.00.csv,0.392614,4.61898,0.935916,0.361036,0.480799,1.13545,13.1954,4.10091,0.3658
0.22,17.11,JONSWAP,0.27,wave_data_jonswap_H0.270_L14.047_A30.00_P60.00.csv,0.0176506,6.53726,0.0488065,0.345261,0.33233,0.72341,0.520206,1.28051,0.0879148
0.22,17.11,JONSWAP,1.5,wave_data_jonswap_H1.500_L50.710_A-30.00_P120.00.csv,0.0641529,4.27686,0.179537,0.254972,0.52417,0.581196,2.81617,2.18038,0.178476
0.22,17.11,JONSWAP,4.0,wave_data_jonswap_H4.000_L112.766_A30.00_P30.00.csv,0.175057,4.37643,0.474756,0.681107,1.00223,2.90019,11.3841,3.58993,0.274744
0.22,17.11,JONSWAP,8.5,wave_data_jonswap_H8.500_L202.839_A-30.00_P72.00.csv,0.361874,4.25735,1.00328,0.391813,0.527825,0.856187,19.3441,4.22171,0.347412
0.22,17.11,PM-Stokes,0.27,wave_data_pmstokes_H0.270_L14.047_A30.00_P60.00.csv,0.0155548,5.76104,0.0424964,0.326883,0.284383,0.548694,0.412673,1.17236,0.0944528
0.22,17.11,PM-Stokes,1.5,wave_data_pmstokes_H1.500_L50.710_A-30.00_P120.00.csv,0.0602094,4.01396,0.154366,0.252236,0.211092,0.310172,2.19621,2.04464,0.19314
0.22,17.11,PM-Stokes,4.0,wave_data_pmstokes_H4.000_L112.766_A30.00_P30.00.csv,0.165092,4.12729,0.419121,0.475235,0.3157,1.5934,7.96356,3.29004,0.275365
0.22,17.11,PM-Stokes,8.5,wave_data_pmstokes_H8.500_L202.839_A-30.00_P72.00.csv,0.368703,4.33768,0.923678,0.362584,0.485759,1.14821,15.6787,4.10091,0.3658
0.22,20.3,JONSWAP,0.27,wave_data_jonswap_H0.270_L14.047_A30.00_P60.00.csv,0.0194729,7.21218,0.0545139,0.345945,0.333897,0.723602,0.617193,1.28051,0.0879148
0.22,20.3,JONSWAP,1.5,wave_data_jonswap_H1.500_L50.710_A-30.00_P120.00.csv,0.0671448,4.47632,0.193493,0.256146,0.526516,0.582495,3.34122,2.18038,0.178476
0.22,20.3,JONSWAP,4.0,wave_data_jonswap_H4.000_L112.766_A30.00_P30.00.csv,0.177128,4.4282,0.496932,0.684479,1.01194,2.92265,13.5066,3.58993,0.274744
0.22,20.3,JONSWAP,8.5,wave_data_jonswap_H8.500_L202.839_A-30.00_P72.00.csv,0.348719,4.10258,1.02189,0.394126,0.534912,0.870564,22.9506,4.22171,0.347412
0.22,20.3,PM-Stokes,0.27,wave_data_pmstokes_H0.270_L14.047_A30.00_P60.00.csv,0.0170244,6.30532,0.047351,0.327561,0.285922,0.550908,0.489612,1.17236,0.0944528
0.22,20.3,PM-Stokes,1.5,wave_data_pmstokes_H1.500_L50.710_A-30.00_P120.00.csv,0.0615087,4.10058,0.164263,0.25324,0.213197,0.308099,2.60567,2.04464,0.19314
0.22,20.3,PM-Stokes,4.0,wave_data_pmstokes_H4.000_L112.766_A30.00_P30.00.csv,0.161253,4.03133,0.431896,0.477347,0.320314,1.6014,9.44828,3.29004,0.275365
0.22,20.3,PM-Stokes,8.5,wave_data_pmstokes_H8.500_L202.839_A-30.00_P72.00.csv,0.350225,4.1203,0.932039,0.364481,0.491757,1.16405,18.6019,4.10091,0.3658
0.22,24.2,JONSWAP,0.27,wave_data_jonswap_H0.270_L14.047_A30.00_P60.00.csv,0.021629,8.01075,0.0612407,0.3467,0.335638,0.723742,0.735767,1.28051,0.0879148
0.22,24.2,JONSWAP,1.5,wave_data_jonswap_H1.500_L50.710_A-30.00_P120.00.csv,0.0717438,4.78292,0.211689,0.257399,0.528912,0.583932,3.98313,2.18038,0.178476
0.22,24.2,JONSWAP,4.0,wave_data_jonswap_H4.000_L112.766_A30.00_P30.00.csv,0.18287,4.57175,0.530241,0.68787,1.02171,2.94536,16.1015,3.58993,0.274744
0.22,24.2,JONSWAP,8.5,wave_data_jonswap_H8.500_L202.839_A-30.00_P72.00.csv,0.341563,4.01839,1.06258,0.3968,0.54312,0.887845,27.3598,4.22171,0.347412
0.22,24.2,PM-Stokes,0.27,wave_data_pmstokes_H0.270_L14.047_A30.00_P60.00.csv,0.0187919,6.95997,0.053115,0.328288,0.287538,0.553249,0.583676,1.17236,0.0944528
0.22,24.2,PM-Stokes,1.5,wave_data_pmstokes_H1.500_L50.710_A-30.00_P120.00.csv,0.0642861,4.28574,0.178051,0.25431,0.215353,0.306189,3.10627,2.04464,0.19314
0.22,24.2,PM-Stokes,4.0,wave_data_pmstokes_H4.000_L112.766_A30.00_P30.00.csv,0.160749,4.01872,0.455311,0.479419,0.324652,1.60845,11.2635,3.29004,0.275365
0.22,24.2,PM-Stokes,8.5,wave_data_pmstokes_H8.500_L202.839_A-30.00_P72.00.csv,0.336913,3.96368,0.963817,0.366764,0.499051,1.18348,22.1757,4.10091,0.3658
0.27,12.1,JONSWAP,0.27,wave_data_jonswap_H0.270_L14.047_A30.00_P60.00.csv,0.0145628,5.39363,0.0390949,0.307866,0.196393,0.675177,0.367884,1.28051,0.107895
0.27,12.1,JONSWAP,1.5,wave_data_jonswap_H1.500_L50.710_A-30.00_P120.00.csv,0.061943,4.12954,0.16053,0.233841,0.339948,0.506143,1.99157,2.18038,0.219039
0.27,12.1,JONSWAP,4.0,wave_data_jonswap_H4.000_L112.766_A30.00_P30.00.csv,0.177481,4.43702,0.451117,0.575155,0.677759,2.07197,8.05074,3.58993,0.337186
0.27,12.1,JONSWAP,8.5,wave_data_jonswap_H8.500_L202.839_A-30.00_P72.00.csv,0.405271,4.7679,1.01675,0.361149,0.322803,0.390494,13.6799,4.22171,0.426369
0.27,12.1,PM-Stokes,0.27,wave_data_pmstokes_H0.270_L14.047_A30.00_P60.00.csv,0.0132112,4.89304,0.0343751,0.290934,0.159794,0.333877,0.291838,1.17236,0.115919
0.27,12.1,PM-Stokes,1.5,wave_data_pmstokes_H1.500_L50.710_A-30.00_P120.00.csv,0.0613725,4.0915,0.143784,0.237156,0.105731,0.481501,1.55313,2.04464,0.237036
0.27,12.1,PM-Stokes,4.0,wave_data_pmstokes_H4.000_L112.766_A30.00_P30.00.csv,0.181841,4.54604,0.418465,0.426017,0.158161,1.18502,5.63174,3.29004,0.337948
0.27,12.1,PM-Stokes,8.5,wave_data_pmstokes_H8.500_L202.839_A-30.00_P72.00.csv,0.424606,4.99537,0.962336,0.330385,0.288899,0.666856,11.0878,4.10091,0.448936
0.27,14.4,JONSWAP,0.27,wave_data_jonswap_H0.270_L14.047_A30.00_P60.00.csv,0.015839,5.86628,0.0433343,0.308501,0.197676,0.673824,0.437812,1.28051,0.107895
0.27,14.4,JONSWAP,1.5,wave_data_jonswap_H1.500_L50.710_A-30.00_P120.00.csv,0.0617567,4.11711,0.167091,0.234868,0.341924,0.503989,2.37013,2.18038,0.219039
0.27,14.4,JONSWAP,4.0,wave_data_jonswap_H4.000_L112.766_A30.00_P30.00.csv,0.171246,4.28115,0.452292,0.578127,0.686203,2.09143,9.58106,3.58993,0.337186
0.27,14.4,JONSWAP,8.5,wave_data_jonswap_H8.500_L202.839_A-30.00_P72.00.csv,0.378947,4.45821,0.99431,0.36258,0.32667,0.39734,16.2802,4.22171,0.426369
0.27,14.4,PM-Stokes,0.27,wave_data_pmstokes_H0.270_L14.047_A30.00_P60.00.csv,0.0141677,5.24728,0.037878,0.291516,0.160735,0.334056,0.347311,1.17236,0.115919
0.27,14.4,PM-Stokes,1.5,wave_data_pmstokes_H1.500_L50.710_A-30.00_P120.00.csv,0.0597854,3.98569,0.146712,0.238026,0.10681,0.478094,1.84836,2.04464,0.237036
0.27,14.4,PM-Stokes,4.0,wave_data_pmstokes_H4.000_L112.766_A30.00_P30.00.csv,0.171287,4.28217,0.411173,0.428244,0.162341,1.19432,6.70223,3.29004,0.337948
0.27,14.4,PM-Stokes,8.5,wave_data_pmstokes_H8.500_L202.839_A-30.00_P72.00.csv,0.394512,4.64132,0.927228,0.331023,0.289424,0.669792,13.1954,4.10091,0.448936
0.27,17.11,JONSWAP,0.27,wave_data_jonswap_H0.270_L14.047_A30.00_P60.00.csv,0.017357,6.4285,0.0482432,0.309144,0.198942,0.672516,0.520206,1.28051,0.107895
0.27,17.11,JONSWAP,1.5,wave_data_jonswap_H1.500_L50.710_A-30.00_P120.00.csv,0.0628972,4.19314,0.17702,0.235934,0.343889,0.502121,2.81617,2.18038,0.219039
0.27,17.11,JONSWAP,4.0,wave_data_jonswap_H4.000_L112.766_A30.00_P30.00.csv,0.168102,4.20254,0.462222,0.580966,0.694197,2.10975,11.3841,3.58993,0.337186
0.27,17.11,JONSWAP,8.5,wave_data_jonswap_H8.500_L202.839_A-30.00_P72.00.csv,0.357849,4.20998,0.989097,0.364179,0.330572,0.403887,19.3441,4.22171,0.426369
0.27,17.11,PM-Stokes,0.27,wave_data_pmstokes_H0.270_L14.047_A30.00_P60.00.csv,0.0153602,5.68896,0.042006,0.292139,0.161774,0.334328,0.412673,1.17236,0.115919
0.27,17.11,PM-Stokes,1.5,wave_data_pmstokes_H1.500_L50.710_A-30.00_P120.00.csv,0.0594048,3.96032,0.152887,0.238953,0.108048,0.47475,2.19621,2.04464,0.237036
0.27,17.11,PM-Stokes,4.0,wave_data_pmstokes_H4.000_L112.766_A30.00_P30.00.csv,0.163505,4.08763,0.412636,0.430237,0.166049,1.20166,7.96356,3.29004,0.337948
0.27,17.11,PM-Stokes,8.5,wave_data_pmstokes_H8.500_L202.839_A-30.00_P72.00.csv,0.369379,4.34563,0.910101,0.332032,0.290949,0.675535,15.6787,4.10091,0.448936
0.27,20.3,JONSWAP,0.27,wave_data_jonswap_H0.270_L14.047_A30.00_P60.00.csv,0.0191133,7.07898,0.0538585,0.309805,0.200224,0.671219,0.617193,1.28051,0.107895
0.27,20.3,JONSWAP,1.5,wave_data_jonswap_H1.500_L50.710_A-30.00_P120.00.csv,0.0653728,4.35818,0.19036,0.237038,0.345828,0.500529,3.34122,2.18038,0.219039
0.27,20.3,JONSWAP,4.0,wave_data_jonswap_H4.000_L112.766_A30.00_P30.00.csv,0.168066,4.20165,0.481221,0.583685,0.701773,2.12708,13.5066,3.58993,0.337186
0.27,20.3,JONSWAP,8.5,wave_data_jonswap_H8.500_L202.839_A-30.00_P72.00.csv,0.342041,4.02402,1.00202,0.365944,0.334726,0.410639,22.9506,4.22171,0.426369
0.27,20.3,PM-Stokes,0.27,wave_data_pmstokes_H0.270_L14.047_A30.00_P60.00.csv,0.01678,6.2148,0.0467799,0.292785,0.162881,0.334638,0.489612,1.17236,0.115919
0.27,20.3,PM-Stokes,1.5,wave_data_pmstokes_H1.500_L50.710_A-30.00_P120.00.csv,0.0602566,4.01711,0.162333,0.239914,0.109378,0.471563,2.60567,2.04464,0.237036
0.27,20.3,PM-Stokes,4.0,wave_data_pmstokes_H4.000_L112.766_A30.00_P30.00.csv,0.158575,3.96437,0.423178,0.432053,0.169313,1.20739,9.44828,3.29004,0.337948
0.27,20.3,PM-Stokes,8.5,wave_data_pmstokes_H8.500_L202.839_A-30.00_P72.00.csv,0.349135,4.10747,0.912302,0.333399,0.293546,0.68433,18.6019,4.10091,0.448936
0.27,24.2,JONSWAP,0.27,wave_data_jonswap_H0.270_L14.047_A30.00_P60.00.csv,0.0211894,7.84793,0.0604775,0.310508,0.201585,0.669985,0.735767,1.28051,0.107895
0.27,24.2,JONSWAP,1.5,wave_data_jonswap_H1.500_L50.710_A-30.00_P120.00.csv,0.0693301,4.622,0.207834,0.238218,0.347775,0.499094,3.98313,2.18038,0.219039
0.27,24.2,JONSWAP,4.0,wave_data_jonswap_H4.000_L112.766_A30.00_P30.00.csv,0.171277,4.28193,0.510729,0.586411,0.709299,2.14421,16.1015,3.58993,0.337186
0.27,24.2,JONSWAP,8.5,wave_data_jonswap_H8.500_L202.839_A-30.00_P72.00.csv,0.331448,3.89939,1.03545,0.367947,0.339395,0.418213,27.3598,4.22171,0.426369
0.27,24.2,PM-Stokes,0.27,wave_data_pmstokes_H0.270_L14.047_A30.00_P60.00.csv,0.0184872,6.84712,0.0524478,0.293478,0.164043,0.33498,0.583676,1.17236,0.115919
0.27,24.2,PM-Stokes,1.5,wave_data_pmstokes_H1.500_L50.710_A-30.00_P120.00.csv,0.0624563,4.16375,0.175584,0.240935,0.110783,0.468585,3.10627,2.04464,0.237036
0.27,24.2,PM-Stokes,4.0,wave_data_pmstokes_H4.000_L112.766_A30.00_P30.00.csv,0.156572,3.91431,0.443893,0.43383,0.172433,1.21233,11.2635,3.29004,0.337948
0.27,24.2,PM-Stokes,8.5,wave_data_pmstokes_H8.500_L202.839_A-30.00_P72.00.csv,0.333297,3.92114,0.936115,0.335156,0.297418,0.696632,22.1757,4.10091,0.448936
0.32,12.1,JONSWAP,0.27,wave_data_jonswap_H0.270_L14.047_A30.00_P60.00.csv,0.0144736,5.36059,0.0388677,0.28501,0.117087,0.737493,0.367884,1.28051,0.127876
0.32,12.1,JONSWAP,1.5,wave_data_jonswap_H1.500_L50.710_A-30.00_P120.00.csv,0.0619295,4.12863,0.159833,0.221028,0.22418,0.638145,1.99157,2.18038,0.259601
0.32,12.1,JONSWAP,4.0,wave_data_jonswap_H4.000_L112.766_A30.00_P30.00.csv,0.176588,4.41469,0.447862,0.512972,0.477449,1.55854,8.05074,3.58993,0.399628
0.32,12.1,JONSWAP,8.5,wave_data_jonswap_H8.500_L202.839_A-30.00_P72.00.csv,0.406316,4.78019,1.01464,0.344644,0.208624,0.216614,13.6799,4.22171,0.505327
0.32,12.1,PM-Stokes,0.27,wave_data_pmstokes_H0.270_L14.047_A30.00_P60.00.csv,0.0131756,4.87984,0.0341914,0.2695,0.0961294,0.329368,0.291838,1.17236,0.137386
0.32,12.1,PM-Stokes,1.5,wave_data_pmstokes_H1.500_L50.710_A-30.00_P120.00.csv,0.0614654,4.09769,0.143504,0.228766,0.0715624,0.625114,1.55313,2.04464,0.280932
0.32,12.1,PM-Stokes,4.0,wave_data_pmstokes_H4.000_L112.766_A30.00_P30.00.csv,0.182435,4.56087,0.41729,0.39975,0.0911744,0.953563,5.63174,3.29004,0.400531
0.32,12.1,PM-Stokes,8.5,wave_data_pmstokes_H8.500_L202.839_A-30.00_P72.00.csv,0.427632,5.03097,0.960955,0.312384,0.182851,0.410682,11.0878,4.10091,0.532072
0.32,14.4,JONSWAP,0.27,wave_data_jonswap_H0.270_L14.047_A30.00_P60.00.csv,0.0157226,5.82318,0.0430666,0.285618,0.117831,0.735519,0.437812,1.28051,0.127876
0.32,14.4,JONSWAP,1.5,wave_data_jonswap_H1.500_L50.710_A-30.00_P120.00.csv,0.0615915,4.1061,0.166117,0.221995,0.225712,0.635317,2.37013,2.18038,0.259601
0.32,14.4,JONSWAP,4.0,wave_data_jonswap_H4.000_L112.766_A30.00_P30.00.csv,0.169586,4.23966,0.447703,0.51554,0.484397,1.57477,9.58106,3.58993,0.399628
0.32,14.4,JONSWAP,8.5,wave_data_jonswap_H8.500_L202.839_A-30.00_P72.00.csv,0.379267,4.46196,0.990349,0.345886,0.211091,0.220147,16.2802,4.22171,0.505327
0.32,14.4,PM-Stokes,0.27,wave_data_pmstokes_H0.270_L14.047_A30.00_P60.00.csv,0.0141141,5.22746,0.0376587,0.270067,0.0964186,0.32798,0.347311,1.17236,0.137386
0.32,14.4,PM-Stokes,1.5,wave_data_pmstokes_H1.500_L50.710_A-30.00_P120.00.csv,0.0597692,3.98461,0.146255,0.229596,0.071097,0.622104,1.84836,2.04464,0.280932
0.32,14.4,PM-Stokes,4.0,wave_data_pmstokes_H4.000_L112.766_A30.00_P30.00.csv,0.171664,4.29159,0.409201,0.401769,0.0921322,0.961083,6.70223,3.29004,0.400531
0.32,14.4,PM-Stokes,8.5,wave_data_pmstokes_H8.500_L202.839_A-30.00_P72.00.csv,0.397371,4.67495,0.923955,0.312691,0.180936,0.410269,13.1954,4.10091,0.532072
0.32,17.11,JONSWAP,0.27,wave_data_jonswap_H0.270_L14.047_A30.00_P60.00.csv,0.0172107,6.37435,0.0479316,0.286246,0.118672,0.733582,0.520206,1.28051,0.127876
0.32,17.11,JONSWAP,1.5,wave_data_jonswap_H1.500_L50.710_A-30.00_P120.00.csv,0.0625515,4.1701,0.175741,0.223006,0.227268,0.632763,2.81617,2.18038,0.259601
0.32,17.11,JONSWAP,4.0,wave_data_jonswap_H4.000_L112.766_A30.00_P30.00.csv,0.165562,4.13905,0.456112,0.517969,0.490869,1.58966,11.3841,3.58993,0.399628
0.32,17.11,JONSWAP,8.5,wave_data_jonswap_H8.500_L202.839_A-30.00_P72.00.csv,0.357242,4.20285,0.982856,0.347292,0.213645,0.223451,19.3441,4.22171,0.505327
0.32,17.11,PM-Stokes,0.27,wave_data_pmstokes_H0.270_L14.047_A30.00_P60.00.csv,0.0152879,5.6622,0.0417475,0.270675,0.0967918,0.326507,0.412673,1.17236,0.137386
0.32,17.11,PM-Stokes,1.5,wave_data_pmstokes_H1.500_L50.710_A-30.00_P120.00.csv,0.0592497,3.94998,0.152228,0.230481,0.0708577,0.619087,2.19621,2.04464,0.280932
0.32,17.11,PM-Stokes,4.0,wave_data_pmstokes_H4.000_L112.766_A30.00_P30.00.csv,0.163593,4.08982,0.409708,0.403559,0.0933848,0.966867,7.96356,3.29004,0.400531
0.32,17.11,PM-Stokes,8.5,wave_data_pmstokes_H8.500_L202.839_A-30.00_P72.00.csv,0.371949,4.37587,0.904355,0.313377,0.179985,0.412475,15.6787,4.10091,0.532072
0.32,20.3,JONSWAP,0.27,wave_data_jonswap_H0.270_L14.047_A30.00_P60.00.csv,0.0189334,7.01236,0.0534961,0.286894,0.119572,0.731661,0.617193,1.28051,0.127876
0.32,20.3,JONSWAP,1.5,wave_data_jonswap_H1.500_L50.710_A-30.00_P120.00.csv,0.0648153,4.32102,0.188749,0.224064,0.228851,0.630465,3.34122,2.18038,0.259601
0.32,20.3,JONSWAP,4.0,wave_data_jonswap_H4.000_L112.766_A30.00_P30.00.csv,0.164508,4.1127,0.47338,0.520332,0.49715,1.60398,13.5066,3.58993,0.399628
0.32,20.3,JONSWAP,8.5,wave_data_jonswap_H8.500_L202.839_A-30.00_P72.00.csv,0.340285,4.00335,0.993008,0.348838,0.216404,0.226465,22.9506,4.22171,0.505327
0.32,20.3,PM-Stokes,0.27,wave_data_pmstokes_H0.270_L14.047_A30.00_P60.00.csv,0.0166867,6.18026,0.0464785,0.271304,0.097204,0.32505,0.489612,1.17236,0.137386
0.32,20.3,PM-Stokes,1.5,wave_data_pmstokes_H1.500_L50.710_A-30.00_P120.00.csv,0.059925,3.995,0.161443,0.231407,0.0708131,0.616203,2.60567,2.04464,0.280932
0.32,20.3,PM-Stokes,4.0,wave_data_pmstokes_H4.000_L112.766_A30.00_P30.00.csv,0.158273,3.95682,0.419106,0.405192,0.0947444,0.971181,9.44828,3.29004,0.400531
0.32,20.3,PM-Stokes,8.5,wave_data_pmstokes_H8.500_L202.839_A-30.00_P72.00.csv,0.351226,4.13207,0.903385,0.314423,0.180104,0.417575,18.6019,4.10091,0.532072
0.32,24.2,JONSWAP,0.27,wave_data_jonswap_H0.270_L14.047_A30.00_P60.00.csv,0.0209689,7.76624,0.0600577,0.287583,0.12053,0.729708,0.735767,1.28051,0.127876
0.32,24.2,JONSWAP,1.5,wave_data_jonswap_H1.500_L50.710_A-30.00_P120.00.csv,0.0685122,4.56748,0.205835,0.2252,0.230472,0.628304,3.98313,2.18038,0.259601
0.32,24.2,JONSWAP,4.0,wave_data_jonswap_H4.000_L112.766_A30.00_P30.00.csv,0.166505,4.16264,0.500798,0.522681,0.503271,1.61782,16.1015,3.58993,0.399628
0.32,24.2,JONSWAP,8.5,wave_data_jonswap_H8.500_L202.839_A-30.00_P72.00.csv,0.328165,3.86076,1.02293,0.350583,0.219477,0.229117,27.3598,4.22171,0.505327
0.32,24.2,PM-Stokes,0.27,wave_data_pmstokes_H0.270_L14.047_A30.00_P60.00.csv,0.0183698,6.80364,0.0520961,0.271987,0.0977007,0.323528,0.583676,1.17236,0.137386
0.32,24.2,PM-Stokes,1.5,wave_data_pmstokes_H1.500_L50.710_A-30.00_P120.00.csv,0.0618954,4.12636,0.174432,0.232395,0.070947,0.613535,3.10627,2.04464,0.280932
0.32,24.2,PM-Stokes,4.0,wave_data_pmstokes_H4.000_L112.766_A30.00_P30.00.csv,0.155722,3.89304,0.438468,0.406774,0.0962244,0.974584,11.2635,3.29004,0.400531
0.32,24.2,PM-Stokes,8.5,wave_data_pmstokes_H8.500_L202.839_A-30.00_P72.00.csv,0.334599,3.93646,0.923163,0.315856,0.181374,0.425839,22.1757,4.10091,0.532072
0.38,12.1,JONSWAP,0.27,wave_data_jonswap_H0.270_L14.047_A30.00_P60.00.csv,0.0144207,5.34099,0.0387154,0.267265,0.076761,0.830289,0.367884,1.28051,0.151853
0.38,12.1,JONSWAP,1.5,wave_data_jonswap_H1.500_L50.710_A-30.00_P120.00.csv,0.0620719,4.13813,0.159423,0.210619,0.137405,0.802211,1.99157,2.18038,0.308277
0.38,12.1,JONSWAP,4.0,wave_data_jonswap_H4.000_L112.766_A30.00_P30.00.csv,0.176686,4.41715,0.446122,0.464983,0.318505,1.14935,8.05074,3.58993,0.474558
0.38,12.1,JONSWAP,8.5,wave_data_jonswap_H8.500_L202.839_A-30.00_P72.00.csv,0.40782,4.79788,1.01386,0.331882,0.132121,0.292976,13.6799,4.22171,0.600075
0.38,12.1,PM-Stokes,0.27,wave_data_pmstokes_H0.270_L14.047_A30.00_P60.00.csv,0.0131658,4.87624,0.034066,0.253147,0.080087,0.411457,0.291838,1.17236,0.163146
0.38,12.1,PM-Stokes,1.5,wave_data_pmstokes_H1.500_L50.710_A-30.00_P120.00.csv,0.0616469,4.10979,0.143395,0.222333,0.0853955,0.740497,1.55313,2.04464,0.333606
0.38,12.1,PM-Stokes,4.0,wave_data_pmstokes_H4.000_L112.766_A30.00_P30.00.csv,0.183252,4.58131,0.416796,0.380609,0.0912513,0.786134,5.63174,3.29004,0.475631
0.38,12.1,PM-Stokes,8.5,wave_data_pmstokes_H8.500_L202.839_A-30.00_P72.00.csv,0.430689,5.06693,0.96081,0.298792,0.121984,0.274866,11.0878,4.10091,0.631836
0.38,14.4,JONSWAP,0.27,wave_data_jonswap_H0.270_L14.047_A30.00_P60.00.csv,0.0156513,5.79676,0.0428872,0.267864,0.076584,0.828106,0.437812,1.28051,0.151853
0.38,14.4,JONSWAP,1.5,wave_data_jonswap_H1.500_L50.710_A-30.00_P120.00.csv,0.0616489,4.10993,0.165514,0.21155,0.138441,0.799579,2.37013,2.18038,0.308277
0.38,14.4,JONSWAP,4.0,wave_data_jonswap_H4.000_L112.766_A30.00_P30.00.csv,0.169222,4.23054,0.445032,0.467179,0.323887,1.16239,9.58106,3.58993,0.474558
0.38,14.4,JONSWAP,8.5,wave_data_jonswap_H8.500_L202.839_A-30.00_P72.00.csv,0.380355,4.47476,0.988386,0.333,0.133005,0.293805,16.2802,4.22171,0.600075
0.38,14.4,PM-Stokes,0.27,wave_data_pmstokes_H0.270_L14.047_A30.00_P60.00.csv,0.0140942,5.22008,0.0375086,0.253708,0.0793302,0.409512,0.347311,1.17236,0.163146
0.38,14.4,PM-Stokes,1.5,wave_data_pmstokes_H1.500_L50.710_A-30.00_P120.00.csv,0.0598921,3.99281,0.146021,0.223123,0.0840358,0.738002,1.84836,2.04464,0.333606
0.38,14.4,PM-Stokes,4.0,wave_data_pmstokes_H4.000_L112.766_A30.00_P30.00.csv,0.172389,4.30973,0.40818,0.382468,0.0883105,0.792177,6.70223,3.29004,0.475631
0.38,14.4,PM-Stokes,8.5,wave_data_pmstokes_H8.500_L202.839_A-30.00_P72.00.csv,0.400438,4.71103,0.922596,0.29885,0.118486,0.27521,13.1954,4.10091,0.631836
0.38,17.11,JONSWAP,0.27,wave_data_jonswap_H0.270_L14.047_A30.00_P60.00.csv,0.01712,6.34073,0.0477226,0.268488,0.076483,0.825879,0.520206,1.28051,0.151853
0.38,17.11,JONSWAP,1.5,wave_data_jonswap_H1.500_L50.710_A-30.00_P120.00.csv,0.0625159,4.16772,0.174932,0.212525,0.139554,0.79722,2.81617,2.18038,0.308277
0.38,17.11,JONSWAP,4.0,wave_data_jonswap_H4.000_L112.766_A30.00_P30.00.csv,0.164667,4.11668,0.452383,0.469289,0.329017,1.17456,11.3841,3.58993,0.474558
0.38,17.11,JONSWAP,8.5,wave_data_jonswap_H8.500_L202.839_A-30.00_P72.00.csv,0.357795,4.20936,0.979431,0.334287,0.134225,0.294833,19.3441,4.22171,0.600075
0.38,17.11,PM-Stokes,0.27,wave_data_pmstokes_H0.270_L14.047_A30.00_P60.00.csv,0.0152576,5.65097,0.0415704,0.254308,0.0785725,0.407408,0.412673,1.17236,0.163146
0.38,17.11,PM-Stokes,1.5,wave_data_pmstokes_H1.500_L50.710_A-30.00_P120.00.csv,0.0593013,3.95342,0.151856,0.223979,0.0827891,0.735358,2.19621,2.04464,0.333606
0.38,17.11,PM-Stokes,4.0,wave_data_pmstokes_H4.000_L112.766_A30.00_P30.00.csv,0.164199,4.10497,0.408023,0.384101,0.0863234,0.796598,7.96356,3.29004,0.475631
0.38,17.11,PM-Stokes,8.5,wave_data_pmstokes_H8.500_L202.839_A-30.00_P72.00.csv,0.374991,4.41165,0.901363,0.299286,0.115773,0.277479,15.6787,4.10091,0.631836
0.38,20.3,JONSWAP,0.27,wave_data_jonswap_H0.270_L14.047_A30.00_P60.00.csv,0.0188211,6.97078,0.0532569,0.269125,0.0764321,0.823739,0.617193,1.28051,0.151853
0.38,20.3,JONSWAP,1.5,wave_data_jonswap_H1.500_L50.710_A-30.00_P120.00.csv,0.0646722,4.31148,0.18771,0.213542,0.140697,0.795099,3.34122,2.18038,0.308277
0.38,20.3,JONSWAP,4.0,wave_data_jonswap_H4.000_L112.766_A30.00_P30.00.csv,0.163009,4.07522,0.46843,0.471348,0.333957,1.18609,13.5066,3.58993,0.474558
0.38,20.3,JONSWAP,8.5,wave_data_jonswap_H8.500_L202.839_A-30.00_P72.00.csv,0.340172,4.00202,0.987795,0.335719,0.135769,0.295641,22.9506,4.22171,0.600075
0.38,20.3,PM-Stokes,0.27,wave_data_pmstokes_H0.270_L14.047_A30.00_P60.00.csv,0.0166462,6.16525,0.0462721,0.254934,0.077854,0.405213,0.489612,1.17236,0.163146
0.38,20.3,PM-Stokes,1.5,wave_data_pmstokes_H1.500_L50.710_A-30.00_P120.00.csv,0.0598886,3.99257,0.160924,0.224879,0.0817168,0.732855,2.60567,2.04464,0.333606
0.38,20.3,PM-Stokes,4.0,wave_data_pmstokes_H4.000_L112.766_A30.00_P30.00.csv,0.158724,3.9681,0.416703,0.385591,0.0850247,0.7998,9.44828,3.29004,0.475631
0.38,20.3,PM-Stokes,8.5,wave_data_pmstokes_H8.500_L202.839_A-30.00_P72.00.csv,0.354176,4.16678,0.898341,0.300093,0.113865,0.281669,18.6019,4.10091,0.631836
0.38,24.2,JONSWAP,0.27,wave_data_jonswap_H0.270_L14.047_A30.00_P60.00.csv,0.0208311,7.71523,0.0597769,0.269801,0.0764393,0.821585,0.735767,1.28051,0.151853
0.38,24.2,JONSWAP,1.5,wave_data_jonswap_H1.500_L50.710_A-30.00_P120.00.csv,0.0682407,4.54938,0.204537,0.214646,0.141969,0.793057,3.98313,2.18038,0.308277
0.38,24.2,JONSWAP,4.0,wave_data_jonswap_H4.000_L112.766_A30.00_P30.00.csv,0.164287,4.10718,0.49444,0.473413,0.338829,1.19727,16.1015,3.58993,0.474558
0.38,24.2,JONSWAP,8.5,wave_data_jonswap_H8.500_L202.839_A-30.00_P72.00.csv,0.327199,3.8494,1.01547,0.337326,0.137635,0.296097,27.3598,4.22171,0.600075
0.38,24.2,PM-Stokes,0.27,wave_data_pmstokes_H0.270_L14.047_A30.00_P60.00.csv,0.0183177,6.78432,0.0518554,0.255605,0.0771524,0.402959,0.583676,1.17236,0.163146
0.38,24.2,PM-Stokes,1.5,wave_data_pmstokes_H1.500_L50.710_A-30.00_P120.00.csv,0.0617483,4.11655,0.173744,0.225839,0.0808082,0.730551,3.10627,2.04464,0.333606
0.38,24.2,PM-Stokes,4.0,wave_data_pmstokes_H4.000_L112.766_A30.00_P30.00.csv,0.155937,3.89842,0.435157,0.387027,0.0842441,0.802054,11.2635,3.29004,0.475631
0.38,24.2,PM-Stokes,8.5,wave_data_pmstokes_H8.500_L202.839_A-30.00_P72.00.csv,0.337345,3.96877,0.915412,0.301272,0.112694,0.287793,22.1757,4.10091,0.631836
0.45,12.1,JONSWAP,0.27,wave_data_jonswap_H0.270_L14.047_A30.00_P60.00.csv,0.0143901,5.32968,0.0386142,0.254152,0.0844281,0.918796,0.367884,1.28051,0.179826
0.45,12.1,JONSWAP,1.5,wave_data_jonswap_H1.500_L50.710_A-30.00_P120.00.csv,0.0622696,4.15131,0.159203,0.202605,0.0852827,0.944552,1.99157,2.18038,0.365065
0.45,12.1,JONSWAP,4.0,wave_data_jonswap_H4.000_L112.766_A30.00_P30.00.csv,0.177271,4.43179,0.445316,0.429209,0.201595,0.839809,8.05074,3.58993,0.561977
0.45,12.1,JONSWAP,8.5,wave_data_jonswap_H8.500_L202.839_A-30.00_P72.00.csv,0.409419,4.81669,1.01384,0.322356,0.0991334,0.427662,13.6799,4.22171,0.710615
0.45,12.1,PM-Stokes,0.27,wave_data_pmstokes_H0.270_L14.047_A30.00_P60.00.csv,0.0131677,4.87691,0.0339835,0.241316,0.0999071,0.500287,0.291838,1.17236,0.193199
0.45,12.1,PM-Stokes,1.5,wave_data_pmstokes_H1.500_L50.710_A-30.00_P120.00.csv,0.0618561,4.12374,0.143377,0.217688,0.111096,0.824916,1.55313,2.04464,0.39506
0.45,12.1,PM-Stokes,4.0,wave_data_pmstokes_H4.000_L112.766_A30.00_P30.00.csv,0.184099,4.60248,0.41669,0.367247,0.122363,0.672205,5.63174,3.29004,0.563247
0.45,12.1,PM-Stokes,8.5,wave_data_pmstokes_H8.500_L202.839_A-30.00_P72.00.csv,0.433423,5.09909,0.961271,0.288925,0.108523,0.265186,11.0878,4.10091,0.748227
0.45,14.4,JONSWAP,0.27,wave_data_jonswap_H0.270_L14.047_A30.00_P60.00.csv,0.0156091,5.78115,0.0427675,0.254744,0.0833913,0.916491,0.437812,1.28051,0.179826
0.45,14.4,JONSWAP,1.5,wave_data_jonswap_H1.500_L50.710_A-30.00_P120.00.csv,0.0618,4.12,0.165156,0.203495,0.0854773,0.942358,2.37013,2.18038,0.365065
0.45,14.4,JONSWAP,4.0,wave_data_jonswap_H4.000_L112.766_A30.00_P30.00.csv,0.169527,4.23817,0.443584,0.431117,0.205207,0.850094,9.58106,3.58993,0.561977
0.45,14.4,JONSWAP,8.5,wave_data_jonswap_H8.500_L202.839_A-30.00_P72.00.csv,0.381683,4.49039,0.987551,0.3234,0.0981655,0.428153,16.2802,4.22171,0.710615
0.45,14.4,PM-Stokes,0.27,wave_data_pmstokes_H0.270_L14.047_A30.00_P60.00.csv,0.0140896,5.21839,0.037408,0.241868,0.0987322,0.498273,0.347311,1.17236,0.193199
0.45,14.4,PM-Stokes,1.5,wave_data_pmstokes_H1.500_L50.710_A-30.00_P120.00.csv,0.0600645,4.0043,0.14592,0.218448,0.109674,0.822815,1.84836,2.04464,0.39506
0.45,14.4,PM-Stokes,4.0,wave_data_pmstokes_H4.000_L112.766_A30.00_P30.00.csv,0.173186,4.32964,0.407714,0.368981,0.118494,0.677063,6.70223,3.29004,0.563247
0.45,14.4,PM-Stokes,8.5,wave_data_pmstokes_H8.500_L202.839_A-30.00_P72.00.csv,0.403222,4.74379,0.922257,0.288791,0.105683,0.270258,13.1954,4.10091,0.748227
0.45,17.11,JONSWAP,0.27,wave_data_jonswap_H0.270_L14.047_A30.00_P60.00.csv,0.0170653,6.32047,0.0475829,0.255356,0.0824067,0.914255,0.520206,1.28051,0.179826
0.45,17.11,JONSWAP,1.5,wave_data_jonswap_H1.500_L50.710_A-30.00_P120.00.csv,0.0626159,4.17439,0.174429,0.204438,0.0858351,0.940374,2.81617,2.18038,0.365065
0.45,17.11,JONSWAP,4.0,wave_data_jonswap_H4.000_L112.766_A30.00_P30.00.csv,0.164658,4.11645,0.450215,0.432982,0.208834,0.859886,11.3841,3.58993,0.561977
0.45,17.11,JONSWAP,8.5,wave_data_jonswap_H8.500_L202.839_A-30.00_P72.00.csv,0.358824,4.22146,0.977633,0.324625,0.0977949,0.42886,19.3441,4.22171,0.710615
0.45,17.11,PM-Stokes,0.27,wave_data_pmstokes_H0.270_L14.047_A30.00_P60.00.csv,0.0152476,5.64726,0.0414519,0.242456,0.0975025,0.496089,0.412673,1.17236,0.193199
0.45,17.11,PM-Stokes,1.5,wave_data_pmstokes_H1.500_L50.710_A-30.00_P120.00.csv,0.0594329,3.9622,0.151666,0.219275,0.108325,0.820607,2.19621,2.04464,0.39506
0.45,17.11,PM-Stokes,4.0,wave_data_pmstokes_H4.000_L112.766_A30.00_P30.00.csv,0.164948,4.12369,0.40714,0.370503,0.115666,0.680432,7.96356,3.29004,0.563247
0.45,17.11,PM-Stokes,8.5,wave_data_pmstokes_H8.500_L202.839_A-30.00_P72.00.csv,0.377846,4.44524,0.899979,0.289048,0.103312,0.27577,15.6787,4.10091,0.748227
0.45,20.3,JONSWAP,0.27,wave_data_jonswap_H0.270_L14.047_A30.00_P60.00.csv,0.0187532,6.94563,0.0530954,0.255978,0.0814706,0.912143,0.617193,1.28051,0.179826
0.45,20.3,JONSWAP,1.5,wave_data_jonswap_H1.500_L50.710_A-30.00_P120.00.csv,0.0647198,4.31466,0.187052,0.205422,0.0863261,0.938611,3.34122,2.18038,0.365065
0.45,20.3,JONSWAP,4.0,wave_data_jonswap_H4.000_L112.766_A30.00_P30.00.csv,0.162648,4.06619,0.465433,0.434807,0.212409,0.869117,13.5066,3.58993,0.561977
0.45,20.3,JONSWAP,8.5,wave_data_jonswap_H8.500_L202.839_A-30.00_P72.00.csv,0.340824,4.0097,0.98487,0.325983,0.0978899,0.429584,22.9506,4.22171,0.710615
0.45,20.3,PM-Stokes,0.27,wave_data_pmstokes_H0.270_L14.047_A30.00_P60.00.csv,0.0166315,6.15983,0.0461344,0.243075,0.0962545,0.493801,0.489612,1.17236,0.193199
0.45,20.3,PM-Stokes,1.5,wave_data_pmstokes_H1.500_L50.710_A-30.00_P120.00.csv,0.0599789,3.99859,0.16064,0.220153,0.10706,0.818384,2.60567,2.04464,0.39506
0.45,20.3,PM-Stokes,4.0,wave_data_pmstokes_H4.000_L112.766_A30.00_P30.00.csv,0.159409,3.98523,0.41532,0.37188,0.11363,0.68275,9.44828,3.29004,0.563247
0.45,20.3,PM-Stokes,8.5,wave_data_pmstokes_H8.500_L202.839_A-30.00_P72.00.csv,0.357086,4.20101,0.895598,0.289688,0.101185,0.28134,18.6019,4.10091,0.748227
0.45,24.2,JONSWAP,0.27,wave_data_jonswap_H0.270_L14.047_A30.00_P60.00.csv,0.0207483,7.68455,0.0595925,0.256646,0.0805397,0.909972,0.735767,1.28051,0.179826
0.45,24.2,JONSWAP,1.5,wave_data_jonswap_H1.500_L50.710_A-30.00_P120.00.csv,0.0682284,4.54856,0.203707,0.206498,0.0869675,0.936911,3.98313,2.18038,0.365065
0.45,24.2,JONSWAP,4.0,wave_data_jonswap_H4.000_L112.766_A30.00_P30.00.csv,0.163519,4.08796,0.490492,0.436666,0.216047,0.878191,16.1015,3.58993,0.561977
0.45,24.2,JONSWAP,8.5,wave_data_jonswap_H8.500_L202.839_A-30.00_P72.00.csv,0.327376,3.85148,1.01111,0.327519,0.0983685,0.430121,27.3598,4.22171,0.710615
0.45,24.2,PM-Stokes,0.27,wave_data_pmstokes_H0.270_L14.047_A30.00_P60.00.csv,0.0182984,6.77717,0.051696,0.243742,0.0949546,0.491341,0.583676,1.17236,0.193199
0.45,24.2,PM-Stokes,1.5,wave_data_pmstokes_H1.500_L50.710_A-30.00_P120.00.csv,0.0617865,4.1191,0.173351,0.221095,0.105929,0.816401,3.10627,2.04464,0.39506
0.45,24.2,PM-Stokes,4.0,wave_data_pmstokes_H4.000_L112.766_A30.00_P30.00.csv,0.156534,3.91335,0.433197,0.373196,0.112166,0.684122,11.2635,3.29004,0.563247
0.45,24.2,PM-Stokes,8.5,wave_data_pmstokes_H8.500_L202.839_A-30.00_P72.00.csv,0.340266,4.00313,0.910918,0.290701,0.0991085,0.287114,22.1757,4.10091,0.748227
0.64,12.1,JONSWAP,0.27,wave_data_jonswap_H0.270_L14.047_A30.00_P60.00.csv,0.0143553,5.31677,0.0384926,0.237062,0.136265,1.05483,0.367884,1.28051,0.255752
0.64,12.1,JONSWAP,1.5,wave_data_jonswap_H1.500_L50.710_A-30.00_P120.00.csv,0.0627127,4.18085,0.159063,0.191496,0.0923145,1.15307,1.99157,2.18038,0.519203
0.64,12.1,JONSWAP,4.0,wave_data_jonswap_H4.000_L112.766_A30.00_P30.00.csv,0.178982,4.47456,0.445125,0.381108,0.0983102,0.438276,8.05074,3.58993,0.799256
0.64,12.1,JONSWAP,8.5,wave_data_jonswap_H8.500_L202.839_A-30.00_P72.00.csv,0.412756,4.85596,1.0149,0.309514,0.123748,0.636084,13.6799,4.22171,1.01065
0.64,12.1,PM-Stokes,0.27,wave_data_pmstokes_H0.270_L14.047_A30.00_P60.00.csv,0.0131741,4.8793,0.0338849,0.226358,0.147777,0.633639,0.291838,1.17236,0.274772
0.64,12.1,PM-Stokes,1.5,wave_data_pmstokes_H1.500_L50.710_A-30.00_P120.00.csv,0.0623332,4.15555,0.143533,0.211908,0.150296,0.930373,1.55313,2.04464,0.561864
0.64,12.1,PM-Stokes,4.0,wave_data_pmstokes_H4.000_L112.766_A30.00_P30.00.csv,0.185854,4.64635,0.417132,0.35105,0.176381,0.541366,5.63174,3.29004,0.801062
0.64,12.1,PM-Stokes,8.5,wave_data_pmstokes_H8.500_L202.839_A-30.00_P72.00.csv,0.43839,5.15753,0.963157,0.276178,0.143495,0.375811,11.0878,4.10091,1.06414
0.64,14.4,JONSWAP,0.27,wave_data_jonswap_H0.270_L14.047_A30.00_P60.00.csv,0.015558,5.76221,0.0426236,0.237647,0.135008,1.0526,0.437812,1.28051,0.255752
0.64,14.4,JONSWAP,1.5,wave_data_jonswap_H1.500_L50.710_A-30.00_P120.00.csv,0.0621683,4.14456,0.164826,0.19234,0.0912278,1.15153,2.37013,2.18038,0.519203
0.64,14.4,JONSWAP,4.0,wave_data_jonswap_H4.000_L112.766_A30.00_P30.00.csv,0.17088,4.27201,0.442561,0.382597,0.0964813,0.444332,9.58106,3.58993,0.799256
0.64,14.4,JONSWAP,8.5,wave_data_jonswap_H8.500_L202.839_A-30.00_P72.00.csv,0.384624,4.52498,0.98758,0.310462,0.121351,0.637099,16.2802,4.22171,1.01065
0.64,14.4,PM-Stokes,0.27,wave_data_pmstokes_H0.270_L14.047_A30.00_P60.00.csv,0.0140859,5.21702,0.0372866,0.2269,0.146549,0.6317,0.347311,1.17236,0.274772
0.64,14.4,PM-Stokes,1.5,wave_data_pmstokes_H1.500_L50.710_A-30.00_P120.00.csv,0.060462,4.0308,0.145937,0.212625,0.149071,0.928888,1.84836,2.04464,0.561864
0.64,14.4,PM-Stokes,4.0,wave_data_pmstokes_H4.000_L112.766_A30.00_P30.00.csv,0.1748,4.36999,0.407656,0.352624,0.172621,0.54462,6.70223,3.29004,0.801062
0.64,14.4,PM-Stokes,8.5,wave_data_pmstokes_H8.500_L202.839_A-30.00_P72.00.csv,0.408138,4.80162,0.923065,0.275786,0.144058,0.387485,13.1954,4.10091,1.06414
0.64,17.11,JONSWAP,0.27,wave_data_jonswap_H0.270_L14.047_A30.00_P60.00.csv,0.0169989,6.29588,0.0474153,0.23825,0.133762,1.05042,0.520206,1.28051,0.255752
0.64,17.11,JONSWAP,1.5,wave_data_jonswap_H1.500_L50.710_A-30.00_P120.00.csv,0.0629179,4.19453,0.173903,0.193237,0.0903087,1.15011,2.81617,2.18038,0.519203
0.64,17.11,JONSWAP,4.0,wave_data_jonswap_H4.000_L112.766_A30.00_P30.00.csv,0.165646,4.14115,0.448275,0.384099,0.0951417,0.450345,11.3841,3.58993,0.799256
0.64,17.11,JONSWAP,8.5,wave_data_jonswap_H8.500_L202.839_A-30.00_P72.00.csv,0.361356,4.25124,0.976478,0.311612,0.119421,0.638187,19.3441,4.22171,1.01065
0.64,17.11,PM-Stokes,0.27,wave_data_pmstokes_H0.270_L14.047_A30.00_P60.00.csv,0.0152364,5.64312,0.0413072,0.227478,0.145251,0.62959,0.412673,1.17236,0.274772
0.64,17.11,PM-Stokes,1.5,wave_data_pmstokes_H1.500_L50.710_A-30.00_P120.00.csv,0.0597601,3.984,0.15155,0.213415,0.14784,0.927176,2.19621,2.04464,0.561864
0.64,17.11,PM-Stokes,4.0,wave_data_pmstokes_H4.000_L112.766_A30.00_P30.00.csv,0.166449,4.16122,0.406521,0.353989,0.169962,0.546646,7.96356,3.29004,0.801062
0.64,17.11,PM-Stokes,8.5,wave_data_pmstokes_H8.500_L202.839_A-30.00_P72.00.csv,0.382783,4.50333,0.899485,0.275797,0.144572,0.397897,15.6787,4.10091,1.06414
0.64,20.3,JONSWAP,0.27,wave_data_jonswap_H0.270_L14.047_A30.00_P60.00.csv,0.0186717,6.91545,0.0529016,0.238868,0.132539,1.0483,0.617193,1.28051,0.255752
0.64,20.3,JONSWAP,1.5,wave_data_jonswap_H1.500_L50.710_A-30.00_P120.00.csv,0.0649649,4.33099,0.18632,0.19419,0.0895231,1.14885,3.34122,2.18038,0.519203
0.64,20.3,JONSWAP,4.0,wave_data_jonswap_H4.000_L112.766_A30.00_P30.00.csv,0.163254,4.08135,0.462472,0.385618,0.0942183,0.456199,13.5066,3.58993,0.799256
0.64,20.3,JONSWAP,8.5,wave_data_jonswap_H8.500_L202.839_A-30.00_P72.00.csv,0.342897,4.03409,0.982302,0.312913,0.117884,0.639342,22.9506,4.22171,1.01065
0.64,20.3,PM-Stokes,0.27,wave_data_pmstokes_H0.270_L14.047_A30.00_P60.00.csv,0.0166153,6.15381,0.0459653,0.228092,0.143883,0.62729,0.489612,1.17236,0.274772
0.64,20.3,PM-Stokes,1.5,wave_data_pmstokes_H1.500_L50.710_A-30.00_P120.00.csv,0.0602405,4.01604,0.160394,0.214264,0.146659,0.925476,2.60567,2.04464,0.561864
0.64,20.3,PM-Stokes,4.0,wave_data_pmstokes_H4.000_L112.766_A30.00_P30.00.csv,0.160816,4.02039,0.414067,0.35522,0.16803,0.547875,9.44828,3.29004,0.801062
0.64,20.3,PM-Stokes,8.5,wave_data_pmstokes_H8.500_L202.839_A-30.00_P72.00.csv,0.362107,4.26008,0.893468,0.276197,0.144711,0.406726,18.6019,4.10091,1.06414
0.64,24.2,JONSWAP,0.27,wave_data_jonswap_H0.270_L14.047_A30.00_P60.00.csv,0.0206505,7.64833,0.0593704,0.239531,0.131287,1.04614,0.735767,1.28051,0.255752
0.64,24.2,JONSWAP,1.5,wave_data_jonswap_H1.500_L50.710_A-30.00_P120.00.csv,0.0684226,4.56151,0.202754,0.195229,0.0888288,1.14768,3.98313,2.18038,0.519203
0.64,24.2,JONSWAP,4.0,wave_data_jonswap_H4.000_L112.766_A30.00_P30.00.csv,0.163715,4.09287,0.486359,0.387196,0.0936313,0.462009,16.1015,3.58993,0.799256
0.64,24.2,JONSWAP,8.5,wave_data_jonswap_H8.500_L202.839_A-30.00_P72.00.csv,0.328943,3.86991,1.00696,0.314377,0.116646,0.64051,27.3598,4.22171,1.01065
0.64,24.2,PM-Stokes,0.27,wave_data_pmstokes_H0.270_L14.047_A30.00_P60.00.csv,0.0182795,6.77017,0.0515017,0.228754,0.142456,0.624891,0.583676,1.17236,0.274772
0.64,24.2,PM-Stokes,1.5,wave_data_pmstokes_H1.500_L50.710_A-30.00_P120.00.csv,0.0619842,4.13228,0.172975,0.215184,0.145555,0.92389,3.10627,2.04464,0.561864
0.64,24.2,PM-Stokes,4.0,wave_data_pmstokes_H4.000_L112.766_A30.00_P30.00.csv,0.157851,3.94627,0.431225,0.356382,0.166715,0.548291,11.2635,3.29004,0.801062
0.64,24.2,PM-Stokes,8.5,wave_data_pmstokes_H8.500_L202.839_A-30.00_P72.00.csv,0.345421,4.06377,0.906649,0.276968,0.144308,0.414175,22.1757,4.10091,1.06414
0.9,12.1,JONSWAP,0.27,wave_data_jonswap_H0.270_L14.047_A30.00_P60.00.csv,0.0143212,5.30414,0.0384309,0.22898,0.168037,1.12641,0.367884,1.28051,0.359651
0.9,12.1,JONSWAP,1.5,wave_data_jonswap_H1.500_L50.710_A-30.00_P120.00.csv,0.0631545,4.2103,0.159177,0.185835,0.129911,1.26413,1.99157,2.18038,0.730129
0.9,12.1,JONSWAP,4.0,wave_data_jonswap_H4.000_L112.766_A30.00_P30.00.csv,0.180787,4.51966,0.445805,0.356447,0.13942,0.293163,8.05074,3.58993,1.12395
0.9,12.1,JONSWAP,8.5,wave_data_jonswap_H8.500_L202.839_A-30.00_P72.00.csv,0.4164,4.89882,1.01694,0.302928,0.158675,0.748247,13.6799,4.22171,1.42123
0.9,12.1,PM-Stokes,0.27,wave_data_pmstokes_H0.270_L14.047_A30.00_P60.00.csv,0.0131609,4.87442,0.0338371,0.219516,0.174082,0.70098,0.291838,1.17236,0.386398
0.9,12.1,PM-Stokes,1.5,wave_data_pmstokes_H1.500_L50.710_A-30.00_P120.00.csv,0.0629273,4.19515,0.143907,0.209486,0.168823,0.97652,1.55313,2.04464,0.79012
0.9,12.1,PM-Stokes,4.0,wave_data_pmstokes_H4.000_L112.766_A30.00_P30.00.csv,0.187886,4.69716,0.418306,0.343974,0.203247,0.488702,5.63174,3.29004,1.12649
0.9,12.1,PM-Stokes,8.5,wave_data_pmstokes_H8.500_L202.839_A-30.00_P72.00.csv,0.443303,5.21533,0.966111,0.269951,0.173704,0.456813,11.0878,4.10091,1.49645
0.9,14.4,JONSWAP,0.27,wave_data_jonswap_H0.270_L14.047_A30.00_P60.00.csv,0.0155102,5.7445,0.0425491,0.229567,0.16677,1.12418,0.437812,1.28051,0.359651
0.9,14.4,JONSWAP,1.5,wave_data_jonswap_H1.500_L50.710_A-30.00_P120.00.csv,0.0625016,4.16678,0.164799,0.186655,0.128869,1.26292,2.37013,2.18038,0.730129
0.9,14.4,JONSWAP,4.0,wave_data_jonswap_H4.000_L112.766_A30.00_P30.00.csv,0.172362,4.30906,0.442723,0.357686,0.136437,0.29614,9.58106,3.58993,1.12395
0.9,14.4,JONSWAP,8.5,wave_data_jonswap_H8.500_L202.839_A-30.00_P72.00.csv,0.387757,4.56185,0.988879,0.303809,0.156443,0.749788,16.2802,4.22171,1.42123
0.9,14.4,PM-Stokes,0.27,wave_data_pmstokes_H0.270_L14.047_A30.00_P60.00.csv,0.0140579,5.20662,0.0372232,0.220062,0.172881,0.699093,0.347311,1.17236,0.386398
0.9,14.4,PM-Stokes,1.5,wave_data_pmstokes_H1.500_L50.710_A-30.00_P120.00.csv,0.0609135,4.0609,0.146168,0.210182,0.167706,0.97528,1.84836,2.04464,0.79012
0.9,14.4,PM-Stokes,4.0,wave_data_pmstokes_H4.000_L112.766_A30.00_P30.00.csv,0.176502,4.41255,0.408369,0.345496,0.199666,0.491312,6.70223,3.29004,1.12649
0.9,14.4,PM-Stokes,8.5,wave_data_pmstokes_H8.500_L202.839_A-30.00_P72.00.csv,0.412554,4.85358,0.925157,0.269452,0.175743,0.470714,13.1954,4.10091,1.49645
0.9,17.11,JONSWAP,0.27,wave_data_jonswap_H0.270_L14.047_A30.00_P60.00.csv,0.0169395,6.2739,0.0473285,0.230165,0.16554,1.12206,0.520206,1.28051,0.359651
0.9,17.11,JONSWAP,1.5,wave_data_jonswap_H1.500_L50.710_A-30.00_P120.00.csv,0.0631569,4.21046,0.173739,0.187533,0.127931,1.26186,2.81617,2.18038,0.730129
0.9,17.11,JONSWAP,4.0,wave_data_jonswap_H4.000_L112.766_A30.00_P30.00.csv,0.166835,4.17087,0.447893,0.358974,0.133695,0.299176,11.3841,3.58993,1.12395
0.9,17.11,JONSWAP,8.5,wave_data_jonswap_H8.500_L202.839_A-30.00_P72.00.csv,0.364012,4.2825,0.977039,0.304919,0.154512,0.751198,19.3441,4.22171,1.42123
0.9,17.11,PM-Stokes,0.27,wave_data_pmstokes_H0.270_L14.047_A30.00_P60.00.csv,0.0151969,5.62848,0.0412289,0.220639,0.171601,0.697023,0.412673,1.17236,0.386398
0.9,17.11,PM-Stokes,1.5,wave_data_pmstokes_H1.500_L50.710_A-30.00_P120.00.csv,0.0600852,4.00568,0.151653,0.210956,0.166564,0.973809,2.19621,2.04464,0.79012
0.9,17.11,PM-Stokes,4.0,wave_data_pmstokes_H4.000_L112.766_A30.00_P30.00.csv,0.16787,4.19674,0.406791,0.346788,0.1972,0.492887,7.96356,3.29004,1.12649
0.9,17.11,PM-Stokes,8.5,wave_data_pmstokes_H8.500_L202.839_A-30.00_P72.00.csv,0.386813,4.55074,0.900636,0.269346,0.177621,0.48319,15.6787,4.10091,1.49645
0.9,20.3,JONSWAP,0.27,wave_data_jonswap_H0.270_L14.047_A30.00_P60.00.csv,0.0186019,6.8896,0.0528035,0.230784,0.164317,1.11994,0.617193,1.28051,0.359651
0.9,20.3,JONSWAP,1.5,wave_data_jonswap_H1.500_L50.710_A-30.00_P120.00.csv,0.0651244,4.34163,0.186031,0.188469,0.127059,1.26081,3.34122,2.18038,0.730129
0.9,20.3,JONSWAP,4.0,wave_data_jonswap_H4.000_L112.766_A30.00_P30.00.csv,0.164173,4.10433,0.461538,0.360315,0.131143,0.302265,13.5066,3.58993,1.12395
0.9,20.3,JONSWAP,8.5,wave_data_jonswap_H8.500_L202.839_A-30.00_P72.00.csv,0.345134,4.0604,0.982082,0.306191,0.152832,0.752525,22.9506,4.22171,1.42123
0.9,20.3,PM-Stokes,0.27,wave_data_pmstokes_H0.270_L14.047_A30.00_P60.00.csv,0.0165672,6.13599,0.0458741,0.221248,0.170288,0.694852,0.489612,1.17236,0.386398
0.9,20.3,PM-Stokes,1.5,wave_data_pmstokes_H1.500_L50.710_A-30.00_P120.00.csv,0.0604542,4.03028,0.160384,0.211782,0.165476,0.972376,2.60567,2.04464,0.79012
0.9,20.3,PM-Stokes,4.0,wave_data_pmstokes_H4.000_L112.766_A30.00_P30.00.csv,0.162001,4.05003,0.413914,0.34794,0.195519,0.493694,9.44828,3.29004,1.12649
0.9,20.3,PM-Stokes,8.5,wave_data_pmstokes_H8.500_L202.839_A-30.00_P72.00.csv,0.365876,4.30442,0.893593,0.269617,0.179009,0.493774,18.6019,4.10091,1.49645
0.9,24.2,JONSWAP,0.27,wave_data_jonswap_H0.270_L14.047_A30.00_P60.00.csv,0.0205717,7.61913,0.0592601,0.231443,0.163079,1.11782,0.735767,1.28051,0.359651
0.9,24.2,JONSWAP,1.5,wave_data_jonswap_H1.500_L50.710_A-30.00_P120.00.csv,0.0685163,4.56775,0.202334,0.189493,0.126237,1.2599,3.98313,2.18038,0.730129
0.9,24.2,JONSWAP,4.0,wave_data_jonswap_H4.000_L112.766_A30.00_P30.00.csv,0.164372,4.10931,0.484798,0.361729,0.12875,0.305385,16.1015,3.58993,1.12395
0.9,24.2,JONSWAP,8.5,wave_data_jonswap_H8.500_L202.839_A-30.00_P72.00.csv,0.330742,3.89108,1.0058,0.307639,0.151341,0.753806,27.3598,4.22171,1.42123
0.9,24.2,PM-Stokes,0.27,wave_data_pmstokes_H0.270_L14.047_A30.00_P60.00.csv,0.0182263,6.75047,0.0513965,0.221904,0.168905,0.692555,0.583676,1.17236,0.386398
0.9,24.2,PM-Stokes,1.5,wave_data_pmstokes_H1.500_L50.710_A-30.00_P120.00.csv,0.0620988,4.13992,0.172858,0.212684,0.164433,0.971008,3.10627,2.04464,0.79012
0.9,24.2,PM-Stokes,4.0,wave_data_pmstokes_H4.000_L112.766_A30.00_P30.00.csv,0.158833,3.97082,0.430642,0.349033,0.194389,0.493777,11.2635,3.29004,1.12649
0.9,24.2,PM-Stokes,8.5,wave_data_pmstokes_H8.500_L202.839_A-30.00_P72.00.csv,0.34903,4.10623,0.905683,0.270253,0.179768,0.502766,22.1757,4.10091,1.49645
1.8,12.1,JONSWAP,0.27,wave_data_jonswap_H0.270_L14.047_A30.00_P60.00.csv,0.014157,5.24335,0.038333,0.224073,0.189117,1.17242,0.367884,1.28051,0.719303
1.8,12.1,JONSWAP,1.5,wave_data_jonswap_H1.500_L50.710_A-30.00_P120.00.csv,0.0647716,4.3181,0.16027,0.182103,0.162326,1.34625,1.99157,2.18038,1.46026
1.8,12.1,JONSWAP,4.0,wave_data_jonswap_H4.000_L112.766_A30.00_P30.00.csv,0.186717,4.66793,0.449811,0.336994,0.203171,0.295677,8.05074,3.58993,2.24791
1.8,12.1,JONSWAP,8.5,wave_data_jonswap_H8.500_L202.839_A-30.00_P72.00.csv,0.43127,5.07376,1.02725,0.297848,0.192015,0.841911,13.6799,4.22171,2.84246
1.8,12.1,PM-Stokes,0.27,wave_data_pmstokes_H0.270_L14.047_A30.00_P60.00.csv,0.0130432,4.83082,0.0337829,0.215319,0.191697,0.745354,0.291838,1.17236,0.772796
1.8,12.1,PM-Stokes,1.5,wave_data_pmstokes_H1.500_L50.710_A-30.00_P120.00.csv,0.0656933,4.37955,0.146148,0.208712,0.17859,0.999066,1.55313,2.04464,1.58024
1.8,12.1,PM-Stokes,4.0,wave_data_pmstokes_H4.000_L112.766_A30.00_P30.00.csv,0.197,4.925,0.425332,0.339615,0.220992,0.45915,5.63174,3.29004,2.25299
1.8,12.1,PM-Stokes,8.5,wave_data_pmstokes_H8.500_L202.839_A-30.00_P72.00.csv,0.462707,5.44361,0.98096,0.265256,0.200022,0.530655,11.0878,4.10091,2.99291
1.8,14.4,JONSWAP,0.27,wave_data_jonswap_H0.270_L14.047_A30.00_P60.00.csv,0.0152905,5.66316,0.0424203,0.224649,0.187914,1.17029,0.437812,1.28051,0.719303
1.8,14.4,JONSWAP,1.5,wave_data_jonswap_H1.500_L50.710_A-30.00_P120.00.csv,0.0635168,4.23445,0.165433,0.182902,0.161371,1.34521,2.37013,2.18038,1.46026
1.8,14.4,JONSWAP,4.0,wave_data_jonswap_H4.000_L112.766_A30.00_P30.00.csv,0.176854,4.42135,0.445424,0.337977,0.201209,0.296884,9.58106,3.58993,2.24791
1.8,14.4,JONSWAP,8.5,wave_data_jonswap_H8.500_L202.839_A-30.00_P72.00.csv,0.399894,4.70463,0.996739,0.298669,0.189923,0.843516,16.2802,4.22171,2.84246
1.8,14.4,PM-Stokes,0.27,wave_data_pmstokes_H0.270_L14.047_A30.00_P60.00.csv,0.0138553,5.13161,0.0371192,0.215851,0.190576,0.743604,0.347311,1.17236,0.772796
1.8,14.4,PM-Stokes,1.5,wave_data_pmstokes_H1.500_L50.710_A-30.00_P120.00.csv,0.062886,4.1924,0.147747,0.209364,0.177628,0.99818,1.84836,2.04464,1.58024
1.8,14.4,PM-Stokes,4.0,wave_data_pmstokes_H4.000_L112.766_A30.00_P30.00.csv,0.183678,4.59195,0.41361,0.341162,0.217292,0.461731,6.70223,3.29004,2.25299
1.8,14.4,PM-Stokes,8.5,wave_data_pmstokes_H8.500_L202.839_A-30.00_P72.00.csv,0.428382,5.03979,0.936655,0.264838,0.202201,0.543621,13.1954,4.10091,2.99291
1.8,17.11,JONSWAP,0.27,wave_data_jonswap_H0.270_L14.047_A30.00_P60.00.csv,0.0166736,6.17542,0.0471756,0.225249,0.186683,1.16814,0.520206,1.28051,0.719303
1.8,17.11,JONSWAP,1.5,wave_data_jonswap_H1.500_L50.710_A-30.00_P120.00.csv,0.0636254,4.2417,0.173986,0.183767,0.160432,1.34414,2.81617,2.18038,1.46026
1.8,17.11,JONSWAP,4.0,wave_data_jonswap_H4.000_L112.766_A30.00_P30.00.csv,0.170013,4.25033,0.449415,0.339049,0.199252,0.297898,11.3841,3.58993,2.24791
1.8,17.11,JONSWAP,8.5,wave_data_jonswap_H8.500_L202.839_A-30.00_P72.00.csv,0.373739,4.39693,0.982696,0.299741,0.187963,0.844721,19.3441,4.22171,2.84246
1.8,17.11,PM-Stokes,0.27,wave_data_pmstokes_H0.270_L14.047_A30.00_P60.00.csv,0.0149236,5.52728,0.0410868,0.216414,0.189382,0.741715,0.412673,1.17236,0.772796
1.8,17.11,PM-Stokes,1.5,wave_data_pmstokes_H1.500_L50.710_A-30.00_P120.00.csv,0.0613283,4.08855,0.152678,0.210096,0.176624,0.997023,2.19621,2.04464,1.58024
1.8,17.11,PM-Stokes,4.0,wave_data_pmstokes_H4.000_L112.766_A30.00_P30.00.csv,0.173291,4.33227,0.410457,0.342489,0.214687,0.46344,7.96356,3.29004,2.25299
1.8,17.11,PM-Stokes,8.5,wave_data_pmstokes_H8.500_L202.839_A-30.00_P72.00.csv,0.399539,4.70046,0.909129,0.264744,0.204496,0.555697,15.6787,4.10091,2.99291
1.8,20.3,JONSWAP,0.27,wave_data_jonswap_H0.270_L14.047_A30.00_P60.00.csv,0.0182975,6.77684,0.0526301,0.22586,0.185502,1.16612,0.617193,1.28051,0.719303
1.8,20.3,JONSWAP,1.5,wave_data_jonswap_H1.500_L50.710_A-30.00_P120.00.csv,0.0650983,4.33988,0.185945,0.184687,0.15957,1.34316,3.34122,2.18038,1.46026
1.8,20.3,JONSWAP,4.0,wave_data_jonswap_H4.000_L112.766_A30.00_P30.00.csv,0.166197,4.15492,0.462012,0.340193,0.197347,0.298761,13.5066,3.58993,2.24791
1.8,20.3,JONSWAP,8.5,wave_data_jonswap_H8.500_L202.839_A-30.00_P72.00.csv,0.352699,4.14939,0.985817,0.301003,0.186126,0.845641,22.9506,4.22171,2.84246
1.8,20.3,PM-Stokes,0.27,wave_data_pmstokes_H0.270_L14.047_A30.00_P60.00.csv,0.0162355,6.01317,0.0457013,0.217011,0.188132,0.739664,0.489612,1.17236,0.772796
1.8,20.3,PM-Stokes,1.5,wave_data_pmstokes_H1.500_L50.710_A-30.00_P120.00.csv,0.0610322,4.06882,0.160956,0.210887,0.175649,0.995858,2.60567,2.04464,1.58024
1.8,20.3,PM-Stokes,4.0,wave_data_pmstokes_H4.000_L112.766_A30.00_P30.00.csv,0.165831,4.14578,0.416217,0.343669,0.212864,0.464541,9.44828,3.29004,2.25299
1.8,20.3,PM-Stokes,8.5,wave_data_pmstokes_H8.500_L202.839_A-30.00_P72.00.csv,0.375964,4.42311,0.899413,0.264967,0.206495,0.566423,18.6019,4.10091,2.99291
1.8,24.2,JONSWAP,0.27,wave_data_jonswap_H0.270_L14.047_A30.00_P60.00.csv,0.020233,7.49369,0.0590692,0.226511,0.184306,1.16408,0.735767,1.28051,0.719303
1.8,24.2,JONSWAP,1.5,wave_data_jonswap_H1.500_L50.710_A-30.00_P120.00.csv,0.0680403,4.53602,0.201957,0.185695,0.15874,1.34224,3.98313,2.18038,1.46026
1.8,24.2,JONSWAP,4.0,wave_data_jonswap_H4.000_L112.766_A30.00_P30.00.csv,0.165364,4.13411,0.48432,0.341434,0.19545,0.299578,16.1015,3.58993,2.24791
1.8,24.2,JONSWAP,8.5,wave_data_jonswap_H8.500_L202.839_A-30.00_P72.00.csv,0.336272,3.95614,1.0078,0.302447,0.184386,0.846444,27.3598,4.22171,2.84246
1.8,24.2,PM-Stokes,0.27,wave_data_pmstokes_H0.270_L14.047_A30.00_P60.00.csv,0.0178447,6.60914,0.0511981,0.217654,0.186817,0.737532,0.583676,1.17236,0.772796
1.8,24.2,PM-Stokes,1.5,wave_data_pmstokes_H1.500_L50.710_A-30.00_P120.00.csv,0.0620565,4.1371,0.173052,0.211771,0.174647,0.994608,3.10627,2.04464,1.58024
1.8,24.2,PM-Stokes,4.0,wave_data_pmstokes_H4.000_L112.766_A30.00_P30.00.csv,0.1612,4.03,0.431747,0.344777,0.211647,0.465001,11.2635,3.29004,2.25299
1.8,24.2,PM-Stokes,8.5,wave_data_pmstokes_H8.500_L202.839_A-30.00_P72.00.csv,0.356854,4.19828,0.909031,0.265513,0.208034,0.575876,22.1757,4.10091,2.99291
