arm,metric,scenario,n,baseline,revised,delta,ci95_half
swept,disp_z_pct_hs,nonstationary_H1_5_to_H4_0_Tp5_7_to_11_4,10,4.662991667,4.621772146,-0.041219521000000016,0.0700646489563623
swept,disp_z_pct_hs,stationary_jonswap_H0_270_L14_047_A30_00_P60_00,10,5.127509547,6.0440890320000005,0.9165794850000003,0.11559630793138247
swept,disp_z_pct_hs,stationary_jonswap_H1_500_L50_710_A_30_00_P120_00,10,4.906845522,4.872391604,-0.03445391800000008,0.05520487318178887
swept,disp_z_pct_hs,stationary_jonswap_H4_000_L112_766_A30_00_P30_00,10,4.851933289,5.104066087,0.25213279800000016,0.06144694384383437
swept,disp_z_pct_hs,stationary_jonswap_H8_500_L202_839_A_30_00_P72_00,10,4.02997284,4.668634225,0.6386613849999999,0.0833644315203314
swept,disp_z_pct_hs,stationary_pmstokes_H0_270_L14_047_A30_00_P60_00,10,4.73474126,5.286396838,0.5516555779999999,0.08337531011724685
swept,disp_z_pct_hs,stationary_pmstokes_H1_500_L50_710_A_30_00_P120_00,10,4.2232388499999995,4.254040814,0.03080196399999995,0.043863662223004
swept,disp_z_pct_hs,stationary_pmstokes_H4_000_L112_766_A30_00_P30_00,10,4.017586899,4.412898637,0.39531173799999986,0.06455724505938665
swept,disp_z_pct_hs,stationary_pmstokes_H8_500_L202_839_A_30_00_P72_00,10,4.017911625,4.885677052,0.867765427,0.07377755372361874
swept,disp_z_pct_hs,ALL,90,4.508081277666666,4.905551826111111,0.39747054844444446,0.07666678226866992
swept,disp_3d_rms_m,nonstationary_H1_5_to_H4_0_Tp5_7_to_11_4,10,0.4677871613,0.46967732019999997,0.0018901589000000051,0.003953081756827426
swept,disp_3d_rms_m,stationary_jonswap_H0_270_L14_047_A30_00_P60_00,10,0.03044533527,0.03965361976,0.00920828449,0.0005481493505161214
swept,disp_3d_rms_m,stationary_jonswap_H1_500_L50_710_A_30_00_P120_00,10,0.1654167505,0.1549823046,-0.010434445899999997,0.0014425229491381293
swept,disp_3d_rms_m,stationary_jonswap_H4_000_L112_766_A30_00_P30_00,10,0.4530606627,0.417759359,-0.035301303699999995,0.009419528160318354
swept,disp_3d_rms_m,stationary_jonswap_H8_500_L202_839_A_30_00_P72_00,10,0.9846007112,0.9308507085,-0.05375000270000001,0.05278764592516329
swept,disp_3d_rms_m,stationary_pmstokes_H0_270_L14_047_A30_00_P60_00,10,0.02929930538,0.03524680847,0.0059475030899999995,0.00035593530632641555
swept,disp_3d_rms_m,stationary_pmstokes_H1_500_L50_710_A_30_00_P120_00,10,0.1547480717,0.1434770494,-0.011271022300000003,0.002207240544313941
swept,disp_3d_rms_m,stationary_pmstokes_H4_000_L112_766_A30_00_P30_00,10,0.4197933853,0.3984125911,-0.021380794199999997,0.007777478848452892
swept,disp_3d_rms_m,stationary_pmstokes_H8_500_L202_839_A_30_00_P72_00,10,0.9241720552,0.9408288896,0.016656834399999966,0.032514059218954554
swept,disp_3d_rms_m,ALL,90,0.4032581598388889,0.3923209611811111,-0.01093719865777778,0.008064737085501586
swept,roll_rms_deg,nonstationary_H1_5_to_H4_0_Tp5_7_to_11_4,10,0.37367442090999997,0.3691457296,-0.004528691309999992,0.013612889255791478
swept,roll_rms_deg,stationary_jonswap_H0_270_L14_047_A30_00_P60_00,10,0.33171674598,0.32219621539,-0.009520530589999994,0.02638296860774565
swept,roll_rms_deg,stationary_jonswap_H1_500_L50_710_A_30_00_P120_00,10,0.34671657935,0.3456128894,-0.001103689950000021,0.01097241326522104
swept,roll_rms_deg,stationary_jonswap_H4_000_L112_766_A30_00_P30_00,10,0.33173768200000003,0.337106538,0.005368855999999986,0.049219580396858836
swept,roll_rms_deg,stationary_jonswap_H8_500_L202_839_A_30_00_P72_00,10,0.5682313158,0.5549928372,-0.013238478599999987,0.01177704050698935
swept,roll_rms_deg,stationary_pmstokes_H0_270_L14_047_A30_00_P60_00,10,0.33298539347,0.32225476504,-0.01073062843000001,0.027409596238413464
swept,roll_rms_deg,stationary_pmstokes_H1_500_L50_710_A_30_00_P120_00,10,0.33189583329,0.32905579212,-0.0028400411699999973,0.005709461458192276
swept,roll_rms_deg,stationary_pmstokes_H4_000_L112_766_A30_00_P30_00,10,0.3732373797,0.3686068126,-0.00463056710000001,0.014988191317826747
swept,roll_rms_deg,stationary_pmstokes_H8_500_L202_839_A_30_00_P72_00,10,0.3571875572,0.350632894,-0.006554663200000009,0.016186485650942987
swept,roll_rms_deg,ALL,90,0.3719314341888889,0.3666227192611111,-0.005308714927777782,0.007450553304712397
swept,pitch_rms_deg,nonstationary_H1_5_to_H4_0_Tp5_7_to_11_4,10,0.26193257933,0.3091459476,0.04721336827,0.0821675566476966
swept,pitch_rms_deg,stationary_jonswap_H0_270_L14_047_A30_00_P60_00,10,0.2649576739,0.25960281882999997,-0.005354855070000006,0.08323796657181344
swept,pitch_rms_deg,stationary_jonswap_H1_500_L50_710_A_30_00_P120_00,10,0.26852753144999997,0.2672090821,-0.0013184493500000005,0.07811444318136213
swept,pitch_rms_deg,stationary_jonswap_H4_000_L112_766_A30_00_P30_00,10,0.2799734458,0.4103954852,0.13042203940000002,0.1050155245619394
swept,pitch_rms_deg,stationary_jonswap_H8_500_L202_839_A_30_00_P72_00,10,0.2908855126,0.36552491779999996,0.07463940519999998,0.0724296974304376
swept,pitch_rms_deg,stationary_pmstokes_H0_270_L14_047_A30_00_P60_00,10,0.26671809995,0.26285226948,-0.003865830469999998,0.08544414573174972
swept,pitch_rms_deg,stationary_pmstokes_H1_500_L50_710_A_30_00_P120_00,10,0.2867088281,0.27285941680000003,-0.01384941129999999,0.046470846052371895
swept,pitch_rms_deg,stationary_pmstokes_H4_000_L112_766_A30_00_P30_00,10,0.2853893452,0.2695465268,-0.0158428184,0.04206578648466615
swept,pitch_rms_deg,stationary_pmstokes_H8_500_L202_839_A_30_00_P72_00,10,0.3025509657,0.3361523196,0.033601353900000006,0.07481184973244054
swept,pitch_rms_deg,ALL,90,0.27862710911444444,0.30592097602333335,0.027293866908888888,0.026244603222170225
theory,disp_z_pct_hs,nonstationary_H1_5_to_H4_0_Tp5_7_to_11_4,10,4.662991667,4.586239097,-0.0767525700000001,0.03497335580809432
theory,disp_z_pct_hs,stationary_jonswap_H0_270_L14_047_A30_00_P60_00,10,5.127509547,6.346772766,1.2192632190000003,0.13017328726122204
theory,disp_z_pct_hs,stationary_jonswap_H1_500_L50_710_A_30_00_P120_00,10,4.906845522,4.853474712,-0.05337080999999992,0.0367353925159271
theory,disp_z_pct_hs,stationary_jonswap_H4_000_L112_766_A30_00_P30_00,10,4.851933289,5.025553941,0.17362065199999996,0.03909930896887271
theory,disp_z_pct_hs,stationary_jonswap_H8_500_L202_839_A_30_00_P72_00,10,4.02997284,4.546390247,0.516417407,0.07317419212877375
theory,disp_z_pct_hs,stationary_pmstokes_H0_270_L14_047_A30_00_P60_00,10,4.73474126,5.518588447,0.7838471870000001,0.09504903474576681
theory,disp_z_pct_hs,stationary_pmstokes_H1_500_L50_710_A_30_00_P120_00,10,4.2232388499999995,4.264914846,0.04167599600000003,0.03965643821798372
theory,disp_z_pct_hs,stationary_pmstokes_H4_000_L112_766_A30_00_P30_00,10,4.017586899,4.366731263,0.34914436399999993,0.06031463907188936
theory,disp_z_pct_hs,stationary_pmstokes_H8_500_L202_839_A_30_00_P72_00,10,4.017911625,4.816296292,0.7983846669999999,0.07390870110485759
theory,disp_z_pct_hs,ALL,90,4.508081277666666,4.924995734555556,0.4169144568888889,0.09059494822833328
theory,disp_3d_rms_m,nonstationary_H1_5_to_H4_0_Tp5_7_to_11_4,10,0.4677871613,0.4815806984,0.013793537099999992,0.0033045552214396663
theory,disp_3d_rms_m,stationary_jonswap_H0_270_L14_047_A30_00_P60_00,10,0.03044533527,0.04341537729,0.012970042020000001,0.0008308234304523654
theory,disp_3d_rms_m,stationary_jonswap_H1_500_L50_710_A_30_00_P120_00,10,0.1654167505,0.1616796658,-0.0037370846999999984,0.00040360798761532367
theory,disp_3d_rms_m,stationary_jonswap_H4_000_L112_766_A30_00_P30_00,10,0.4530606627,0.4217842817,-0.031276381,0.005876629563751191
theory,disp_3d_rms_m,stationary_jonswap_H8_500_L202_839_A_30_00_P72_00,10,0.9846007112,0.9174022614999999,-0.06719844970000002,0.04375720268684716
theory,disp_3d_rms_m,stationary_pmstokes_H0_270_L14_047_A30_00_P60_00,10,0.02929930538,0.03837347888,0.0090741735,0.0006150237282033035
theory,disp_3d_rms_m,stationary_pmstokes_H1_500_L50_710_A_30_00_P120_00,10,0.1547480717,0.147869721,-0.0068783507000000025,0.0012889780609307122
theory,disp_3d_rms_m,stationary_pmstokes_H4_000_L112_766_A30_00_P30_00,10,0.4197933853,0.3980106115,-0.0217827738,0.005704611805929214
theory,disp_3d_rms_m,stationary_pmstokes_H8_500_L202_839_A_30_00_P72_00,10,0.9241720552,0.9192103921,-0.004961663100000002,0.02766462320721405
theory,disp_3d_rms_m,ALL,90,0.4032581598388889,0.39214738757444445,-0.011110772264444447,0.007539446095872051
theory,roll_rms_deg,nonstationary_H1_5_to_H4_0_Tp5_7_to_11_4,10,0.37367442090999997,0.37501078519,0.0013363642800000076,0.0021479844105082055
theory,roll_rms_deg,stationary_jonswap_H0_270_L14_047_A30_00_P60_00,10,0.33171674598,0.33339683907,0.0016800930900000093,0.002735371352944512
theory,roll_rms_deg,stationary_jonswap_H1_500_L50_710_A_30_00_P120_00,10,0.34671657935,0.34681585177,9.927241999997671e-05,0.0013404821708273684
theory,roll_rms_deg,stationary_jonswap_H4_000_L112_766_A30_00_P30_00,10,0.33173768200000003,0.330971282,-0.0007664000000000198,0.006578885262914946
theory,roll_rms_deg,stationary_jonswap_H8_500_L202_839_A_30_00_P72_00,10,0.5682313158,0.566145533,-0.002085782799999991,0.0032037037493414453
theory,roll_rms_deg,stationary_pmstokes_H0_270_L14_047_A30_00_P60_00,10,0.33298539347,0.33470237364,0.0017169801699999973,0.0026642542405606105
theory,roll_rms_deg,stationary_pmstokes_H1_500_L50_710_A_30_00_P120_00,10,0.33189583329,0.33196677787,7.094458000001385e-05,0.001030222868893854
theory,roll_rms_deg,stationary_pmstokes_H4_000_L112_766_A30_00_P30_00,10,0.3732373797,0.372068324,-0.0011690556999999976,0.0023106372475972755
theory,roll_rms_deg,stationary_pmstokes_H8_500_L202_839_A_30_00_P72_00,10,0.3571875572,0.3561000234,-0.0010875338000000123,0.0026551571340210855
theory,roll_rms_deg,ALL,90,0.3719314341888889,0.3719086433266667,-2.2790862222224022e-05,0.0010299596700215252
theory,pitch_rms_deg,nonstationary_H1_5_to_H4_0_Tp5_7_to_11_4,10,0.26193257933,0.26805796243,0.006125383100000002,0.013575559913827221
theory,pitch_rms_deg,stationary_jonswap_H0_270_L14_047_A30_00_P60_00,10,0.2649576739,0.26705596659,0.002098292690000003,0.00850818557920766
theory,pitch_rms_deg,stationary_jonswap_H1_500_L50_710_A_30_00_P120_00,10,0.26852753144999997,0.27221916618,0.0036916347300000123,0.009439793818413051
theory,pitch_rms_deg,stationary_jonswap_H4_000_L112_766_A30_00_P30_00,10,0.2799734458,0.2850886024,0.005115156599999999,0.023976530503942117
theory,pitch_rms_deg,stationary_jonswap_H8_500_L202_839_A_30_00_P72_00,10,0.2908855126,0.2882540792,-0.0026314333999999965,0.014149190396647927
theory,pitch_rms_deg,stationary_pmstokes_H0_270_L14_047_A30_00_P60_00,10,0.26671809995,0.26946943478,0.0027513348300000086,0.008350497454133046
theory,pitch_rms_deg,stationary_pmstokes_H1_500_L50_710_A_30_00_P120_00,10,0.2867088281,0.287730634,0.0010218059000000029,0.005744094343152638
theory,pitch_rms_deg,stationary_pmstokes_H4_000_L112_766_A30_00_P30_00,10,0.2853893452,0.2882540419,0.0028646966999999954,0.0063976929289003975
theory,pitch_rms_deg,stationary_pmstokes_H8_500_L202_839_A_30_00_P72_00,10,0.3025509657,0.3084880128,0.005937047099999993,0.00956799676642343
theory,pitch_rms_deg,ALL,90,0.27862710911444444,0.28162421114222225,0.00299710202777778,0.003940034037764755
analytic_cR,disp_z_pct_hs,nonstationary_H1_5_to_H4_0_Tp5_7_to_11_4,10,4.662991667,4.5704537389999995,-0.09253792799999996,0.03288587521254696
analytic_cR,disp_z_pct_hs,stationary_jonswap_H0_270_L14_047_A30_00_P60_00,10,5.127509547,6.430008172,1.3024986250000004,0.1341557135473382
analytic_cR,disp_z_pct_hs,stationary_jonswap_H1_500_L50_710_A_30_00_P120_00,10,4.906845522,4.867048356,-0.03979716599999996,0.02344154206622392
analytic_cR,disp_z_pct_hs,stationary_jonswap_H4_000_L112_766_A30_00_P30_00,10,4.851933289,4.981328153,0.12939486400000016,0.036679981773489724
analytic_cR,disp_z_pct_hs,stationary_jonswap_H8_500_L202_839_A_30_00_P72_00,10,4.02997284,4.443848133,0.41387529300000014,0.06996546684015859
analytic_cR,disp_z_pct_hs,stationary_pmstokes_H0_270_L14_047_A30_00_P60_00,10,4.73474126,5.59987006,0.8651288,0.09662860465642802
analytic_cR,disp_z_pct_hs,stationary_pmstokes_H1_500_L50_710_A_30_00_P120_00,10,4.2232388499999995,4.199291277,-0.023947572999999965,0.02641035182367399
analytic_cR,disp_z_pct_hs,stationary_pmstokes_H4_000_L112_766_A30_00_P30_00,10,4.017586899,4.240496829,0.22290992999999998,0.053571233818340634
analytic_cR,disp_z_pct_hs,stationary_pmstokes_H8_500_L202_839_A_30_00_P72_00,10,4.017911625,4.6613706100000005,0.643458985,0.06968342130535367
analytic_cR,disp_z_pct_hs,ALL,90,4.508081277666666,4.888190592111111,0.3801093144444445,0.09569231921462032
analytic_cR,disp_3d_rms_m,nonstationary_H1_5_to_H4_0_Tp5_7_to_11_4,10,0.4677871613,0.481621161,0.013833999700000005,0.0032509797090620575
analytic_cR,disp_3d_rms_m,stationary_jonswap_H0_270_L14_047_A30_00_P60_00,10,0.03044533527,0.043551842119999996,0.01310650685,0.0008115861131170316
analytic_cR,disp_3d_rms_m,stationary_jonswap_H1_500_L50_710_A_30_00_P120_00,10,0.1654167505,0.1616329447,-0.0037838058000000006,0.0004109682994245224
analytic_cR,disp_3d_rms_m,stationary_jonswap_H4_000_L112_766_A30_00_P30_00,10,0.4530606627,0.4200618119,-0.03299885079999999,0.00601361846132716
analytic_cR,disp_3d_rms_m,stationary_jonswap_H8_500_L202_839_A_30_00_P72_00,10,0.9846007112,0.9116590259,-0.0729416853,0.04356855548347131
analytic_cR,disp_3d_rms_m,stationary_pmstokes_H0_270_L14_047_A30_00_P60_00,10,0.02929930538,0.03851011246,0.009210807080000001,0.0005874426370933476
analytic_cR,disp_3d_rms_m,stationary_pmstokes_H1_500_L50_710_A_30_00_P120_00,10,0.1547480717,0.147062388,-0.007685683700000001,0.0012599702816637605
analytic_cR,disp_3d_rms_m,stationary_pmstokes_H4_000_L112_766_A30_00_P30_00,10,0.4197933853,0.3941920281,-0.025601357199999997,0.005757060546712947
analytic_cR,disp_3d_rms_m,stationary_pmstokes_H8_500_L202_839_A_30_00_P72_00,10,0.9241720552,0.9096195877,-0.01455246750000001,0.027576954286163025
analytic_cR,disp_3d_rms_m,ALL,90,0.4032581598388889,0.3897678779866667,-0.013490281852222221,0.0077682400700441806
analytic_cR,roll_rms_deg,nonstationary_H1_5_to_H4_0_Tp5_7_to_11_4,10,0.37367442090999997,0.37402883958,0.00035441867000001045,0.000457519553700543
analytic_cR,roll_rms_deg,stationary_jonswap_H0_270_L14_047_A30_00_P60_00,10,0.33171674598,0.33212006712000003,0.00040332114000000833,0.0009646010703103089
analytic_cR,roll_rms_deg,stationary_jonswap_H1_500_L50_710_A_30_00_P120_00,10,0.34671657935,0.34667650782,-4.007153000001734e-05,0.00012289193760495925
analytic_cR,roll_rms_deg,stationary_jonswap_H4_000_L112_766_A30_00_P30_00,10,0.33173768200000003,0.3304545876,-0.0012830944000000303,0.001708860214724032
analytic_cR,roll_rms_deg,stationary_jonswap_H8_500_L202_839_A_30_00_P72_00,10,0.5682313158,0.5646193178,-0.0036119979999999887,0.002477542952271468
analytic_cR,roll_rms_deg,stationary_pmstokes_H0_270_L14_047_A30_00_P60_00,10,0.33298539347,0.33335148773,0.00036609425999998836,0.0007789413116185195
analytic_cR,roll_rms_deg,stationary_pmstokes_H1_500_L50_710_A_30_00_P120_00,10,0.33189583329,0.33167356688,-0.00022226640999998965,0.00035653557473137024
analytic_cR,roll_rms_deg,stationary_pmstokes_H4_000_L112_766_A30_00_P30_00,10,0.3732373797,0.3721965276,-0.001040852099999992,0.001439335902509694
analytic_cR,roll_rms_deg,stationary_pmstokes_H8_500_L202_839_A_30_00_P72_00,10,0.3571875572,0.3551620685,-0.0020254887000000095,0.0023156322596993677
analytic_cR,roll_rms_deg,ALL,90,0.3719314341888889,0.3711425522922222,-0.0007888818966666689,0.0005265688610482747
analytic_cR,pitch_rms_deg,nonstationary_H1_5_to_H4_0_Tp5_7_to_11_4,10,0.26193257933,0.26233682189,0.0004042425599999983,0.0006715057781658564
analytic_cR,pitch_rms_deg,stationary_jonswap_H0_270_L14_047_A30_00_P60_00,10,0.2649576739,0.26400932664,-0.0009483472600000057,0.0006477326902049566
analytic_cR,pitch_rms_deg,stationary_jonswap_H1_500_L50_710_A_30_00_P120_00,10,0.26852753144999997,0.26840131429,-0.00012621715999999172,0.00015864856039639737
analytic_cR,pitch_rms_deg,stationary_jonswap_H4_000_L112_766_A30_00_P30_00,10,0.2799734458,0.2800114065,3.7960700000005954e-05,0.003275889975997081
analytic_cR,pitch_rms_deg,stationary_jonswap_H8_500_L202_839_A_30_00_P72_00,10,0.2908855126,0.2912425271,0.0003570145000000094,0.0031031330573278466
analytic_cR,pitch_rms_deg,stationary_pmstokes_H0_270_L14_047_A30_00_P60_00,10,0.26671809995,0.26581401669,-0.0009040832599999951,0.0007515340926383013
analytic_cR,pitch_rms_deg,stationary_pmstokes_H1_500_L50_710_A_30_00_P120_00,10,0.2867088281,0.2866054735,-0.00010335459999998992,0.0004363207371716585
analytic_cR,pitch_rms_deg,stationary_pmstokes_H4_000_L112_766_A30_00_P30_00,10,0.2853893452,0.2869281663,0.0015388210999999971,0.0030630900863717935
analytic_cR,pitch_rms_deg,stationary_pmstokes_H8_500_L202_839_A_30_00_P72_00,10,0.3025509657,0.3043551013,0.0018041355999999953,0.006661028101717471
analytic_cR,pitch_rms_deg,ALL,90,0.27862710911444444,0.27885601713444447,0.00022890802000000263,0.0009411398653989448
