arm,family,record,axis,settle_own_s,settle_usable_s,peak_err_m,peak_t_s,ss_err_rms_m,ss_ref_rms_m,ss_ratio
engine,NLO,wave_data_gerstner_H0.270_L14.047_A0.00_P60.00,x,163.72,180,9.2533,35.195,0.070007,0.0159078,4.40078
engine,NLO,wave_data_gerstner_H0.270_L14.047_A0.00_P60.00,y,180,180,5.65939,23.34,0.056811,0,nan
engine,NLO,wave_data_gerstner_H0.270_L14.047_A0.00_P60.00,z,180,180,1.30118,18.335,0.0224817,0.0787111,0.285623
engine,TFG,wave_data_gerstner_H0.270_L14.047_A0.00_P60.00,x,120.205,180,0.342224,45.39,0.0124014,0.0159078,0.779579
engine,TFG,wave_data_gerstner_H0.270_L14.047_A0.00_P60.00,y,123.875,180,0.116419,38.53,0.00980386,0,nan
engine,TFG,wave_data_gerstner_H0.270_L14.047_A0.00_P60.00,z,79.74,78.345,0.923655,47.035,0.0148537,0.0787111,0.188711
engine,PII,wave_data_gerstner_H0.270_L14.047_A0.00_P60.00,z,180,180,1.09027,26.105,0.0124757,0.0787111,0.1585
engine,OU-II,wave_data_gerstner_H0.270_L14.047_A0.00_P60.00,x,147.305,180,0.0551591,35.275,0.0137941,0.0159078,0.867125
engine,OU-II,wave_data_gerstner_H0.270_L14.047_A0.00_P60.00,y,126.835,180,0.03206,121.68,0.00820165,0,nan
engine,OU-II,wave_data_gerstner_H0.270_L14.047_A0.00_P60.00,z,134.51,136.925,0.826146,51.05,0.0222251,0.0787111,0.282363
engine,OU-III,wave_data_gerstner_H0.270_L14.047_A0.00_P60.00,x,150.415,180,0.194097,35.99,0.0118322,0.0159078,0.743794
engine,OU-III,wave_data_gerstner_H0.270_L14.047_A0.00_P60.00,y,157.705,180,0.0414181,78.205,0.0102336,0,nan
engine,OU-III,wave_data_gerstner_H0.270_L14.047_A0.00_P60.00,z,141.195,138.915,0.886213,48.55,0.0152443,0.0787111,0.193675
engine,NLO,wave_data_gerstner_H1.500_L50.710_A0.00_P120.00,x,165.17,180,8.37866,32.86,0.463766,0.301023,1.54063
engine,NLO,wave_data_gerstner_H1.500_L50.710_A0.00_P120.00,y,102.715,180,5.6409,21.585,0.463848,0,nan
engine,NLO,wave_data_gerstner_H1.500_L50.710_A0.00_P120.00,z,168.16,173.33,2.22152,23.94,0.141961,0.566319,0.250674
engine,TFG,wave_data_gerstner_H1.500_L50.710_A0.00_P120.00,x,69.935,124.7,2.20565,51.88,0.0932123,0.301023,0.309651
engine,TFG,wave_data_gerstner_H1.500_L50.710_A0.00_P120.00,y,61.545,180,0.28984,53.365,0.0579467,0,nan
engine,TFG,wave_data_gerstner_H1.500_L50.710_A0.00_P120.00,z,88.87,85.595,2.36106,58.585,0.0842917,0.566319,0.148841
engine,PII,wave_data_gerstner_H1.500_L50.710_A0.00_P120.00,z,131.47,60.53,1.30771,32.515,0.0846404,0.566319,0.149457
engine,OU-II,wave_data_gerstner_H1.500_L50.710_A0.00_P120.00,x,43.58,161.58,0.493969,33.27,0.132674,0.301023,0.440742
engine,OU-II,wave_data_gerstner_H1.500_L50.710_A0.00_P120.00,y,128.03,180,0.179808,123.895,0.0619077,0,nan
engine,OU-II,wave_data_gerstner_H1.500_L50.710_A0.00_P120.00,z,141.69,141.24,2.90439,69.02,0.131915,0.566319,0.232933
engine,OU-III,wave_data_gerstner_H1.500_L50.710_A0.00_P120.00,x,149.72,155.545,1.23201,39.985,0.0919687,0.301023,0.30552
engine,OU-III,wave_data_gerstner_H1.500_L50.710_A0.00_P120.00,y,140.215,180,0.295902,123.99,0.078057,0,nan
engine,OU-III,wave_data_gerstner_H1.500_L50.710_A0.00_P120.00,z,137.415,135.81,2.34005,58.81,0.0834105,0.566319,0.147285
engine,NLO,wave_data_gerstner_H4.000_L112.766_A0.00_P30.00,x,150.28,180,10.241,38.005,1.57765,1.07262,1.47084
engine,NLO,wave_data_gerstner_H4.000_L112.766_A0.00_P30.00,y,127.655,180,23.1583,24.475,1.59669,0,nan
engine,NLO,wave_data_gerstner_H4.000_L112.766_A0.00_P30.00,z,61.12,60.98,5.53656,15.37,0.374551,1.46764,0.255206
engine,TFG,wave_data_gerstner_H4.000_L112.766_A0.00_P30.00,x,169.655,172.805,13.2927,80.39,0.350093,1.07262,0.32639
engine,TFG,wave_data_gerstner_H4.000_L112.766_A0.00_P30.00,y,145.705,180,1.47403,90.47,0.166903,0,nan
engine,TFG,wave_data_gerstner_H4.000_L112.766_A0.00_P30.00,z,122.57,120.165,6.69602,97.07,0.211128,1.46764,0.143855
engine,PII,wave_data_gerstner_H4.000_L112.766_A0.00_P30.00,z,62.315,62.52,3.37545,4.055,0.352115,1.46764,0.239919
engine,OU-II,wave_data_gerstner_H4.000_L112.766_A0.00_P30.00,x,78.26,167.92,1.8859,60.28,0.462871,1.07262,0.431532
engine,OU-II,wave_data_gerstner_H4.000_L112.766_A0.00_P30.00,y,170.315,180,0.365694,165.265,0.15703,0,nan
engine,OU-II,wave_data_gerstner_H4.000_L112.766_A0.00_P30.00,z,180,180,8.16869,117.67,0.342972,1.46764,0.233689
engine,OU-III,wave_data_gerstner_H4.000_L112.766_A0.00_P30.00,x,80.51,84.33,3.98071,56.8,0.325166,1.07262,0.303151
engine,OU-III,wave_data_gerstner_H4.000_L112.766_A0.00_P30.00,y,167.555,180,0.546582,165.355,0.227523,0,nan
engine,OU-III,wave_data_gerstner_H4.000_L112.766_A0.00_P30.00,z,155.715,148.395,5.49657,94.36,0.213354,1.46764,0.145372
engine,NLO,wave_data_gerstner_H8.500_L202.839_A0.00_P72.00,x,89.49,180,14.144,51.91,3.80085,2.55543,1.48736
engine,NLO,wave_data_gerstner_H8.500_L202.839_A0.00_P72.00,y,145.565,180,39.6276,22.78,3.8959,0,nan
engine,NLO,wave_data_gerstner_H8.500_L202.839_A0.00_P72.00,z,50.145,50.185,7.12582,22.85,0.797872,3.06513,0.260306
engine,TFG,wave_data_gerstner_H8.500_L202.839_A0.00_P72.00,x,180,180,37.2355,72.51,0.910656,2.55543,0.356361
engine,TFG,wave_data_gerstner_H8.500_L202.839_A0.00_P72.00,y,180,180,10.274,79.595,0.403254,0,nan
engine,TFG,wave_data_gerstner_H8.500_L202.839_A0.00_P72.00,z,146.945,123.875,18.6898,86.415,0.423942,3.06513,0.138311
engine,PII,wave_data_gerstner_H8.500_L202.839_A0.00_P72.00,z,58.47,60.72,7.55809,5.335,0.92888,3.06513,0.303048
engine,OU-II,wave_data_gerstner_H8.500_L202.839_A0.00_P72.00,x,91.95,165.96,5.30319,64.895,1.1519,2.55543,0.450767
engine,OU-II,wave_data_gerstner_H8.500_L202.839_A0.00_P72.00,y,0,180,0.600562,166.81,0.313632,0,nan
engine,OU-II,wave_data_gerstner_H8.500_L202.839_A0.00_P72.00,z,180,180,19.015,124.81,0.713486,3.06513,0.232775
engine,OU-III,wave_data_gerstner_H8.500_L202.839_A0.00_P72.00,x,74.99,83.26,9.21761,43.005,0.818956,2.55543,0.320476
engine,OU-III,wave_data_gerstner_H8.500_L202.839_A0.00_P72.00,y,167.545,180,1.66436,49.26,0.499591,0,nan
engine,OU-III,wave_data_gerstner_H8.500_L202.839_A0.00_P72.00,z,173.59,169.645,12.0528,93.295,0.428614,3.06513,0.139835
engine,NLO,wave_data_cnoidal_H0.270_L14.047_A0.00_P60.00,x,180,180,9.25075,35.775,0.396026,0.0309639,12.7899
engine,NLO,wave_data_cnoidal_H0.270_L14.047_A0.00_P60.00,y,180,180,5.01272,23.43,0.385378,0,nan
engine,NLO,wave_data_cnoidal_H0.270_L14.047_A0.00_P60.00,z,180,180,1.4512,26.095,0.0605538,0.0522241,1.1595
engine,TFG,wave_data_cnoidal_H0.270_L14.047_A0.00_P60.00,x,155.865,180,0.2207,47.84,0.0275176,0.0309639,0.888701
engine,TFG,wave_data_cnoidal_H0.270_L14.047_A0.00_P60.00,y,166.735,180,0.108161,123.915,0.0173232,0,nan
engine,TFG,wave_data_cnoidal_H0.270_L14.047_A0.00_P60.00,z,89.46,145.3,1.48469,51.065,0.0254399,0.0522241,0.48713
engine,PII,wave_data_cnoidal_H0.270_L14.047_A0.00_P60.00,z,180,180,1.02951,18.21,0.0270569,0.0522241,0.518092
engine,OU-II,wave_data_cnoidal_H0.270_L14.047_A0.00_P60.00,x,0,180,0.0457006,38.71,0.0309826,0.0309639,1.0006
engine,OU-II,wave_data_cnoidal_H0.270_L14.047_A0.00_P60.00,y,166.755,180,0.000692805,119.12,7.1539e-05,0,nan
engine,OU-II,wave_data_cnoidal_H0.270_L14.047_A0.00_P60.00,z,0,180,0.0972578,42.5,0.0521058,0.0522241,0.997734
engine,OU-III,wave_data_cnoidal_H0.270_L14.047_A0.00_P60.00,x,0,180,0.12262,42.935,0.0457513,0.0309639,1.47757
engine,OU-III,wave_data_cnoidal_H0.270_L14.047_A0.00_P60.00,y,160.795,180,0.0313796,119.29,0.0106948,0,nan
engine,OU-III,wave_data_cnoidal_H0.270_L14.047_A0.00_P60.00,z,132.69,180,0.439628,44.695,0.0378354,0.0522241,0.724481
engine,NLO,wave_data_cnoidal_H1.500_L50.710_A0.00_P120.00,x,103.84,180,12.6484,55.405,2.61429,0.23015,11.359
engine,NLO,wave_data_cnoidal_H1.500_L50.710_A0.00_P120.00,y,101.485,180,6.22591,21.265,2.44655,0,nan
engine,NLO,wave_data_cnoidal_H1.500_L50.710_A0.00_P120.00,z,180,180,1.71966,37.09,0.245901,0.27224,0.903253
engine,TFG,wave_data_cnoidal_H1.500_L50.710_A0.00_P120.00,x,59.19,180,1.06335,53.365,0.193734,0.23015,0.841771
engine,TFG,wave_data_cnoidal_H1.500_L50.710_A0.00_P120.00,y,0,180,0.188399,163.23,0.0830331,0,nan
engine,TFG,wave_data_cnoidal_H1.500_L50.710_A0.00_P120.00,z,95.22,96.985,2.29897,60.78,0.117494,0.27224,0.431581
engine,PII,wave_data_cnoidal_H1.500_L50.710_A0.00_P120.00,z,43.2,180,1.03478,24.84,0.233049,0.27224,0.856044
engine,OU-II,wave_data_cnoidal_H1.500_L50.710_A0.00_P120.00,x,0,180,0.335617,49.8,0.233184,0.23015,1.01318
engine,OU-II,wave_data_cnoidal_H1.500_L50.710_A0.00_P120.00,y,122.04,180,0.00111354,120.155,0.00030753,0,nan
engine,OU-II,wave_data_cnoidal_H1.500_L50.710_A0.00_P120.00,z,0,180,0.414516,46.115,0.274863,0.27224,1.00963
engine,OU-III,wave_data_cnoidal_H1.500_L50.710_A0.00_P120.00,x,0,180,0.788296,50.125,0.41759,0.23015,1.81442
engine,OU-III,wave_data_cnoidal_H1.500_L50.710_A0.00_P120.00,y,0,180,0.0462643,156.43,0.018218,0,nan
engine,OU-III,wave_data_cnoidal_H1.500_L50.710_A0.00_P120.00,z,0,180,0.984123,48.255,0.463477,0.27224,1.70246
engine,NLO,wave_data_cnoidal_H4.000_L112.766_A0.00_P30.00,x,0,180,14.0502,134.73,10.0856,0.659042,15.3034
engine,NLO,wave_data_cnoidal_H4.000_L112.766_A0.00_P30.00,y,0,180,8.33251,142.77,8.37238,0,nan
engine,NLO,wave_data_cnoidal_H4.000_L112.766_A0.00_P30.00,z,160.52,180,1.94114,38.195,0.596592,0.713866,0.835721
engine,TFG,wave_data_cnoidal_H4.000_L112.766_A0.00_P30.00,x,80.5,180,5.89068,63.085,0.610265,0.659042,0.925989
engine,TFG,wave_data_cnoidal_H4.000_L112.766_A0.00_P30.00,y,0,180,0.484759,63.085,0.245908,0,nan
engine,TFG,wave_data_cnoidal_H4.000_L112.766_A0.00_P30.00,z,112.07,132.835,8.85684,84.27,0.306248,0.713866,0.429
engine,PII,wave_data_cnoidal_H4.000_L112.766_A0.00_P30.00,z,0,180,1.40081,20.72,0.768228,0.713866,1.07615
engine,OU-II,wave_data_cnoidal_H4.000_L112.766_A0.00_P30.00,x,0,180,0.962967,143.465,0.67431,0.659042,1.02317
engine,OU-II,wave_data_cnoidal_H4.000_L112.766_A0.00_P30.00,y,0,180,0.00277338,154.97,0.000920721,0,nan
engine,OU-II,wave_data_cnoidal_H4.000_L112.766_A0.00_P30.00,z,0,180,1.08753,86.63,0.729228,0.713866,1.02152
engine,OU-III,wave_data_cnoidal_H4.000_L112.766_A0.00_P30.00,x,0,180,1.83543,57.315,1.13694,0.659042,1.72514
engine,OU-III,wave_data_cnoidal_H4.000_L112.766_A0.00_P30.00,y,0,180,0.0884336,122.175,0.033353,0,nan
engine,OU-III,wave_data_cnoidal_H4.000_L112.766_A0.00_P30.00,z,0,180,2.30341,89.15,1.34013,0.713866,1.87729
engine,NLO,wave_data_cnoidal_H8.500_L202.839_A0.00_P72.00,x,162.465,171.27,10.2109,44.28,1.84711,1.41758,1.30301
engine,NLO,wave_data_cnoidal_H8.500_L202.839_A0.00_P72.00,y,85.965,180,7.80192,17.285,1.91005,0,nan
engine,NLO,wave_data_cnoidal_H8.500_L202.839_A0.00_P72.00,z,33.025,180,3.05051,31.02,1.27808,1.47382,0.867192
engine,TFG,wave_data_cnoidal_H8.500_L202.839_A0.00_P72.00,x,72.295,180,10.3692,62.875,2.04919,1.41758,1.44556
engine,TFG,wave_data_cnoidal_H8.500_L202.839_A0.00_P72.00,y,86.28,180,0.992894,63.155,0.342565,0,nan
engine,TFG,wave_data_cnoidal_H8.500_L202.839_A0.00_P72.00,z,109.49,180,9.51318,65.815,0.868587,1.47382,0.589344
engine,PII,wave_data_cnoidal_H8.500_L202.839_A0.00_P72.00,z,0,180,2.66148,167.37,1.87789,1.47382,1.27416
engine,OU-II,wave_data_cnoidal_H8.500_L202.839_A0.00_P72.00,x,0,180,2.01647,71.305,1.44681,1.41758,1.02062
engine,OU-II,wave_data_cnoidal_H8.500_L202.839_A0.00_P72.00,y,0,180,0.00263853,153.435,0.00110574,0,nan
engine,OU-II,wave_data_cnoidal_H8.500_L202.839_A0.00_P72.00,z,0,180,2.26408,102.14,1.51134,1.47382,1.02546
engine,OU-III,wave_data_cnoidal_H8.500_L202.839_A0.00_P72.00,x,0,180,3.39523,71.185,2.15397,1.41758,1.51947
engine,OU-III,wave_data_cnoidal_H8.500_L202.839_A0.00_P72.00,y,0,180,0.09918,123.275,0.0469389,0,nan
engine,OU-III,wave_data_cnoidal_H8.500_L202.839_A0.00_P72.00,z,0,180,4.28246,104.73,2.68492,1.47382,1.82174
engine,NLO,wave_data_fenton_H0.270_L14.047_A0.00_P60.00,x,180,180,8.96699,36.4336,0.0577153,0.0158745,3.63571
engine,NLO,wave_data_fenton_H0.270_L14.047_A0.00_P60.00,y,132.934,180,1.15279,21.5444,0.0542189,0,nan
engine,NLO,wave_data_fenton_H0.270_L14.047_A0.00_P60.00,z,180,180,1.59101,28.7732,0.0215352,0.078717,0.273578
engine,TFG,wave_data_fenton_H0.270_L14.047_A0.00_P60.00,x,118.939,180,0.133514,42.2498,0.0123012,0.0158745,0.774899
engine,TFG,wave_data_fenton_H0.270_L14.047_A0.00_P60.00,y,123.327,180,0.0375547,37.2938,0.00974062,0,nan
engine,TFG,wave_data_fenton_H0.270_L14.047_A0.00_P60.00,z,78.7514,77.7319,0.40176,44.1752,0.0146878,0.078717,0.186591
engine,PII,wave_data_fenton_H0.270_L14.047_A0.00_P60.00,z,180,180,1.30221,15.5803,0.0125322,0.078717,0.159206
engine,OU-II,wave_data_fenton_H0.270_L14.047_A0.00_P60.00,x,145.256,180,0.0400608,146.417,0.0137207,0.0158745,0.864318
engine,OU-II,wave_data_fenton_H0.270_L14.047_A0.00_P60.00,y,125.9,180,0.0318316,78.5465,0.00814361,0,nan
engine,OU-II,wave_data_fenton_H0.270_L14.047_A0.00_P60.00,z,134.991,135.492,0.688951,91.3644,0.0222122,0.078717,0.282178
engine,OU-III,wave_data_fenton_H0.270_L14.047_A0.00_P60.00,x,148.785,180,0.0904882,34.3181,0.0117147,0.0158745,0.737957
engine,OU-III,wave_data_fenton_H0.270_L14.047_A0.00_P60.00,y,158.309,180,0.0408849,78.5515,0.0101474,0,nan
engine,OU-III,wave_data_fenton_H0.270_L14.047_A0.00_P60.00,z,141.167,138.91,0.584803,92.199,0.0150708,0.078717,0.191455
engine,NLO,wave_data_fenton_H1.500_L50.710_A0.00_P120.00,x,174.334,180,9.1643,35.6634,0.45954,0.299977,1.53191
engine,NLO,wave_data_fenton_H1.500_L50.710_A0.00_P120.00,y,82.4643,180,2.71517,18.6149,0.460042,0,nan
engine,NLO,wave_data_fenton_H1.500_L50.710_A0.00_P120.00,z,164.245,164.435,1.11984,3.43503,0.140713,0.566739,0.248285
engine,TFG,wave_data_fenton_H1.500_L50.710_A0.00_P120.00,x,68.5869,84.788,2.316,52.0119,0.0911333,0.299977,0.303801
engine,TFG,wave_data_fenton_H1.500_L50.710_A0.00_P120.00,y,43.04,180,0.307609,38.364,0.057525,0,nan
engine,TFG,wave_data_fenton_H1.500_L50.710_A0.00_P120.00,z,87.7264,85.8025,2.18881,55.6177,0.0826049,0.566739,0.145755
engine,PII,wave_data_fenton_H1.500_L50.710_A0.00_P120.00,z,129.741,87.8913,2.00021,12.8952,0.0822928,0.566739,0.145204
engine,OU-II,wave_data_fenton_H1.500_L50.710_A0.00_P120.00,x,41.2296,161.062,0.644318,36.0285,0.131133,0.299977,0.437142
engine,OU-II,wave_data_fenton_H1.500_L50.710_A0.00_P120.00,y,0,180,0.114377,163.979,0.061408,0,nan
engine,OU-II,wave_data_fenton_H1.500_L50.710_A0.00_P120.00,z,140.036,139.741,2.82771,71.5053,0.131395,0.566739,0.231844
engine,OU-III,wave_data_fenton_H1.500_L50.710_A0.00_P120.00,x,54.2624,152.919,1.47907,36.8837,0.0897344,0.299977,0.299137
engine,OU-III,wave_data_fenton_H1.500_L50.710_A0.00_P120.00,y,0,180,0.152689,81.21,0.0769772,0,nan
engine,OU-III,wave_data_fenton_H1.500_L50.710_A0.00_P120.00,z,136.563,135.552,2.17536,56.1528,0.0817999,0.566739,0.144334
engine,NLO,wave_data_fenton_H4.000_L112.766_A0.00_P30.00,x,153.764,180,11.3822,33.878,1.56917,1.06918,1.46764
engine,NLO,wave_data_fenton_H4.000_L112.766_A0.00_P30.00,y,180,180,38.7568,24.6189,1.57093,0,nan
engine,NLO,wave_data_fenton_H4.000_L112.766_A0.00_P30.00,z,173.724,173.469,4.7852,36.6986,0.371523,1.46837,0.253018
engine,TFG,wave_data_fenton_H4.000_L112.766_A0.00_P30.00,x,136.948,142.518,9.88023,54.4624,0.335929,1.06918,0.314193
engine,TFG,wave_data_fenton_H4.000_L112.766_A0.00_P30.00,y,75.9529,180,2.12664,58.8434,0.172479,0,nan
engine,TFG,wave_data_fenton_H4.000_L112.766_A0.00_P30.00,z,101.449,99.3001,7.38583,76.1178,0.213858,1.46837,0.145643
engine,PII,wave_data_fenton_H4.000_L112.766_A0.00_P30.00,z,46.7408,46.1156,3.80058,8.90016,0.342255,1.46837,0.233085
engine,OU-II,wave_data_fenton_H4.000_L112.766_A0.00_P30.00,x,48.4411,170.861,1.8929,43.22,0.457131,1.06918,0.427553
engine,OU-II,wave_data_fenton_H4.000_L112.766_A0.00_P30.00,y,130.967,180,0.487222,126.135,0.158835,0,nan
engine,OU-II,wave_data_fenton_H4.000_L112.766_A0.00_P30.00,z,180,174.114,8.04168,112.633,0.34066,1.46837,0.231999
engine,OU-III,wave_data_fenton_H4.000_L112.766_A0.00_P30.00,x,63.9645,155.982,4.2026,44.3053,0.317902,1.06918,0.297333
engine,OU-III,wave_data_fenton_H4.000_L112.766_A0.00_P30.00,y,150.211,180,0.824907,126.47,0.227393,0,nan
engine,OU-III,wave_data_fenton_H4.000_L112.766_A0.00_P30.00,z,157.053,148.339,5.24966,72.195,0.208877,1.46837,0.142251
engine,NLO,wave_data_fenton_H8.500_L202.839_A0.00_P72.00,x,71.2555,180,12.6462,34.8983,3.75583,2.5493,1.47328
engine,NLO,wave_data_fenton_H8.500_L202.839_A0.00_P72.00,y,149.705,180,47.2232,22.7542,3.72388,0,nan
engine,NLO,wave_data_fenton_H8.500_L202.839_A0.00_P72.00,z,20.6595,121.603,5.61281,3.93004,0.790416,3.06624,0.25778
engine,TFG,wave_data_fenton_H8.500_L202.839_A0.00_P72.00,x,180,180,63.2697,68.7119,0.878287,2.5493,0.344521
engine,TFG,wave_data_fenton_H8.500_L202.839_A0.00_P72.00,y,167.188,180,33.1477,77.8269,0.670536,0,nan
engine,TFG,wave_data_fenton_H8.500_L202.839_A0.00_P72.00,z,147.238,124.906,30.4442,83.2239,0.477845,3.06624,0.155841
engine,PII,wave_data_fenton_H8.500_L202.839_A0.00_P72.00,z,48.3611,59.3485,7.5999,5.59508,0.900486,3.06624,0.293678
engine,OU-II,wave_data_fenton_H8.500_L202.839_A0.00_P72.00,x,89.7803,170.416,5.81636,47.3059,1.13758,2.5493,0.446234
engine,OU-II,wave_data_fenton_H8.500_L202.839_A0.00_P72.00,y,0,180,0.587305,170.836,0.310753,0,nan
engine,OU-II,wave_data_fenton_H8.500_L202.839_A0.00_P72.00,z,180,180,18.7139,128.67,0.706557,3.06624,0.230431
engine,OU-III,wave_data_fenton_H8.500_L202.839_A0.00_P72.00,x,73.6841,159.56,12.44,49.0413,0.799316,2.5493,0.313544
engine,OU-III,wave_data_fenton_H8.500_L202.839_A0.00_P72.00,y,0,180,1.34134,49.9365,0.4952,0,nan
engine,OU-III,wave_data_fenton_H8.500_L202.839_A0.00_P72.00,z,180,167.888,11.7387,97.8509,0.419918,3.06624,0.136949
engine,NLO,wave_data_jonswap_H0.270_L14.047_A30.00_P60.00,x,180,180,9.34614,35.765,0.073079,0.0093565,7.8105
engine,NLO,wave_data_jonswap_H0.270_L14.047_A30.00_P60.00,y,141.6,180,3.08813,23.485,0.0705023,0.00416606,16.923
engine,NLO,wave_data_jonswap_H0.270_L14.047_A30.00_P60.00,z,180,180,1.33393,24.995,0.0189476,0.0534438,0.354533
engine,TFG,wave_data_jonswap_H0.270_L14.047_A30.00_P60.00,x,144.385,180,0.165148,45.005,0.0100619,0.0093565,1.07539
engine,TFG,wave_data_jonswap_H0.270_L14.047_A30.00_P60.00,y,134.435,180,0.084594,38.53,0.00861948,0.00416606,2.06898
engine,TFG,wave_data_jonswap_H0.270_L14.047_A30.00_P60.00,z,81.47,80.03,0.72753,46.23,0.012891,0.0534438,0.241207
engine,PII,wave_data_jonswap_H0.270_L14.047_A30.00_P60.00,z,180,180,1.06443,19.71,0.0111214,0.0534438,0.208095
engine,OU-II,wave_data_jonswap_H0.270_L14.047_A30.00_P60.00,x,150.35,180,0.0318616,117.125,0.0088738,0.0093565,0.94841
engine,OU-II,wave_data_jonswap_H0.270_L14.047_A30.00_P60.00,y,127.005,180,0.0332884,79.17,0.00659531,0.00416606,1.5831
engine,OU-II,wave_data_jonswap_H0.270_L14.047_A30.00_P60.00,z,134.76,142.935,0.764991,92.245,0.018451,0.0534438,0.345241
engine,OU-III,wave_data_jonswap_H0.270_L14.047_A30.00_P60.00,x,150.175,180,0.0280951,36.825,0.00942289,0.0093565,1.0071
engine,OU-III,wave_data_jonswap_H0.270_L14.047_A30.00_P60.00,y,157.655,180,0.0378092,79.465,0.00906337,0.00416606,2.17552
engine,OU-III,wave_data_jonswap_H0.270_L14.047_A30.00_P60.00,z,140.575,142.96,0.670354,89.53,0.0132339,0.0534438,0.247622
engine,NLO,wave_data_jonswap_H1.500_L50.710_A-30.00_P120.00,x,180,180,7.75878,36.03,0.374428,0.164758,2.27259
engine,NLO,wave_data_jonswap_H1.500_L50.710_A-30.00_P120.00,y,100.265,180,3.59511,21.555,0.354105,0.0717974,4.932
engine,NLO,wave_data_jonswap_H1.500_L50.710_A-30.00_P120.00,z,180,180,1.17369,15.525,0.10336,0.390974,0.264365
engine,TFG,wave_data_jonswap_H1.500_L50.710_A-30.00_P120.00,x,62.295,172.405,0.901546,44.485,0.0703881,0.164758,0.427221
engine,TFG,wave_data_jonswap_H1.500_L50.710_A-30.00_P120.00,y,50.655,167.055,0.290665,40.545,0.0525761,0.0717974,0.732284
engine,TFG,wave_data_jonswap_H1.500_L50.710_A-30.00_P120.00,z,83.755,82.445,1.16666,50.68,0.0688563,0.390974,0.176115
engine,PII,wave_data_jonswap_H1.500_L50.710_A-30.00_P120.00,z,134.965,164.315,1.30281,23.5,0.0764825,0.390974,0.195621
engine,OU-II,wave_data_jonswap_H1.500_L50.710_A-30.00_P120.00,x,21.42,180,0.426491,13.275,0.0866455,0.164758,0.525896
engine,OU-II,wave_data_jonswap_H1.500_L50.710_A-30.00_P120.00,y,0,180,0.154998,36.465,0.0577386,0.0717974,0.804187
engine,OU-II,wave_data_jonswap_H1.500_L50.710_A-30.00_P120.00,z,138.575,139.64,2.19115,102.59,0.0991657,0.390974,0.253638
engine,OU-III,wave_data_jonswap_H1.500_L50.710_A-30.00_P120.00,x,45.46,172.4,0.447376,36.3,0.0696051,0.164758,0.422469
engine,OU-III,wave_data_jonswap_H1.500_L50.710_A-30.00_P120.00,y,0,169.805,0.195966,40.29,0.0638416,0.0717974,0.88919
engine,OU-III,wave_data_jonswap_H1.500_L50.710_A-30.00_P120.00,z,135.575,135.45,1.46771,104.03,0.0688489,0.390974,0.176096
engine,NLO,wave_data_jonswap_H4.000_L112.766_A30.00_P30.00,x,167.545,180,7.61344,35.44,0.974232,0.588407,1.65571
engine,NLO,wave_data_jonswap_H4.000_L112.766_A30.00_P30.00,y,33.8,180,3.66779,19.255,1.04835,0.31177,3.36258
engine,NLO,wave_data_jonswap_H4.000_L112.766_A30.00_P30.00,z,26.01,180,2.30263,15.33,0.27604,1.04309,0.264637
engine,TFG,wave_data_jonswap_H4.000_L112.766_A30.00_P30.00,x,61.075,164.885,1.35417,16.195,0.257269,0.588407,0.437229
engine,TFG,wave_data_jonswap_H4.000_L112.766_A30.00_P30.00,y,72.785,173.355,0.551296,16.85,0.146679,0.31177,0.470472
engine,TFG,wave_data_jonswap_H4.000_L112.766_A30.00_P30.00,z,93.005,91.87,2.99596,71.215,0.178619,1.04309,0.17124
engine,PII,wave_data_jonswap_H4.000_L112.766_A30.00_P30.00,z,32.65,85.8,2.11185,13.25,0.235965,1.04309,0.226217
engine,OU-II,wave_data_jonswap_H4.000_L112.766_A30.00_P30.00,x,21.27,174.28,1.35417,16.195,0.281784,0.588407,0.478893
engine,OU-II,wave_data_jonswap_H4.000_L112.766_A30.00_P30.00,y,0,180,0.551296,16.85,0.17862,0.31177,0.572924
engine,OU-II,wave_data_jonswap_H4.000_L112.766_A30.00_P30.00,z,161.78,169.085,5.11919,91.71,0.253843,1.04309,0.243357
engine,OU-III,wave_data_jonswap_H4.000_L112.766_A30.00_P30.00,x,48.25,165.755,1.35417,16.195,0.263185,0.588407,0.447284
engine,OU-III,wave_data_jonswap_H4.000_L112.766_A30.00_P30.00,y,54.745,180,0.551296,16.85,0.163442,0.31177,0.524241
engine,OU-III,wave_data_jonswap_H4.000_L112.766_A30.00_P30.00,z,138.555,138.525,3.33032,93.61,0.176593,1.04309,0.169298
engine,NLO,wave_data_jonswap_H8.500_L202.839_A-30.00_P72.00,x,114.15,180,12.5475,67.825,3.05798,1.37091,2.23062
engine,NLO,wave_data_jonswap_H8.500_L202.839_A-30.00_P72.00,y,17.69,180,7.95215,13.02,2.81536,0.834743,3.37273
engine,NLO,wave_data_jonswap_H8.500_L202.839_A-30.00_P72.00,z,108.08,180,2.34318,4.125,0.584721,2.15465,0.271377
engine,TFG,wave_data_jonswap_H8.500_L202.839_A-30.00_P72.00,x,136.21,180,4.90733,43.635,0.590721,1.37091,0.430897
engine,TFG,wave_data_jonswap_H8.500_L202.839_A-30.00_P72.00,y,74.64,173.695,2.92787,50.49,0.450463,0.834743,0.539643
engine,TFG,wave_data_jonswap_H8.500_L202.839_A-30.00_P72.00,z,106.08,94.4,4.58702,13.9,0.344794,2.15465,0.160024
engine,PII,wave_data_jonswap_H8.500_L202.839_A-30.00_P72.00,z,22.14,117.225,3.97474,6.08,0.634773,2.15465,0.294607
engine,OU-II,wave_data_jonswap_H8.500_L202.839_A-30.00_P72.00,x,17.225,180,2.50879,12.81,0.675594,1.37091,0.492807
engine,OU-II,wave_data_jonswap_H8.500_L202.839_A-30.00_P72.00,y,0,180,1.1197,173.88,0.458198,0.834743,0.548909
engine,OU-II,wave_data_jonswap_H8.500_L202.839_A-30.00_P72.00,z,180,180,13.391,121.23,0.515479,2.15465,0.23924
engine,OU-III,wave_data_jonswap_H8.500_L202.839_A-30.00_P72.00,x,61.96,174.925,4.08255,48.355,0.548096,1.37091,0.399804
engine,OU-III,wave_data_jonswap_H8.500_L202.839_A-30.00_P72.00,y,64.055,169.135,2.07949,58.685,0.48895,0.834743,0.58575
engine,OU-III,wave_data_jonswap_H8.500_L202.839_A-30.00_P72.00,z,163.615,167.315,7.67421,123.175,0.342201,2.15465,0.15882
engine,NLO,wave_data_pmstokes_H0.270_L14.047_A30.00_P60.00,x,180,180,9.21816,35.93,0.0909079,0.00881329,10.3149
engine,NLO,wave_data_pmstokes_H0.270_L14.047_A30.00_P60.00,y,140.495,180,2.99541,23.555,0.0912456,0.00430303,21.205
engine,NLO,wave_data_pmstokes_H0.270_L14.047_A30.00_P60.00,z,180,180,1.35385,25.18,0.020448,0.0499133,0.40967
engine,TFG,wave_data_pmstokes_H0.270_L14.047_A30.00_P60.00,x,144.875,180,0.192281,45.985,0.0098763,0.00881329,1.12061
engine,TFG,wave_data_pmstokes_H0.270_L14.047_A30.00_P60.00,y,135.84,180,0.0927141,38.525,0.00850875,0.00430303,1.97738
engine,TFG,wave_data_pmstokes_H0.270_L14.047_A30.00_P60.00,z,83.535,82.43,0.843541,46.945,0.0128716,0.0499133,0.257879
engine,PII,wave_data_pmstokes_H0.270_L14.047_A30.00_P60.00,z,180,180,1.06845,19.65,0.0112112,0.0499133,0.224613
engine,OU-II,wave_data_pmstokes_H0.270_L14.047_A30.00_P60.00,x,150.765,180,0.0360069,117.245,0.00845169,0.00881329,0.958972
engine,OU-II,wave_data_pmstokes_H0.270_L14.047_A30.00_P60.00,y,127.38,180,0.033737,79.145,0.00641973,0.00430303,1.49191
engine,OU-II,wave_data_pmstokes_H0.270_L14.047_A30.00_P60.00,z,135.11,142.965,0.814836,92.085,0.0179098,0.0499133,0.358818
engine,OU-III,wave_data_pmstokes_H0.270_L14.047_A30.00_P60.00,x,148.95,180,0.0302549,114.785,0.00936654,0.00881329,1.06277
engine,OU-III,wave_data_pmstokes_H0.270_L14.047_A30.00_P60.00,y,126.425,180,0.0384182,79.56,0.00898377,0.00430303,2.08778
engine,OU-III,wave_data_pmstokes_H0.270_L14.047_A30.00_P60.00,z,140.61,143,0.69629,89.675,0.0132276,0.0499133,0.265012
engine,NLO,wave_data_pmstokes_H1.500_L50.710_A-30.00_P120.00,x,145.085,180,6.01778,27.825,0.326759,0.153151,2.13358
engine,NLO,wave_data_pmstokes_H1.500_L50.710_A-30.00_P120.00,y,64.745,180,1.77687,21.455,0.29801,0.0700075,4.25683
engine,NLO,wave_data_pmstokes_H1.500_L50.710_A-30.00_P120.00,z,124.425,162.445,1.06628,24.985,0.102642,0.385568,0.26621
engine,TFG,wave_data_pmstokes_H1.500_L50.710_A-30.00_P120.00,x,62.04,173.145,1.03897,44.295,0.0712622,0.153151,0.465308
engine,TFG,wave_data_pmstokes_H1.500_L50.710_A-30.00_P120.00,y,49.415,166.605,0.262507,40.305,0.0519351,0.0700075,0.741851
engine,TFG,wave_data_pmstokes_H1.500_L50.710_A-30.00_P120.00,z,83.13,82.84,1.13182,67.945,0.0684165,0.385568,0.177444
engine,PII,wave_data_pmstokes_H1.500_L50.710_A-30.00_P120.00,z,131.725,164.185,1.34102,19.335,0.084271,0.385568,0.218564
engine,OU-II,wave_data_pmstokes_H1.500_L50.710_A-30.00_P120.00,x,21.2,180,0.410831,13.245,0.0832976,0.153151,0.543893
engine,OU-II,wave_data_pmstokes_H1.500_L50.710_A-30.00_P120.00,y,0,180,0.151279,36.47,0.056449,0.0700075,0.806328
engine,OU-II,wave_data_pmstokes_H1.500_L50.710_A-30.00_P120.00,z,138.17,139.44,1.98264,106.2,0.0963997,0.385568,0.25002
engine,OU-III,wave_data_pmstokes_H1.500_L50.710_A-30.00_P120.00,x,42.1,180,0.43979,36.295,0.0707584,0.153151,0.462018
engine,OU-III,wave_data_pmstokes_H1.500_L50.710_A-30.00_P120.00,y,0,180,0.168353,40.105,0.0623081,0.0700075,0.89002
engine,OU-III,wave_data_pmstokes_H1.500_L50.710_A-30.00_P120.00,z,135.735,135.19,1.28865,104.05,0.0688898,0.385568,0.178671
engine,NLO,wave_data_pmstokes_H4.000_L112.766_A30.00_P30.00,x,180,180,6.91777,41.42,0.872565,0.560847,1.5558
engine,NLO,wave_data_pmstokes_H4.000_L112.766_A30.00_P30.00,y,174.945,180,4.28531,19.225,0.927279,0.299668,3.09436
engine,NLO,wave_data_pmstokes_H4.000_L112.766_A30.00_P30.00,z,26.48,180,1.69801,15.545,0.275021,1.04039,0.264344
engine,TFG,wave_data_pmstokes_H4.000_L112.766_A30.00_P30.00,x,65.62,165.81,2.01652,44.28,0.261825,0.560847,0.466838
engine,TFG,wave_data_pmstokes_H4.000_L112.766_A30.00_P30.00,y,60.065,180,0.685994,44.735,0.155589,0.299668,0.519205
engine,TFG,wave_data_pmstokes_H4.000_L112.766_A30.00_P30.00,z,91.275,88.31,2.85325,13.85,0.179366,1.04039,0.172403
engine,PII,wave_data_pmstokes_H4.000_L112.766_A30.00_P30.00,z,32.26,49.02,2.10119,13.225,0.247922,1.04039,0.238298
engine,OU-II,wave_data_pmstokes_H4.000_L112.766_A30.00_P30.00,x,21.35,173.885,1.42416,13.015,0.274703,0.560847,0.4898
engine,OU-II,wave_data_pmstokes_H4.000_L112.766_A30.00_P30.00,y,17.675,180,0.571041,16.87,0.178911,0.299668,0.597032
engine,OU-II,wave_data_pmstokes_H4.000_L112.766_A30.00_P30.00,z,153.32,166.485,4.92107,91.895,0.249307,1.04039,0.239628
engine,OU-III,wave_data_pmstokes_H4.000_L112.766_A30.00_P30.00,x,52.035,165.78,1.42416,13.015,0.265709,0.560847,0.473764
engine,OU-III,wave_data_pmstokes_H4.000_L112.766_A30.00_P30.00,y,53.86,180,0.571041,16.87,0.163152,0.299668,0.544442
engine,OU-III,wave_data_pmstokes_H4.000_L112.766_A30.00_P30.00,z,137.825,138.185,3.14442,93.72,0.177359,1.04039,0.170474
engine,NLO,wave_data_pmstokes_H8.500_L202.839_A-30.00_P72.00,x,115.25,180,10.2384,67.84,2.78602,1.3507,2.06265
engine,NLO,wave_data_pmstokes_H8.500_L202.839_A-30.00_P72.00,y,0,180,6.04272,12.79,2.56626,0.791531,3.24214
engine,NLO,wave_data_pmstokes_H8.500_L202.839_A-30.00_P72.00,z,103.65,138.67,4.00898,12.04,0.602408,2.16785,0.277883
engine,TFG,wave_data_pmstokes_H8.500_L202.839_A-30.00_P72.00,x,137.57,180,7.13801,55.195,0.601412,1.3507,0.445261
engine,TFG,wave_data_pmstokes_H8.500_L202.839_A-30.00_P72.00,y,85.875,180,4.3571,50.49,0.446612,0.791531,0.564238
engine,TFG,wave_data_pmstokes_H8.500_L202.839_A-30.00_P72.00,z,106.725,96.245,5.32212,13.885,0.356113,2.16785,0.16427
engine,PII,wave_data_pmstokes_H8.500_L202.839_A-30.00_P72.00,z,20.955,163.91,4.2943,6.045,0.75136,2.16785,0.346593
engine,OU-II,wave_data_pmstokes_H8.500_L202.839_A-30.00_P72.00,x,50.97,180,2.86562,12.815,0.664045,1.3507,0.491632
engine,OU-II,wave_data_pmstokes_H8.500_L202.839_A-30.00_P72.00,y,0,180,1.19045,13.9,0.442924,0.791531,0.559578
engine,OU-II,wave_data_pmstokes_H8.500_L202.839_A-30.00_P72.00,z,180,180,12.6263,121.275,0.513681,2.16785,0.236954
engine,OU-III,wave_data_pmstokes_H8.500_L202.839_A-30.00_P72.00,x,109.085,180,4.39475,48.4,0.572204,1.3507,0.423636
engine,OU-III,wave_data_pmstokes_H8.500_L202.839_A-30.00_P72.00,y,64.755,169.525,2.42,58.54,0.48203,0.791531,0.608984
engine,OU-III,wave_data_pmstokes_H8.500_L202.839_A-30.00_P72.00,z,159.265,164.245,6.88688,123.155,0.352585,2.16785,0.162643
no-engine,NLO,wave_data_gerstner_H0.270_L14.047_A0.00_P60.00,x,180,180,8.02137,44.245,0.0641659,0.0159078,4.0336
no-engine,NLO,wave_data_gerstner_H0.270_L14.047_A0.00_P60.00,y,180,180,1.69937,26.085,0.0549583,0,nan
no-engine,NLO,wave_data_gerstner_H0.270_L14.047_A0.00_P60.00,z,180,180,1.21905,15.775,0.0215114,0.0787111,0.273295
no-engine,TFG,wave_data_gerstner_H0.270_L14.047_A0.00_P60.00,x,144.6,180,0.372188,47.33,0.0112817,0.0159078,0.709191
no-engine,TFG,wave_data_gerstner_H0.270_L14.047_A0.00_P60.00,y,123.785,180,0.116287,38.545,0.0102933,0,nan
no-engine,TFG,wave_data_gerstner_H0.270_L14.047_A0.00_P60.00,z,84.26,83.045,1.37053,51.23,0.0140152,0.0787111,0.178059
no-engine,PII,wave_data_gerstner_H0.270_L14.047_A0.00_P60.00,z,180,180,1.08129,26.09,0.0106566,0.0787111,0.135388
no-engine,OU-II,wave_data_gerstner_H0.270_L14.047_A0.00_P60.00,x,150.03,180,0.0539991,82.285,0.0155112,0.0159078,0.975068
no-engine,OU-II,wave_data_gerstner_H0.270_L14.047_A0.00_P60.00,y,136.85,180,0.0383963,78.39,0.00970574,0,nan
no-engine,OU-II,wave_data_gerstner_H0.270_L14.047_A0.00_P60.00,z,150.04,150.445,2.83387,96.185,0.0215093,0.0787111,0.273269
no-engine,OU-III,wave_data_gerstner_H0.270_L14.047_A0.00_P60.00,x,151.345,180,0.0560193,80.075,0.0109073,0.0159078,0.685654
no-engine,OU-III,wave_data_gerstner_H0.270_L14.047_A0.00_P60.00,y,125.74,180,0.0543747,36.57,0.0107511,0,nan
no-engine,OU-III,wave_data_gerstner_H0.270_L14.047_A0.00_P60.00,z,139.335,138.455,1.4692,52.825,0.0137072,0.0787111,0.174145
no-engine,NLO,wave_data_gerstner_H1.500_L50.710_A0.00_P120.00,x,164.13,180,6.69593,38.655,0.465608,0.301023,1.54675
no-engine,NLO,wave_data_gerstner_H1.500_L50.710_A0.00_P120.00,y,31.705,180,1.51042,27.095,0.464082,0,nan
no-engine,NLO,wave_data_gerstner_H1.500_L50.710_A0.00_P120.00,z,133.87,134,2.30321,23.985,0.141845,0.566319,0.250468
no-engine,TFG,wave_data_gerstner_H1.500_L50.710_A0.00_P120.00,x,71.795,150.905,2.46676,52.48,0.096316,0.301023,0.319962
no-engine,TFG,wave_data_gerstner_H1.500_L50.710_A0.00_P120.00,y,64.315,180,0.351394,42.67,0.0583043,0,nan
no-engine,TFG,wave_data_gerstner_H1.500_L50.710_A0.00_P120.00,z,107.595,102.645,5.28156,72.075,0.0787484,0.566319,0.139053
no-engine,PII,wave_data_gerstner_H1.500_L50.710_A0.00_P120.00,z,61.665,60.09,1.29224,32.51,0.106348,0.566319,0.187787
no-engine,OU-II,wave_data_gerstner_H1.500_L50.710_A0.00_P120.00,x,41.405,162.06,0.550308,36.255,0.127031,0.301023,0.421998
no-engine,OU-II,wave_data_gerstner_H1.500_L50.710_A0.00_P120.00,y,0,180,0.1423,124.1,0.0698558,0,nan
no-engine,OU-II,wave_data_gerstner_H1.500_L50.710_A0.00_P120.00,z,180,180,10.9867,109.25,0.134428,0.566319,0.237371
no-engine,OU-III,wave_data_gerstner_H1.500_L50.710_A0.00_P120.00,x,150.91,155.99,0.825092,40.505,0.0982948,0.301023,0.326535
no-engine,OU-III,wave_data_gerstner_H1.500_L50.710_A0.00_P120.00,y,126.215,180,0.228483,124.27,0.083046,0,nan
no-engine,OU-III,wave_data_gerstner_H1.500_L50.710_A0.00_P120.00,z,165.59,159.735,4.43037,69.6,0.0783191,0.566319,0.138295
no-engine,NLO,wave_data_gerstner_H4.000_L112.766_A0.00_P30.00,x,149.565,180,9.18616,46.545,1.5839,1.07262,1.47666
no-engine,NLO,wave_data_gerstner_H4.000_L112.766_A0.00_P30.00,y,129.39,180,28.0012,24.335,1.60404,0,nan
no-engine,NLO,wave_data_gerstner_H4.000_L112.766_A0.00_P30.00,z,76.875,76.85,5.91282,15.505,0.373912,1.46764,0.25477
no-engine,TFG,wave_data_gerstner_H4.000_L112.766_A0.00_P30.00,x,163.535,170.95,13.3964,62.39,0.339084,1.07262,0.316126
no-engine,TFG,wave_data_gerstner_H4.000_L112.766_A0.00_P30.00,y,136.235,180,2.011,45.41,0.179747,0,nan
no-engine,TFG,wave_data_gerstner_H4.000_L112.766_A0.00_P30.00,z,131.4,126.805,13.6089,75.35,0.199413,1.46764,0.135873
no-engine,PII,wave_data_gerstner_H4.000_L112.766_A0.00_P30.00,z,58.195,60.06,3.37702,4.055,0.40242,1.46764,0.274195
no-engine,OU-II,wave_data_gerstner_H4.000_L112.766_A0.00_P30.00,x,61.52,168.185,1.94463,38.635,0.440157,1.07262,0.410356
no-engine,OU-II,wave_data_gerstner_H4.000_L112.766_A0.00_P30.00,y,166.98,180,0.386226,169.33,0.165013,0,nan
no-engine,OU-II,wave_data_gerstner_H4.000_L112.766_A0.00_P30.00,z,180,180,28.9541,126.26,0.347607,1.46764,0.236847
no-engine,OU-III,wave_data_gerstner_H4.000_L112.766_A0.00_P30.00,x,65.185,152.23,3.84492,44.84,0.326751,1.07262,0.304629
no-engine,OU-III,wave_data_gerstner_H4.000_L112.766_A0.00_P30.00,y,0,180,0.538454,50.075,0.22553,0,nan
no-engine,OU-III,wave_data_gerstner_H4.000_L112.766_A0.00_P30.00,z,180,180,10.8075,86.945,0.201909,1.46764,0.137574
no-engine,NLO,wave_data_gerstner_H8.500_L202.839_A0.00_P72.00,x,102.555,180,15.0552,63.34,3.82479,2.55543,1.49673
no-engine,NLO,wave_data_gerstner_H8.500_L202.839_A0.00_P72.00,y,146.635,180,43.6898,22.79,3.92997,0,nan
no-engine,NLO,wave_data_gerstner_H8.500_L202.839_A0.00_P72.00,z,100.89,111.19,7.87508,22.98,0.79706,3.06513,0.260041
no-engine,TFG,wave_data_gerstner_H8.500_L202.839_A0.00_P72.00,x,180,180,48.3122,73.195,0.835911,2.55543,0.327111
no-engine,TFG,wave_data_gerstner_H8.500_L202.839_A0.00_P72.00,y,180,180,13.9245,79.325,0.57508,0,nan
no-engine,TFG,wave_data_gerstner_H8.500_L202.839_A0.00_P72.00,z,180,157.335,26.3219,86.855,0.388108,3.06513,0.126621
no-engine,PII,wave_data_gerstner_H8.500_L202.839_A0.00_P72.00,z,50.485,60.725,7.55896,5.335,1.01186,3.06513,0.330119
no-engine,OU-II,wave_data_gerstner_H8.500_L202.839_A0.00_P72.00,x,91.195,180,5.24315,47.63,1.08812,2.55543,0.425806
no-engine,OU-II,wave_data_gerstner_H8.500_L202.839_A0.00_P72.00,y,171.24,180,0.779721,171.21,0.322536,0,nan
no-engine,OU-II,wave_data_gerstner_H8.500_L202.839_A0.00_P72.00,z,180,180,44.0423,131.835,0.722298,3.06513,0.23565
no-engine,OU-III,wave_data_gerstner_H8.500_L202.839_A0.00_P72.00,x,73.82,167.955,10.1931,49.89,0.795243,2.55543,0.311197
no-engine,OU-III,wave_data_gerstner_H8.500_L202.839_A0.00_P72.00,y,171.845,180,1.35021,49.805,0.475318,0,nan
no-engine,OU-III,wave_data_gerstner_H8.500_L202.839_A0.00_P72.00,z,180,180,25.2146,116.955,0.408054,3.06513,0.133128
no-engine,NLO,wave_data_cnoidal_H0.270_L14.047_A0.00_P60.00,x,180,180,8.01583,42.365,0.391287,0.0309639,12.6369
no-engine,NLO,wave_data_cnoidal_H0.270_L14.047_A0.00_P60.00,y,36.525,180,1.36567,23.45,0.381586,0,nan
no-engine,NLO,wave_data_cnoidal_H0.270_L14.047_A0.00_P60.00,z,180,180,1.37886,26.005,0.0594239,0.0522241,1.13786
no-engine,TFG,wave_data_cnoidal_H0.270_L14.047_A0.00_P60.00,x,158.06,180,0.241797,47.565,0.0270838,0.0309639,0.874689
no-engine,TFG,wave_data_cnoidal_H0.270_L14.047_A0.00_P60.00,y,165.9,180,0.119788,124.645,0.017757,0,nan
no-engine,TFG,wave_data_cnoidal_H0.270_L14.047_A0.00_P60.00,z,140.4,160.99,2.30186,56.78,0.0236376,0.0522241,0.452617
no-engine,PII,wave_data_cnoidal_H0.270_L14.047_A0.00_P60.00,z,151.985,180,1.02741,18.195,0.0269298,0.0522241,0.515658
no-engine,OU-II,wave_data_cnoidal_H0.270_L14.047_A0.00_P60.00,x,0,180,0.0465969,41.785,0.0309088,0.0309639,0.998221
no-engine,OU-II,wave_data_cnoidal_H0.270_L14.047_A0.00_P60.00,y,164.745,180,0.000962014,119.055,0.000110251,0,nan
no-engine,OU-II,wave_data_cnoidal_H0.270_L14.047_A0.00_P60.00,z,125.35,180,0.250722,42.945,0.0501256,0.0522241,0.959816
no-engine,OU-III,wave_data_cnoidal_H0.270_L14.047_A0.00_P60.00,x,0,180,0.124823,42.925,0.043284,0.0309639,1.39789
no-engine,OU-III,wave_data_cnoidal_H0.270_L14.047_A0.00_P60.00,y,123.52,180,0.0328688,119.36,0.0112241,0,nan
no-engine,OU-III,wave_data_cnoidal_H0.270_L14.047_A0.00_P60.00,z,137.265,174.575,0.803168,49.785,0.0262746,0.0522241,0.503112
no-engine,NLO,wave_data_cnoidal_H1.500_L50.710_A0.00_P120.00,x,114.9,180,13.4977,66.73,2.65355,0.23015,11.5296
no-engine,NLO,wave_data_cnoidal_H1.500_L50.710_A0.00_P120.00,y,0,180,2.96701,180,2.46103,0,nan
no-engine,NLO,wave_data_cnoidal_H1.500_L50.710_A0.00_P120.00,z,169.53,180,1.59538,37.105,0.242211,0.27224,0.889699
no-engine,TFG,wave_data_cnoidal_H1.500_L50.710_A0.00_P120.00,x,59.605,180,1.08025,53.34,0.19121,0.23015,0.830804
no-engine,TFG,wave_data_cnoidal_H1.500_L50.710_A0.00_P120.00,y,0,180,0.183506,163.135,0.0827812,0,nan
no-engine,TFG,wave_data_cnoidal_H1.500_L50.710_A0.00_P120.00,z,116.275,129.215,6.00677,76.93,0.111554,0.27224,0.409765
no-engine,PII,wave_data_cnoidal_H1.500_L50.710_A0.00_P120.00,z,100.975,180,1.02829,24.78,0.235419,0.27224,0.864748
no-engine,OU-II,wave_data_cnoidal_H1.500_L50.710_A0.00_P120.00,x,0,180,0.340116,49.74,0.234322,0.23015,1.01813
no-engine,OU-II,wave_data_cnoidal_H1.500_L50.710_A0.00_P120.00,y,0,180,0.00187262,120.455,0.00115626,0,nan
no-engine,OU-II,wave_data_cnoidal_H1.500_L50.710_A0.00_P120.00,z,0,180,0.552065,115.02,0.27136,0.27224,0.996769
no-engine,OU-III,wave_data_cnoidal_H1.500_L50.710_A0.00_P120.00,x,0,180,0.82255,50.2,0.438293,0.23015,1.90438
no-engine,OU-III,wave_data_cnoidal_H1.500_L50.710_A0.00_P120.00,y,0,180,0.0487046,156.78,0.0220045,0,nan
no-engine,OU-III,wave_data_cnoidal_H1.500_L50.710_A0.00_P120.00,z,120.77,180,1.22314,49.555,0.374412,0.27224,1.3753
no-engine,NLO,wave_data_cnoidal_H4.000_L112.766_A0.00_P30.00,x,0,180,16.8351,134.835,10.4334,0.659042,15.8312
no-engine,NLO,wave_data_cnoidal_H4.000_L112.766_A0.00_P30.00,y,0,180,3.9713,142.86,8.58836,0,nan
no-engine,NLO,wave_data_cnoidal_H4.000_L112.766_A0.00_P30.00,z,43.29,147.585,1.82537,38.21,0.588966,0.713866,0.825037
no-engine,TFG,wave_data_cnoidal_H4.000_L112.766_A0.00_P30.00,x,150.965,180,6.06671,62.885,0.590342,0.659042,0.895759
no-engine,TFG,wave_data_cnoidal_H4.000_L112.766_A0.00_P30.00,y,0,180,0.551387,63.005,0.247854,0,nan
no-engine,TFG,wave_data_cnoidal_H4.000_L112.766_A0.00_P30.00,z,170.48,180,13.7576,86.475,0.293828,0.713866,0.411602
no-engine,PII,wave_data_cnoidal_H4.000_L112.766_A0.00_P30.00,z,0,180,1.39886,20.695,0.77671,0.713866,1.08803
no-engine,OU-II,wave_data_cnoidal_H4.000_L112.766_A0.00_P30.00,x,0,180,0.979469,143.43,0.682593,0.659042,1.03574
no-engine,OU-II,wave_data_cnoidal_H4.000_L112.766_A0.00_P30.00,y,0,180,0.00471745,154.155,0.00372963,0,nan
no-engine,OU-II,wave_data_cnoidal_H4.000_L112.766_A0.00_P30.00,z,0,180,1.40239,104.885,0.744814,0.713866,1.04335
no-engine,OU-III,wave_data_cnoidal_H4.000_L112.766_A0.00_P30.00,x,0,180,1.91612,66.725,1.19344,0.659042,1.81088
no-engine,OU-III,wave_data_cnoidal_H4.000_L112.766_A0.00_P30.00,y,0,180,0.0941379,122.97,0.0668616,0,nan
no-engine,OU-III,wave_data_cnoidal_H4.000_L112.766_A0.00_P30.00,z,0,180,2.9474,132.26,1.34933,0.713866,1.89018
no-engine,NLO,wave_data_cnoidal_H8.500_L202.839_A0.00_P72.00,x,162.55,171.35,9.87763,45.665,1.85308,1.41758,1.30722
no-engine,NLO,wave_data_cnoidal_H8.500_L202.839_A0.00_P72.00,y,18.67,180,4.6123,16.235,1.91193,0,nan
no-engine,NLO,wave_data_cnoidal_H8.500_L202.839_A0.00_P72.00,z,0,180,2.9266,30.99,1.27791,1.47382,0.867074
no-engine,TFG,wave_data_cnoidal_H8.500_L202.839_A0.00_P72.00,x,73.335,180,11.241,63.365,2.01453,1.41758,1.42111
no-engine,TFG,wave_data_cnoidal_H8.500_L202.839_A0.00_P72.00,y,83.685,180,1.01888,63.085,0.347007,0,nan
no-engine,TFG,wave_data_cnoidal_H8.500_L202.839_A0.00_P72.00,z,180,180,19.2851,85.485,0.792014,1.47382,0.537389
no-engine,PII,wave_data_cnoidal_H8.500_L202.839_A0.00_P72.00,z,0,180,2.85365,91.55,1.87895,1.47382,1.27488
no-engine,OU-II,wave_data_cnoidal_H8.500_L202.839_A0.00_P72.00,x,0,180,2.05343,71.24,1.46641,1.41758,1.03445
no-engine,OU-II,wave_data_cnoidal_H8.500_L202.839_A0.00_P72.00,y,0,180,0.00497215,71.11,0.00294267,0,nan
no-engine,OU-II,wave_data_cnoidal_H8.500_L202.839_A0.00_P72.00,z,0,180,2.80559,52.485,1.61559,1.47382,1.0962
no-engine,OU-III,wave_data_cnoidal_H8.500_L202.839_A0.00_P72.00,x,0,180,3.58709,71.285,2.28153,1.41758,1.60946
no-engine,OU-III,wave_data_cnoidal_H8.500_L202.839_A0.00_P72.00,y,0,180,0.0978477,164.01,0.0934838,0,nan
no-engine,OU-III,wave_data_cnoidal_H8.500_L202.839_A0.00_P72.00,z,0,180,5.02244,55.345,3.38586,1.47382,2.29734
no-engine,NLO,wave_data_fenton_H0.270_L14.047_A0.00_P60.00,x,180,180,7.82732,42.7749,0.0573738,0.0158745,3.6142
no-engine,NLO,wave_data_fenton_H0.270_L14.047_A0.00_P60.00,y,180,180,2.14475,23.2741,0.0541627,0,nan
no-engine,NLO,wave_data_fenton_H0.270_L14.047_A0.00_P60.00,z,180,180,1.59403,28.8232,0.0214324,0.078717,0.272272
no-engine,TFG,wave_data_fenton_H0.270_L14.047_A0.00_P60.00,x,143.705,180,0.170184,42.7499,0.0111991,0.0158745,0.705475
no-engine,TFG,wave_data_fenton_H0.270_L14.047_A0.00_P60.00,y,123.227,180,0.0602768,36.5736,0.010229,0,nan
no-engine,TFG,wave_data_fenton_H0.270_L14.047_A0.00_P60.00,z,83.6737,82.6942,0.904539,66.698,0.0138951,0.078717,0.17652
no-engine,PII,wave_data_fenton_H0.270_L14.047_A0.00_P60.00,z,180,180,1.30149,15.5803,0.010658,0.078717,0.135396
no-engine,OU-II,wave_data_fenton_H0.270_L14.047_A0.00_P60.00,x,148.389,180,0.0519791,83.3788,0.0154342,0.0158745,0.972263
no-engine,OU-II,wave_data_fenton_H0.270_L14.047_A0.00_P60.00,y,125.721,180,0.0353006,79.331,0.00963775,0,nan
no-engine,OU-II,wave_data_fenton_H0.270_L14.047_A0.00_P60.00,z,149.1,149.335,2.66095,94.5877,0.0214786,0.078717,0.272858
no-engine,OU-III,wave_data_fenton_H0.270_L14.047_A0.00_P60.00,x,150.782,180,0.0489574,81.2,0.0107737,0.0158745,0.678681
no-engine,OU-III,wave_data_fenton_H0.270_L14.047_A0.00_P60.00,y,125.276,180,0.0426562,79.2111,0.0106592,0,nan
no-engine,OU-III,wave_data_fenton_H0.270_L14.047_A0.00_P60.00,z,138.605,137.869,1.15956,91.9441,0.0135663,0.078717,0.172343
no-engine,NLO,wave_data_fenton_H1.500_L50.710_A0.00_P120.00,x,173.644,180,7.76845,41.3996,0.461036,0.299977,1.5369
no-engine,NLO,wave_data_fenton_H1.500_L50.710_A0.00_P120.00,y,72.175,180,1.63494,58.3133,0.460486,0,nan
no-engine,NLO,wave_data_fenton_H1.500_L50.710_A0.00_P120.00,z,25.2038,25.3737,1.12216,3.43503,0.140498,0.566739,0.247906
no-engine,TFG,wave_data_fenton_H1.500_L50.710_A0.00_P120.00,x,85.9874,153.034,3.00897,52.402,0.0936635,0.299977,0.312235
no-engine,TFG,wave_data_fenton_H1.500_L50.710_A0.00_P120.00,y,43.215,180,0.338042,38.364,0.0576786,0,nan
no-engine,TFG,wave_data_fenton_H1.500_L50.710_A0.00_P120.00,z,106.606,99.7748,5.5787,70.0711,0.0773407,0.566739,0.136466
no-engine,PII,wave_data_fenton_H1.500_L50.710_A0.00_P120.00,z,110.724,93.3583,2.00006,12.8952,0.103196,0.566739,0.182088
no-engine,OU-II,wave_data_fenton_H1.500_L50.710_A0.00_P120.00,x,41.4296,163.204,0.539671,36.0685,0.126029,0.299977,0.420129
no-engine,OU-II,wave_data_fenton_H1.500_L50.710_A0.00_P120.00,y,0,180,0.13379,83.4888,0.0695083,0,nan
no-engine,OU-II,wave_data_fenton_H1.500_L50.710_A0.00_P120.00,z,180,180,10.8793,111.563,0.133549,0.566739,0.235645
no-engine,OU-III,wave_data_fenton_H1.500_L50.710_A0.00_P120.00,x,53.7723,153.079,0.921574,40.1344,0.0960003,0.299977,0.320025
no-engine,OU-III,wave_data_fenton_H1.500_L50.710_A0.00_P120.00,y,0,180,0.212769,140.266,0.082527,0,nan
no-engine,OU-III,wave_data_fenton_H1.500_L50.710_A0.00_P120.00,z,164.47,158.634,4.22517,67.2277,0.0767322,0.566739,0.135392
no-engine,NLO,wave_data_fenton_H4.000_L112.766_A0.00_P30.00,x,153.609,180,10.2421,42.2898,1.57657,1.06918,1.47456
no-engine,NLO,wave_data_fenton_H4.000_L112.766_A0.00_P30.00,y,174.52,180,35.825,24.5939,1.5668,0,nan
no-engine,NLO,wave_data_fenton_H4.000_L112.766_A0.00_P30.00,z,106.201,113.667,4.71497,36.8437,0.370961,1.46837,0.252635
no-engine,TFG,wave_data_fenton_H4.000_L112.766_A0.00_P30.00,x,137.043,142.298,10.8544,61.4989,0.323011,1.06918,0.302111
no-engine,TFG,wave_data_fenton_H4.000_L112.766_A0.00_P30.00,y,97.3761,180,1.87864,58.8584,0.162046,0,nan
no-engine,TFG,wave_data_fenton_H4.000_L112.766_A0.00_P30.00,z,129.506,126.455,12.0989,76.3127,0.20168,1.46837,0.13735
no-engine,PII,wave_data_fenton_H4.000_L112.766_A0.00_P30.00,z,23.589,53.9973,3.79963,8.90516,0.391226,1.46837,0.266436
no-engine,OU-II,wave_data_fenton_H4.000_L112.766_A0.00_P30.00,x,48.2861,171.737,1.94537,38.329,0.435134,1.06918,0.40698
no-engine,OU-II,wave_data_fenton_H4.000_L112.766_A0.00_P30.00,y,0,180,0.371971,164.054,0.167857,0,nan
no-engine,OU-II,wave_data_fenton_H4.000_L112.766_A0.00_P30.00,z,180,180,28.3381,126.535,0.346067,1.46837,0.235681
no-engine,OU-III,wave_data_fenton_H4.000_L112.766_A0.00_P30.00,x,156.807,158.985,3.44822,44.5253,0.32029,1.06918,0.299566
no-engine,OU-III,wave_data_fenton_H4.000_L112.766_A0.00_P30.00,y,0,180,0.476714,126.72,0.227429,0,nan
no-engine,OU-III,wave_data_fenton_H4.000_L112.766_A0.00_P30.00,z,180,180,10.8899,88.6609,0.197848,1.46837,0.13474
no-engine,NLO,wave_data_fenton_H8.500_L202.839_A0.00_P72.00,x,104.722,180,12.5721,68.7718,3.7795,2.5493,1.48256
no-engine,NLO,wave_data_fenton_H8.500_L202.839_A0.00_P72.00,y,148.514,180,44.148,22.7392,3.71264,0,nan
no-engine,NLO,wave_data_fenton_H8.500_L202.839_A0.00_P72.00,z,58.4983,59.6835,5.72264,3.95504,0.789044,3.06624,0.257333
no-engine,TFG,wave_data_fenton_H8.500_L202.839_A0.00_P72.00,x,180,180,64.4903,69.6164,0.776508,2.5493,0.304597
no-engine,TFG,wave_data_fenton_H8.500_L202.839_A0.00_P72.00,y,168.178,180,31.5153,78.2316,0.56684,0,nan
no-engine,TFG,wave_data_fenton_H8.500_L202.839_A0.00_P72.00,z,180,157.763,31.4006,84.2333,0.449547,3.06624,0.146612
no-engine,PII,wave_data_fenton_H8.500_L202.839_A0.00_P72.00,z,47.2309,59.4135,7.59885,5.60008,0.980117,3.06624,0.319648
no-engine,OU-II,wave_data_fenton_H8.500_L202.839_A0.00_P72.00,x,92.104,171.021,5.2714,47.4109,1.08051,2.5493,0.423846
no-engine,OU-II,wave_data_fenton_H8.500_L202.839_A0.00_P72.00,y,0,180,0.767493,174.805,0.319875,0,nan
no-engine,OU-II,wave_data_fenton_H8.500_L202.839_A0.00_P72.00,z,180,180,43.2664,130.747,0.714112,3.06624,0.232895
no-engine,OU-III,wave_data_fenton_H8.500_L202.839_A0.00_P72.00,x,82.0346,160.951,9.84464,49.3063,0.777416,2.5493,0.304953
no-engine,OU-III,wave_data_fenton_H8.500_L202.839_A0.00_P72.00,y,168.994,180,1.30916,46.4407,0.472608,0,nan
no-engine,OU-III,wave_data_fenton_H8.500_L202.839_A0.00_P72.00,z,180,180,24.628,119.129,0.399361,3.06624,0.130245
no-engine,NLO,wave_data_jonswap_H0.270_L14.047_A30.00_P60.00,x,180,180,8.10786,44.29,0.0822204,0.0093565,8.78752
no-engine,NLO,wave_data_jonswap_H0.270_L14.047_A30.00_P60.00,y,142.605,180,0.67935,64.55,0.0675597,0.00416606,16.2167
no-engine,NLO,wave_data_jonswap_H0.270_L14.047_A30.00_P60.00,z,180,180,1.25683,24.905,0.0187438,0.0534438,0.35072
no-engine,TFG,wave_data_jonswap_H0.270_L14.047_A30.00_P60.00,x,145.315,180,0.147316,45.895,0.00960333,0.0093565,1.02638
no-engine,TFG,wave_data_jonswap_H0.270_L14.047_A30.00_P60.00,y,126.385,180,0.0874799,38.545,0.0087612,0.00416606,2.10299
no-engine,TFG,wave_data_jonswap_H0.270_L14.047_A30.00_P60.00,z,90.28,83.705,1.15121,49.36,0.0118341,0.0534438,0.221431
no-engine,PII,wave_data_jonswap_H0.270_L14.047_A30.00_P60.00,z,180,180,1.06255,19.71,0.0100675,0.0534438,0.188375
no-engine,OU-II,wave_data_jonswap_H0.270_L14.047_A30.00_P60.00,x,151.54,180,0.0503125,83.075,0.00884718,0.0093565,0.945565
no-engine,OU-II,wave_data_jonswap_H0.270_L14.047_A30.00_P60.00,y,127.075,180,0.0345371,79.185,0.00702721,0.00416606,1.68678
no-engine,OU-II,wave_data_jonswap_H0.270_L14.047_A30.00_P60.00,z,148.59,151.685,2.99396,92.425,0.01625,0.0534438,0.304057
no-engine,OU-III,wave_data_jonswap_H0.270_L14.047_A30.00_P60.00,x,150.73,180,0.0433997,35.35,0.00912931,0.0093565,0.975718
no-engine,OU-III,wave_data_jonswap_H0.270_L14.047_A30.00_P60.00,y,125.685,180,0.0377781,78.085,0.00908384,0.00416606,2.18044
no-engine,OU-III,wave_data_jonswap_H0.270_L14.047_A30.00_P60.00,z,138.4,137.475,1.30417,89.5,0.0114735,0.0534438,0.214683
no-engine,NLO,wave_data_jonswap_H1.500_L50.710_A-30.00_P120.00,x,180,180,6.68214,41.38,0.376414,0.164758,2.28465
no-engine,NLO,wave_data_jonswap_H1.500_L50.710_A-30.00_P120.00,y,114.8,180,6.99606,21.63,0.355255,0.0717974,4.94802
no-engine,NLO,wave_data_jonswap_H1.500_L50.710_A-30.00_P120.00,z,99.025,164.1,1.17573,15.5,0.103237,0.390974,0.264051
no-engine,TFG,wave_data_jonswap_H1.500_L50.710_A-30.00_P120.00,x,84.425,172.62,1.17454,49.395,0.0678622,0.164758,0.41189
no-engine,TFG,wave_data_jonswap_H1.500_L50.710_A-30.00_P120.00,y,57.16,167.84,0.35834,40.585,0.0494757,0.0717974,0.689101
no-engine,TFG,wave_data_jonswap_H1.500_L50.710_A-30.00_P120.00,z,97.895,87.64,2.77332,68.155,0.0628106,0.390974,0.160652
no-engine,PII,wave_data_jonswap_H1.500_L50.710_A-30.00_P120.00,z,131.145,164.055,1.29585,23.5,0.0834826,0.390974,0.213525
no-engine,OU-II,wave_data_jonswap_H1.500_L50.710_A-30.00_P120.00,x,151.385,180,0.426491,13.275,0.0837322,0.164758,0.508213
no-engine,OU-II,wave_data_jonswap_H1.500_L50.710_A-30.00_P120.00,y,0,180,0.142762,36.475,0.0598697,0.0717974,0.83387
no-engine,OU-II,wave_data_jonswap_H1.500_L50.710_A-30.00_P120.00,z,180,180,8.30617,107.395,0.0994354,0.390974,0.254328
no-engine,OU-III,wave_data_jonswap_H1.500_L50.710_A-30.00_P120.00,x,146.865,162.195,0.426491,13.275,0.069288,0.164758,0.420544
no-engine,OU-III,wave_data_jonswap_H1.500_L50.710_A-30.00_P120.00,y,39.735,180,0.253417,40.095,0.0617622,0.0717974,0.860228
no-engine,OU-III,wave_data_jonswap_H1.500_L50.710_A-30.00_P120.00,z,152.07,157.74,2.87903,106.68,0.0614892,0.390974,0.157272
no-engine,NLO,wave_data_jonswap_H4.000_L112.766_A30.00_P30.00,x,180,180,6.61847,41.73,0.980685,0.588407,1.66668
no-engine,NLO,wave_data_jonswap_H4.000_L112.766_A30.00_P30.00,y,0,180,1.87438,171.075,1.05013,0.31177,3.36828
no-engine,NLO,wave_data_jonswap_H4.000_L112.766_A30.00_P30.00,z,57.02,55.86,2.24336,15.315,0.275736,1.04309,0.264346
no-engine,TFG,wave_data_jonswap_H4.000_L112.766_A30.00_P30.00,x,67.31,166.1,1.42848,54.895,0.232739,0.588407,0.395541
no-engine,TFG,wave_data_jonswap_H4.000_L112.766_A30.00_P30.00,y,78.44,173.535,0.647373,55.295,0.150338,0.31177,0.482208
no-engine,TFG,wave_data_jonswap_H4.000_L112.766_A30.00_P30.00,z,113.7,112.9,8.31278,71.81,0.161467,1.04309,0.154797
no-engine,PII,wave_data_jonswap_H4.000_L112.766_A30.00_P30.00,z,32.09,86.01,2.11032,13.25,0.245453,1.04309,0.235313
no-engine,OU-II,wave_data_jonswap_H4.000_L112.766_A30.00_P30.00,x,21.425,174.655,1.35417,16.195,0.26954,0.588407,0.458085
no-engine,OU-II,wave_data_jonswap_H4.000_L112.766_A30.00_P30.00,y,0,180,0.551296,16.85,0.179964,0.31177,0.577234
no-engine,OU-II,wave_data_jonswap_H4.000_L112.766_A30.00_P30.00,z,180,180,18.0937,121.665,0.253989,1.04309,0.243497
no-engine,OU-III,wave_data_jonswap_H4.000_L112.766_A30.00_P30.00,x,52.675,166.135,1.35417,16.195,0.233531,0.588407,0.396887
no-engine,OU-III,wave_data_jonswap_H4.000_L112.766_A30.00_P30.00,y,56.39,180,0.6171,55.105,0.173234,0.31177,0.555647
no-engine,OU-III,wave_data_jonswap_H4.000_L112.766_A30.00_P30.00,z,174.36,180,6.39865,85.835,0.160708,1.04309,0.15407
no-engine,NLO,wave_data_jonswap_H8.500_L202.839_A-30.00_P72.00,x,115.34,180,13.5563,67.835,3.06671,1.37091,2.23699
no-engine,NLO,wave_data_jonswap_H8.500_L202.839_A-30.00_P72.00,y,0,180,7.2417,12.975,2.81914,0.834743,3.37726
no-engine,NLO,wave_data_jonswap_H8.500_L202.839_A-30.00_P72.00,z,9.715,115.68,2.34408,4.13,0.584721,2.15465,0.271377
no-engine,TFG,wave_data_jonswap_H8.500_L202.839_A-30.00_P72.00,x,135.695,164.295,6.16214,55.6,0.533628,1.37091,0.389251
no-engine,TFG,wave_data_jonswap_H8.500_L202.839_A-30.00_P72.00,y,86.105,180,3.70221,51.25,0.40949,0.834743,0.490558
no-engine,TFG,wave_data_jonswap_H8.500_L202.839_A-30.00_P72.00,z,135.145,138.64,11.283,78.86,0.316756,2.15465,0.147011
no-engine,PII,wave_data_jonswap_H8.500_L202.839_A-30.00_P72.00,z,22.06,117.265,3.97336,6.08,0.640804,2.15465,0.297406
no-engine,OU-II,wave_data_jonswap_H8.500_L202.839_A-30.00_P72.00,x,46.72,180,2.50879,12.81,0.626425,1.37091,0.456941
no-engine,OU-II,wave_data_jonswap_H8.500_L202.839_A-30.00_P72.00,y,0,180,1.14694,174.105,0.443861,0.834743,0.531734
no-engine,OU-II,wave_data_jonswap_H8.500_L202.839_A-30.00_P72.00,z,180,180,43.9217,128.93,0.514008,2.15465,0.238558
no-engine,OU-III,wave_data_jonswap_H8.500_L202.839_A-30.00_P72.00,x,103.04,170.42,4.2314,48.375,0.52417,1.37091,0.382351
no-engine,OU-III,wave_data_jonswap_H8.500_L202.839_A-30.00_P72.00,y,64.6,172.49,1.96528,58.875,0.409661,0.834743,0.490763
no-engine,OU-III,wave_data_jonswap_H8.500_L202.839_A-30.00_P72.00,z,180,180,14.7699,122.765,0.315284,2.15465,0.146328
no-engine,NLO,wave_data_pmstokes_H0.270_L14.047_A30.00_P60.00,x,180,180,8.04671,44.295,0.0976301,0.00881329,11.0776
no-engine,NLO,wave_data_pmstokes_H0.270_L14.047_A30.00_P60.00,y,142.065,180,0.78121,64.475,0.088273,0.00430303,20.5141
no-engine,NLO,wave_data_pmstokes_H0.270_L14.047_A30.00_P60.00,z,180,180,1.28436,25.055,0.0198139,0.0499133,0.396966
no-engine,TFG,wave_data_pmstokes_H0.270_L14.047_A30.00_P60.00,x,145.53,180,0.179702,46.75,0.0095368,0.00881329,1.08209
no-engine,TFG,wave_data_pmstokes_H0.270_L14.047_A30.00_P60.00,y,135.34,180,0.0970062,38.54,0.00866398,0.00430303,2.01346
no-engine,TFG,wave_data_pmstokes_H0.270_L14.047_A30.00_P60.00,z,94.48,85.155,1.31049,50.72,0.0117018,0.0499133,0.234441
no-engine,PII,wave_data_pmstokes_H0.270_L14.047_A30.00_P60.00,z,180,180,1.06637,19.65,0.0103069,0.0499133,0.206496
no-engine,OU-II,wave_data_pmstokes_H0.270_L14.047_A30.00_P60.00,x,151.2,180,0.0504864,82.89,0.00852232,0.00881329,0.966985
no-engine,OU-II,wave_data_pmstokes_H0.270_L14.047_A30.00_P60.00,y,127.65,180,0.0330732,78.985,0.00682255,0.00430303,1.58552
no-engine,OU-II,wave_data_pmstokes_H0.270_L14.047_A30.00_P60.00,z,148.805,154.465,3.20352,92.405,0.015679,0.0499133,0.314125
no-engine,OU-III,wave_data_pmstokes_H0.270_L14.047_A30.00_P60.00,x,149.74,180,0.0437523,35.355,0.00917347,0.00881329,1.04087
no-engine,OU-III,wave_data_pmstokes_H0.270_L14.047_A30.00_P60.00,y,126.07,180,0.0373626,120.165,0.00901436,0.00430303,2.09489
no-engine,OU-III,wave_data_pmstokes_H0.270_L14.047_A30.00_P60.00,z,138.55,137.61,1.33636,93.03,0.0113752,0.0499133,0.2279
no-engine,NLO,wave_data_pmstokes_H1.500_L50.710_A-30.00_P120.00,x,137.085,180,4.76583,35.905,0.328272,0.153151,2.14346
no-engine,NLO,wave_data_pmstokes_H1.500_L50.710_A-30.00_P120.00,y,99.815,180,5.01973,21.455,0.302466,0.0700075,4.32048
no-engine,NLO,wave_data_pmstokes_H1.500_L50.710_A-30.00_P120.00,z,104.705,153.67,1.00805,21.095,0.102108,0.385568,0.264824
no-engine,TFG,wave_data_pmstokes_H1.500_L50.710_A-30.00_P120.00,x,85.405,180,1.26474,48.935,0.0660677,0.153151,0.43139
no-engine,TFG,wave_data_pmstokes_H1.500_L50.710_A-30.00_P120.00,y,56.415,168.265,0.336032,40.475,0.04791,0.0700075,0.684355
no-engine,TFG,wave_data_pmstokes_H1.500_L50.710_A-30.00_P120.00,z,96.755,87.085,2.65371,67.975,0.0613631,0.385568,0.15915
no-engine,PII,wave_data_pmstokes_H1.500_L50.710_A-30.00_P120.00,z,131.605,162.075,1.33855,19.335,0.083016,0.385568,0.215309
no-engine,OU-II,wave_data_pmstokes_H1.500_L50.710_A-30.00_P120.00,x,152.295,180,0.410831,13.245,0.0798423,0.153151,0.521332
no-engine,OU-II,wave_data_pmstokes_H1.500_L50.710_A-30.00_P120.00,y,0,180,0.149309,14.04,0.0576301,0.0700075,0.823199
no-engine,OU-II,wave_data_pmstokes_H1.500_L50.710_A-30.00_P120.00,z,180,180,7.17973,107.335,0.0964742,0.385568,0.250213
no-engine,OU-III,wave_data_pmstokes_H1.500_L50.710_A-30.00_P120.00,x,147.195,180,0.410831,13.245,0.0669355,0.153151,0.437057
no-engine,OU-III,wave_data_pmstokes_H1.500_L50.710_A-30.00_P120.00,y,39.375,180,0.23116,40.085,0.0585484,0.0700075,0.836316
no-engine,OU-III,wave_data_pmstokes_H1.500_L50.710_A-30.00_P120.00,z,148.81,146.83,2.49558,107.315,0.0603529,0.385568,0.15653
no-engine,NLO,wave_data_pmstokes_H4.000_L112.766_A30.00_P30.00,x,180,180,6.89883,59.265,0.88009,0.560847,1.56922
no-engine,NLO,wave_data_pmstokes_H4.000_L112.766_A30.00_P30.00,y,0,180,2.23999,171.15,0.929093,0.299668,3.10041
no-engine,NLO,wave_data_pmstokes_H4.000_L112.766_A30.00_P30.00,z,22.16,48.865,1.64251,15.525,0.27465,1.04039,0.263988
no-engine,TFG,wave_data_pmstokes_H4.000_L112.766_A30.00_P30.00,x,89.93,165.86,2.17716,54.59,0.228932,0.560847,0.408189
no-engine,TFG,wave_data_pmstokes_H4.000_L112.766_A30.00_P30.00,y,85.735,180,1.0114,55.11,0.151869,0.299668,0.506792
no-engine,TFG,wave_data_pmstokes_H4.000_L112.766_A30.00_P30.00,z,112.24,111.185,7.74046,71.36,0.159183,1.04039,0.153003
no-engine,PII,wave_data_pmstokes_H4.000_L112.766_A30.00_P30.00,z,32.19,48.91,2.09992,13.23,0.244447,1.04039,0.234957
no-engine,OU-II,wave_data_pmstokes_H4.000_L112.766_A30.00_P30.00,x,21.535,174.06,1.42416,13.015,0.258698,0.560847,0.461262
no-engine,OU-II,wave_data_pmstokes_H4.000_L112.766_A30.00_P30.00,y,17.91,180,0.571041,16.87,0.176159,0.299668,0.587848
no-engine,OU-II,wave_data_pmstokes_H4.000_L112.766_A30.00_P30.00,z,180,180,16.5239,117.595,0.247945,1.04039,0.238319
no-engine,OU-III,wave_data_pmstokes_H4.000_L112.766_A30.00_P30.00,x,52.86,165.83,1.42416,13.015,0.226607,0.560847,0.404045
no-engine,OU-III,wave_data_pmstokes_H4.000_L112.766_A30.00_P30.00,y,54.505,180,0.571041,16.87,0.166479,0.299668,0.555546
no-engine,OU-III,wave_data_pmstokes_H4.000_L112.766_A30.00_P30.00,z,169.87,168.265,5.67969,85.78,0.158209,1.04039,0.152067
no-engine,NLO,wave_data_pmstokes_H8.500_L202.839_A-30.00_P72.00,x,116.095,180,11.0327,67.84,2.79763,1.3507,2.07125
no-engine,NLO,wave_data_pmstokes_H8.500_L202.839_A-30.00_P72.00,y,0,180,6.83021,100.49,2.5745,0.791531,3.25255
no-engine,NLO,wave_data_pmstokes_H8.500_L202.839_A-30.00_P72.00,z,54.52,116.69,4.03293,12.045,0.601709,2.16785,0.27756
no-engine,TFG,wave_data_pmstokes_H8.500_L202.839_A-30.00_P72.00,x,138.265,180,9.61512,55.565,0.541627,1.3507,0.400998
no-engine,TFG,wave_data_pmstokes_H8.500_L202.839_A-30.00_P72.00,y,90.375,180,5.2826,51.27,0.402411,0.791531,0.508396
no-engine,TFG,wave_data_pmstokes_H8.500_L202.839_A-30.00_P72.00,z,134.005,136,13.6206,78.385,0.317077,2.16785,0.146263
no-engine,PII,wave_data_pmstokes_H8.500_L202.839_A-30.00_P72.00,z,21,163.8,4.29265,6.045,0.743663,2.16785,0.343042
no-engine,OU-II,wave_data_pmstokes_H8.500_L202.839_A-30.00_P72.00,x,51.72,180,2.86562,12.815,0.614417,1.3507,0.454889
no-engine,OU-II,wave_data_pmstokes_H8.500_L202.839_A-30.00_P72.00,y,0,180,1.19045,13.9,0.425375,0.791531,0.537408
no-engine,OU-II,wave_data_pmstokes_H8.500_L202.839_A-30.00_P72.00,z,180,180,37.9263,129.105,0.508259,2.16785,0.234453
no-engine,OU-III,wave_data_pmstokes_H8.500_L202.839_A-30.00_P72.00,x,103.63,167.275,4.57327,48.37,0.527053,1.3507,0.390209
no-engine,OU-III,wave_data_pmstokes_H8.500_L202.839_A-30.00_P72.00,y,65.295,180,2.27668,58.79,0.390483,0.791531,0.493326
no-engine,OU-III,wave_data_pmstokes_H8.500_L202.839_A-30.00_P72.00,z,180,180,12.8258,122.215,0.314744,2.16785,0.145187
