path,family,hs,split,seed,cohort,scenario,unit
records/eval_stationary_jonswap_H0_270_L14_047_A30_00_P60_00_11-101-1009.csv,JONSWAP,0.270000011,eval,11-101-1009,stationary,stationary_jonswap_H0_270_L14_047_A30_00_P60_00,eval_stationary_jonswap_H0_270_L14_047_A30_00_P60_00_11-101-1009
records/eval_stationary_jonswap_H1_500_L50_710_A_30_00_P120_00_11-101-1009.csv,JONSWAP,1.5,eval,11-101-1009,stationary,stationary_jonswap_H1_500_L50_710_A_30_00_P120_00,eval_stationary_jonswap_H1_500_L50_710_A_30_00_P120_00_11-101-1009
records/eval_stationary_jonswap_H4_000_L112_766_A30_00_P30_00_11-101-1009.csv,JONSWAP,4,eval,11-101-1009,stationary,stationary_jonswap_H4_000_L112_766_A30_00_P30_00,eval_stationary_jonswap_H4_000_L112_766_A30_00_P30_00_11-101-1009
records/eval_stationary_jonswap_H8_500_L202_839_A_30_00_P72_00_11-101-1009.csv,JONSWAP,8.5,eval,11-101-1009,stationary,stationary_jonswap_H8_500_L202_839_A_30_00_P72_00,eval_stationary_jonswap_H8_500_L202_839_A_30_00_P72_00_11-101-1009
records/eval_stationary_pmstokes_H0_270_L14_047_A30_00_P60_00_11-101-1009.csv,PM-Stokes,0.270000011,eval,11-101-1009,stationary,stationary_pmstokes_H0_270_L14_047_A30_00_P60_00,eval_stationary_pmstokes_H0_270_L14_047_A30_00_P60_00_11-101-1009
records/eval_stationary_pmstokes_H1_500_L50_710_A_30_00_P120_00_11-101-1009.csv,PM-Stokes,1.5,eval,11-101-1009,stationary,stationary_pmstokes_H1_500_L50_710_A_30_00_P120_00,eval_stationary_pmstokes_H1_500_L50_710_A_30_00_P120_00_11-101-1009
records/eval_stationary_pmstokes_H4_000_L112_766_A30_00_P30_00_11-101-1009.csv,PM-Stokes,4,eval,11-101-1009,stationary,stationary_pmstokes_H4_000_L112_766_A30_00_P30_00,eval_stationary_pmstokes_H4_000_L112_766_A30_00_P30_00_11-101-1009
records/eval_stationary_pmstokes_H8_500_L202_839_A_30_00_P72_00_11-101-1009.csv,PM-Stokes,8.5,eval,11-101-1009,stationary,stationary_pmstokes_H8_500_L202_839_A_30_00_P72_00,eval_stationary_pmstokes_H8_500_L202_839_A_30_00_P72_00_11-101-1009
records/eval_crossfade_11-101-1009.csv,Crossfade,4,eval,11-101-1009,crossfade,nonstationary_H1_5_to_H4_0_Tp5_7_to_11_4,eval_crossfade_11-101-1009
records/eval_lowhighlow_11-101-1009.csv,LowHighLow,4,eval,11-101-1009,lowhighlow,roundtrip_H1_5_H4_0_H1_5,eval_lowhighlow_11-101-1009
records/eval_lowmotion_11-101-1009.csv,JONSWAP,0.0500000007,eval,11-101-1009,low_motion,low_motion_H0_050,eval_lowmotion_11-101-1009
records/eval_ramp_11-101-1009.csv,Crossfade,4,eval,11-101-1009,ramp,rapid_H1_5_to_H4_0,eval_ramp_11-101-1009
records/eval_stationary_jonswap_H0_270_L14_047_A30_00_P60_00_29-211-1103.csv,JONSWAP,0.270000011,eval,29-211-1103,stationary,stationary_jonswap_H0_270_L14_047_A30_00_P60_00,eval_stationary_jonswap_H0_270_L14_047_A30_00_P60_00_29-211-1103
records/eval_stationary_jonswap_H1_500_L50_710_A_30_00_P120_00_29-211-1103.csv,JONSWAP,1.5,eval,29-211-1103,stationary,stationary_jonswap_H1_500_L50_710_A_30_00_P120_00,eval_stationary_jonswap_H1_500_L50_710_A_30_00_P120_00_29-211-1103
records/eval_stationary_jonswap_H4_000_L112_766_A30_00_P30_00_29-211-1103.csv,JONSWAP,4,eval,29-211-1103,stationary,stationary_jonswap_H4_000_L112_766_A30_00_P30_00,eval_stationary_jonswap_H4_000_L112_766_A30_00_P30_00_29-211-1103
records/eval_stationary_jonswap_H8_500_L202_839_A_30_00_P72_00_29-211-1103.csv,JONSWAP,8.5,eval,29-211-1103,stationary,stationary_jonswap_H8_500_L202_839_A_30_00_P72_00,eval_stationary_jonswap_H8_500_L202_839_A_30_00_P72_00_29-211-1103
records/eval_stationary_pmstokes_H0_270_L14_047_A30_00_P60_00_29-211-1103.csv,PM-Stokes,0.270000011,eval,29-211-1103,stationary,stationary_pmstokes_H0_270_L14_047_A30_00_P60_00,eval_stationary_pmstokes_H0_270_L14_047_A30_00_P60_00_29-211-1103
records/eval_stationary_pmstokes_H1_500_L50_710_A_30_00_P120_00_29-211-1103.csv,PM-Stokes,1.5,eval,29-211-1103,stationary,stationary_pmstokes_H1_500_L50_710_A_30_00_P120_00,eval_stationary_pmstokes_H1_500_L50_710_A_30_00_P120_00_29-211-1103
records/eval_stationary_pmstokes_H4_000_L112_766_A30_00_P30_00_29-211-1103.csv,PM-Stokes,4,eval,29-211-1103,stationary,stationary_pmstokes_H4_000_L112_766_A30_00_P30_00,eval_stationary_pmstokes_H4_000_L112_766_A30_00_P30_00_29-211-1103
records/eval_stationary_pmstokes_H8_500_L202_839_A_30_00_P72_00_29-211-1103.csv,PM-Stokes,8.5,eval,29-211-1103,stationary,stationary_pmstokes_H8_500_L202_839_A_30_00_P72_00,eval_stationary_pmstokes_H8_500_L202_839_A_30_00_P72_00_29-211-1103
records/eval_crossfade_29-211-1103.csv,Crossfade,4,eval,29-211-1103,crossfade,nonstationary_H1_5_to_H4_0_Tp5_7_to_11_4,eval_crossfade_29-211-1103
records/eval_lowhighlow_29-211-1103.csv,LowHighLow,4,eval,29-211-1103,lowhighlow,roundtrip_H1_5_H4_0_H1_5,eval_lowhighlow_29-211-1103
records/eval_lowmotion_29-211-1103.csv,JONSWAP,0.0500000007,eval,29-211-1103,low_motion,low_motion_H0_050,eval_lowmotion_29-211-1103
records/eval_ramp_29-211-1103.csv,Crossfade,4,eval,29-211-1103,ramp,rapid_H1_5_to_H4_0,eval_ramp_29-211-1103
records/eval_stationary_jonswap_H0_270_L14_047_A30_00_P60_00_47-307-1201.csv,JONSWAP,0.270000011,eval,47-307-1201,stationary,stationary_jonswap_H0_270_L14_047_A30_00_P60_00,eval_stationary_jonswap_H0_270_L14_047_A30_00_P60_00_47-307-1201
records/eval_stationary_jonswap_H1_500_L50_710_A_30_00_P120_00_47-307-1201.csv,JONSWAP,1.5,eval,47-307-1201,stationary,stationary_jonswap_H1_500_L50_710_A_30_00_P120_00,eval_stationary_jonswap_H1_500_L50_710_A_30_00_P120_00_47-307-1201
records/eval_stationary_jonswap_H4_000_L112_766_A30_00_P30_00_47-307-1201.csv,JONSWAP,4,eval,47-307-1201,stationary,stationary_jonswap_H4_000_L112_766_A30_00_P30_00,eval_stationary_jonswap_H4_000_L112_766_A30_00_P30_00_47-307-1201
records/eval_stationary_jonswap_H8_500_L202_839_A_30_00_P72_00_47-307-1201.csv,JONSWAP,8.5,eval,47-307-1201,stationary,stationary_jonswap_H8_500_L202_839_A_30_00_P72_00,eval_stationary_jonswap_H8_500_L202_839_A_30_00_P72_00_47-307-1201
records/eval_stationary_pmstokes_H0_270_L14_047_A30_00_P60_00_47-307-1201.csv,PM-Stokes,0.270000011,eval,47-307-1201,stationary,stationary_pmstokes_H0_270_L14_047_A30_00_P60_00,eval_stationary_pmstokes_H0_270_L14_047_A30_00_P60_00_47-307-1201
records/eval_stationary_pmstokes_H1_500_L50_710_A_30_00_P120_00_47-307-1201.csv,PM-Stokes,1.5,eval,47-307-1201,stationary,stationary_pmstokes_H1_500_L50_710_A_30_00_P120_00,eval_stationary_pmstokes_H1_500_L50_710_A_30_00_P120_00_47-307-1201
records/eval_stationary_pmstokes_H4_000_L112_766_A30_00_P30_00_47-307-1201.csv,PM-Stokes,4,eval,47-307-1201,stationary,stationary_pmstokes_H4_000_L112_766_A30_00_P30_00,eval_stationary_pmstokes_H4_000_L112_766_A30_00_P30_00_47-307-1201
records/eval_stationary_pmstokes_H8_500_L202_839_A_30_00_P72_00_47-307-1201.csv,PM-Stokes,8.5,eval,47-307-1201,stationary,stationary_pmstokes_H8_500_L202_839_A_30_00_P72_00,eval_stationary_pmstokes_H8_500_L202_839_A_30_00_P72_00_47-307-1201
records/eval_crossfade_47-307-1201.csv,Crossfade,4,eval,47-307-1201,crossfade,nonstationary_H1_5_to_H4_0_Tp5_7_to_11_4,eval_crossfade_47-307-1201
records/eval_lowhighlow_47-307-1201.csv,LowHighLow,4,eval,47-307-1201,lowhighlow,roundtrip_H1_5_H4_0_H1_5,eval_lowhighlow_47-307-1201
records/eval_lowmotion_47-307-1201.csv,JONSWAP,0.0500000007,eval,47-307-1201,low_motion,low_motion_H0_050,eval_lowmotion_47-307-1201
records/eval_ramp_47-307-1201.csv,Crossfade,4,eval,47-307-1201,ramp,rapid_H1_5_to_H4_0,eval_ramp_47-307-1201
records/eval_stationary_jonswap_H0_270_L14_047_A30_00_P60_00_71-401-1301.csv,JONSWAP,0.270000011,eval,71-401-1301,stationary,stationary_jonswap_H0_270_L14_047_A30_00_P60_00,eval_stationary_jonswap_H0_270_L14_047_A30_00_P60_00_71-401-1301
records/eval_stationary_jonswap_H1_500_L50_710_A_30_00_P120_00_71-401-1301.csv,JONSWAP,1.5,eval,71-401-1301,stationary,stationary_jonswap_H1_500_L50_710_A_30_00_P120_00,eval_stationary_jonswap_H1_500_L50_710_A_30_00_P120_00_71-401-1301
records/eval_stationary_jonswap_H4_000_L112_766_A30_00_P30_00_71-401-1301.csv,JONSWAP,4,eval,71-401-1301,stationary,stationary_jonswap_H4_000_L112_766_A30_00_P30_00,eval_stationary_jonswap_H4_000_L112_766_A30_00_P30_00_71-401-1301
records/eval_stationary_jonswap_H8_500_L202_839_A_30_00_P72_00_71-401-1301.csv,JONSWAP,8.5,eval,71-401-1301,stationary,stationary_jonswap_H8_500_L202_839_A_30_00_P72_00,eval_stationary_jonswap_H8_500_L202_839_A_30_00_P72_00_71-401-1301
records/eval_stationary_pmstokes_H0_270_L14_047_A30_00_P60_00_71-401-1301.csv,PM-Stokes,0.270000011,eval,71-401-1301,stationary,stationary_pmstokes_H0_270_L14_047_A30_00_P60_00,eval_stationary_pmstokes_H0_270_L14_047_A30_00_P60_00_71-401-1301
records/eval_stationary_pmstokes_H1_500_L50_710_A_30_00_P120_00_71-401-1301.csv,PM-Stokes,1.5,eval,71-401-1301,stationary,stationary_pmstokes_H1_500_L50_710_A_30_00_P120_00,eval_stationary_pmstokes_H1_500_L50_710_A_30_00_P120_00_71-401-1301
records/eval_stationary_pmstokes_H4_000_L112_766_A30_00_P30_00_71-401-1301.csv,PM-Stokes,4,eval,71-401-1301,stationary,stationary_pmstokes_H4_000_L112_766_A30_00_P30_00,eval_stationary_pmstokes_H4_000_L112_766_A30_00_P30_00_71-401-1301
records/eval_stationary_pmstokes_H8_500_L202_839_A_30_00_P72_00_71-401-1301.csv,PM-Stokes,8.5,eval,71-401-1301,stationary,stationary_pmstokes_H8_500_L202_839_A_30_00_P72_00,eval_stationary_pmstokes_H8_500_L202_839_A_30_00_P72_00_71-401-1301
records/eval_crossfade_71-401-1301.csv,Crossfade,4,eval,71-401-1301,crossfade,nonstationary_H1_5_to_H4_0_Tp5_7_to_11_4,eval_crossfade_71-401-1301
records/eval_lowhighlow_71-401-1301.csv,LowHighLow,4,eval,71-401-1301,lowhighlow,roundtrip_H1_5_H4_0_H1_5,eval_lowhighlow_71-401-1301
records/eval_lowmotion_71-401-1301.csv,JONSWAP,0.0500000007,eval,71-401-1301,low_motion,low_motion_H0_050,eval_lowmotion_71-401-1301
records/eval_ramp_71-401-1301.csv,Crossfade,4,eval,71-401-1301,ramp,rapid_H1_5_to_H4_0,eval_ramp_71-401-1301
records/eval_stationary_jonswap_H0_270_L14_047_A30_00_P60_00_97-503-1409.csv,JONSWAP,0.270000011,eval,97-503-1409,stationary,stationary_jonswap_H0_270_L14_047_A30_00_P60_00,eval_stationary_jonswap_H0_270_L14_047_A30_00_P60_00_97-503-1409
records/eval_stationary_jonswap_H1_500_L50_710_A_30_00_P120_00_97-503-1409.csv,JONSWAP,1.5,eval,97-503-1409,stationary,stationary_jonswap_H1_500_L50_710_A_30_00_P120_00,eval_stationary_jonswap_H1_500_L50_710_A_30_00_P120_00_97-503-1409
records/eval_stationary_jonswap_H4_000_L112_766_A30_00_P30_00_97-503-1409.csv,JONSWAP,4,eval,97-503-1409,stationary,stationary_jonswap_H4_000_L112_766_A30_00_P30_00,eval_stationary_jonswap_H4_000_L112_766_A30_00_P30_00_97-503-1409
records/eval_stationary_jonswap_H8_500_L202_839_A_30_00_P72_00_97-503-1409.csv,JONSWAP,8.5,eval,97-503-1409,stationary,stationary_jonswap_H8_500_L202_839_A_30_00_P72_00,eval_stationary_jonswap_H8_500_L202_839_A_30_00_P72_00_97-503-1409
records/eval_stationary_pmstokes_H0_270_L14_047_A30_00_P60_00_97-503-1409.csv,PM-Stokes,0.270000011,eval,97-503-1409,stationary,stationary_pmstokes_H0_270_L14_047_A30_00_P60_00,eval_stationary_pmstokes_H0_270_L14_047_A30_00_P60_00_97-503-1409
records/eval_stationary_pmstokes_H1_500_L50_710_A_30_00_P120_00_97-503-1409.csv,PM-Stokes,1.5,eval,97-503-1409,stationary,stationary_pmstokes_H1_500_L50_710_A_30_00_P120_00,eval_stationary_pmstokes_H1_500_L50_710_A_30_00_P120_00_97-503-1409
records/eval_stationary_pmstokes_H4_000_L112_766_A30_00_P30_00_97-503-1409.csv,PM-Stokes,4,eval,97-503-1409,stationary,stationary_pmstokes_H4_000_L112_766_A30_00_P30_00,eval_stationary_pmstokes_H4_000_L112_766_A30_00_P30_00_97-503-1409
records/eval_stationary_pmstokes_H8_500_L202_839_A_30_00_P72_00_97-503-1409.csv,PM-Stokes,8.5,eval,97-503-1409,stationary,stationary_pmstokes_H8_500_L202_839_A_30_00_P72_00,eval_stationary_pmstokes_H8_500_L202_839_A_30_00_P72_00_97-503-1409
records/eval_crossfade_97-503-1409.csv,Crossfade,4,eval,97-503-1409,crossfade,nonstationary_H1_5_to_H4_0_Tp5_7_to_11_4,eval_crossfade_97-503-1409
records/eval_lowhighlow_97-503-1409.csv,LowHighLow,4,eval,97-503-1409,lowhighlow,roundtrip_H1_5_H4_0_H1_5,eval_lowhighlow_97-503-1409
records/eval_lowmotion_97-503-1409.csv,JONSWAP,0.0500000007,eval,97-503-1409,low_motion,low_motion_H0_050,eval_lowmotion_97-503-1409
records/eval_ramp_97-503-1409.csv,Crossfade,4,eval,97-503-1409,ramp,rapid_H1_5_to_H4_0,eval_ramp_97-503-1409
records/eval_stationary_jonswap_H0_270_L14_047_A30_00_P60_00_131-601-1511.csv,JONSWAP,0.270000011,eval,131-601-1511,stationary,stationary_jonswap_H0_270_L14_047_A30_00_P60_00,eval_stationary_jonswap_H0_270_L14_047_A30_00_P60_00_131-601-1511
records/eval_stationary_jonswap_H1_500_L50_710_A_30_00_P120_00_131-601-1511.csv,JONSWAP,1.5,eval,131-601-1511,stationary,stationary_jonswap_H1_500_L50_710_A_30_00_P120_00,eval_stationary_jonswap_H1_500_L50_710_A_30_00_P120_00_131-601-1511
records/eval_stationary_jonswap_H4_000_L112_766_A30_00_P30_00_131-601-1511.csv,JONSWAP,4,eval,131-601-1511,stationary,stationary_jonswap_H4_000_L112_766_A30_00_P30_00,eval_stationary_jonswap_H4_000_L112_766_A30_00_P30_00_131-601-1511
records/eval_stationary_jonswap_H8_500_L202_839_A_30_00_P72_00_131-601-1511.csv,JONSWAP,8.5,eval,131-601-1511,stationary,stationary_jonswap_H8_500_L202_839_A_30_00_P72_00,eval_stationary_jonswap_H8_500_L202_839_A_30_00_P72_00_131-601-1511
records/eval_stationary_pmstokes_H0_270_L14_047_A30_00_P60_00_131-601-1511.csv,PM-Stokes,0.270000011,eval,131-601-1511,stationary,stationary_pmstokes_H0_270_L14_047_A30_00_P60_00,eval_stationary_pmstokes_H0_270_L14_047_A30_00_P60_00_131-601-1511
records/eval_stationary_pmstokes_H1_500_L50_710_A_30_00_P120_00_131-601-1511.csv,PM-Stokes,1.5,eval,131-601-1511,stationary,stationary_pmstokes_H1_500_L50_710_A_30_00_P120_00,eval_stationary_pmstokes_H1_500_L50_710_A_30_00_P120_00_131-601-1511
records/eval_stationary_pmstokes_H4_000_L112_766_A30_00_P30_00_131-601-1511.csv,PM-Stokes,4,eval,131-601-1511,stationary,stationary_pmstokes_H4_000_L112_766_A30_00_P30_00,eval_stationary_pmstokes_H4_000_L112_766_A30_00_P30_00_131-601-1511
records/eval_stationary_pmstokes_H8_500_L202_839_A_30_00_P72_00_131-601-1511.csv,PM-Stokes,8.5,eval,131-601-1511,stationary,stationary_pmstokes_H8_500_L202_839_A_30_00_P72_00,eval_stationary_pmstokes_H8_500_L202_839_A_30_00_P72_00_131-601-1511
records/eval_crossfade_131-601-1511.csv,Crossfade,4,eval,131-601-1511,crossfade,nonstationary_H1_5_to_H4_0_Tp5_7_to_11_4,eval_crossfade_131-601-1511
records/eval_lowhighlow_131-601-1511.csv,LowHighLow,4,eval,131-601-1511,lowhighlow,roundtrip_H1_5_H4_0_H1_5,eval_lowhighlow_131-601-1511
records/eval_lowmotion_131-601-1511.csv,JONSWAP,0.0500000007,eval,131-601-1511,low_motion,low_motion_H0_050,eval_lowmotion_131-601-1511
records/eval_ramp_131-601-1511.csv,Crossfade,4,eval,131-601-1511,ramp,rapid_H1_5_to_H4_0,eval_ramp_131-601-1511
records/eval_stationary_jonswap_H0_270_L14_047_A30_00_P60_00_173-701-1601.csv,JONSWAP,0.270000011,eval,173-701-1601,stationary,stationary_jonswap_H0_270_L14_047_A30_00_P60_00,eval_stationary_jonswap_H0_270_L14_047_A30_00_P60_00_173-701-1601
records/eval_stationary_jonswap_H1_500_L50_710_A_30_00_P120_00_173-701-1601.csv,JONSWAP,1.5,eval,173-701-1601,stationary,stationary_jonswap_H1_500_L50_710_A_30_00_P120_00,eval_stationary_jonswap_H1_500_L50_710_A_30_00_P120_00_173-701-1601
records/eval_stationary_jonswap_H4_000_L112_766_A30_00_P30_00_173-701-1601.csv,JONSWAP,4,eval,173-701-1601,stationary,stationary_jonswap_H4_000_L112_766_A30_00_P30_00,eval_stationary_jonswap_H4_000_L112_766_A30_00_P30_00_173-701-1601
records/eval_stationary_jonswap_H8_500_L202_839_A_30_00_P72_00_173-701-1601.csv,JONSWAP,8.5,eval,173-701-1601,stationary,stationary_jonswap_H8_500_L202_839_A_30_00_P72_00,eval_stationary_jonswap_H8_500_L202_839_A_30_00_P72_00_173-701-1601
records/eval_stationary_pmstokes_H0_270_L14_047_A30_00_P60_00_173-701-1601.csv,PM-Stokes,0.270000011,eval,173-701-1601,stationary,stationary_pmstokes_H0_270_L14_047_A30_00_P60_00,eval_stationary_pmstokes_H0_270_L14_047_A30_00_P60_00_173-701-1601
records/eval_stationary_pmstokes_H1_500_L50_710_A_30_00_P120_00_173-701-1601.csv,PM-Stokes,1.5,eval,173-701-1601,stationary,stationary_pmstokes_H1_500_L50_710_A_30_00_P120_00,eval_stationary_pmstokes_H1_500_L50_710_A_30_00_P120_00_173-701-1601
records/eval_stationary_pmstokes_H4_000_L112_766_A30_00_P30_00_173-701-1601.csv,PM-Stokes,4,eval,173-701-1601,stationary,stationary_pmstokes_H4_000_L112_766_A30_00_P30_00,eval_stationary_pmstokes_H4_000_L112_766_A30_00_P30_00_173-701-1601
records/eval_stationary_pmstokes_H8_500_L202_839_A_30_00_P72_00_173-701-1601.csv,PM-Stokes,8.5,eval,173-701-1601,stationary,stationary_pmstokes_H8_500_L202_839_A_30_00_P72_00,eval_stationary_pmstokes_H8_500_L202_839_A_30_00_P72_00_173-701-1601
records/eval_crossfade_173-701-1601.csv,Crossfade,4,eval,173-701-1601,crossfade,nonstationary_H1_5_to_H4_0_Tp5_7_to_11_4,eval_crossfade_173-701-1601
records/eval_lowhighlow_173-701-1601.csv,LowHighLow,4,eval,173-701-1601,lowhighlow,roundtrip_H1_5_H4_0_H1_5,eval_lowhighlow_173-701-1601
records/eval_lowmotion_173-701-1601.csv,JONSWAP,0.0500000007,eval,173-701-1601,low_motion,low_motion_H0_050,eval_lowmotion_173-701-1601
records/eval_ramp_173-701-1601.csv,Crossfade,4,eval,173-701-1601,ramp,rapid_H1_5_to_H4_0,eval_ramp_173-701-1601
records/eval_stationary_jonswap_H0_270_L14_047_A30_00_P60_00_211-809-1709.csv,JONSWAP,0.270000011,eval,211-809-1709,stationary,stationary_jonswap_H0_270_L14_047_A30_00_P60_00,eval_stationary_jonswap_H0_270_L14_047_A30_00_P60_00_211-809-1709
records/eval_stationary_jonswap_H1_500_L50_710_A_30_00_P120_00_211-809-1709.csv,JONSWAP,1.5,eval,211-809-1709,stationary,stationary_jonswap_H1_500_L50_710_A_30_00_P120_00,eval_stationary_jonswap_H1_500_L50_710_A_30_00_P120_00_211-809-1709
records/eval_stationary_jonswap_H4_000_L112_766_A30_00_P30_00_211-809-1709.csv,JONSWAP,4,eval,211-809-1709,stationary,stationary_jonswap_H4_000_L112_766_A30_00_P30_00,eval_stationary_jonswap_H4_000_L112_766_A30_00_P30_00_211-809-1709
records/eval_stationary_jonswap_H8_500_L202_839_A_30_00_P72_00_211-809-1709.csv,JONSWAP,8.5,eval,211-809-1709,stationary,stationary_jonswap_H8_500_L202_839_A_30_00_P72_00,eval_stationary_jonswap_H8_500_L202_839_A_30_00_P72_00_211-809-1709
records/eval_stationary_pmstokes_H0_270_L14_047_A30_00_P60_00_211-809-1709.csv,PM-Stokes,0.270000011,eval,211-809-1709,stationary,stationary_pmstokes_H0_270_L14_047_A30_00_P60_00,eval_stationary_pmstokes_H0_270_L14_047_A30_00_P60_00_211-809-1709
records/eval_stationary_pmstokes_H1_500_L50_710_A_30_00_P120_00_211-809-1709.csv,PM-Stokes,1.5,eval,211-809-1709,stationary,stationary_pmstokes_H1_500_L50_710_A_30_00_P120_00,eval_stationary_pmstokes_H1_500_L50_710_A_30_00_P120_00_211-809-1709
records/eval_stationary_pmstokes_H4_000_L112_766_A30_00_P30_00_211-809-1709.csv,PM-Stokes,4,eval,211-809-1709,stationary,stationary_pmstokes_H4_000_L112_766_A30_00_P30_00,eval_stationary_pmstokes_H4_000_L112_766_A30_00_P30_00_211-809-1709
records/eval_stationary_pmstokes_H8_500_L202_839_A_30_00_P72_00_211-809-1709.csv,PM-Stokes,8.5,eval,211-809-1709,stationary,stationary_pmstokes_H8_500_L202_839_A_30_00_P72_00,eval_stationary_pmstokes_H8_500_L202_839_A_30_00_P72_00_211-809-1709
records/eval_crossfade_211-809-1709.csv,Crossfade,4,eval,211-809-1709,crossfade,nonstationary_H1_5_to_H4_0_Tp5_7_to_11_4,eval_crossfade_211-809-1709
records/eval_lowhighlow_211-809-1709.csv,LowHighLow,4,eval,211-809-1709,lowhighlow,roundtrip_H1_5_H4_0_H1_5,eval_lowhighlow_211-809-1709
records/eval_lowmotion_211-809-1709.csv,JONSWAP,0.0500000007,eval,211-809-1709,low_motion,low_motion_H0_050,eval_lowmotion_211-809-1709
records/eval_ramp_211-809-1709.csv,Crossfade,4,eval,211-809-1709,ramp,rapid_H1_5_to_H4_0,eval_ramp_211-809-1709
records/eval_stationary_jonswap_H0_270_L14_047_A30_00_P60_00_257-907-1801.csv,JONSWAP,0.270000011,eval,257-907-1801,stationary,stationary_jonswap_H0_270_L14_047_A30_00_P60_00,eval_stationary_jonswap_H0_270_L14_047_A30_00_P60_00_257-907-1801
records/eval_stationary_jonswap_H1_500_L50_710_A_30_00_P120_00_257-907-1801.csv,JONSWAP,1.5,eval,257-907-1801,stationary,stationary_jonswap_H1_500_L50_710_A_30_00_P120_00,eval_stationary_jonswap_H1_500_L50_710_A_30_00_P120_00_257-907-1801
records/eval_stationary_jonswap_H4_000_L112_766_A30_00_P30_00_257-907-1801.csv,JONSWAP,4,eval,257-907-1801,stationary,stationary_jonswap_H4_000_L112_766_A30_00_P30_00,eval_stationary_jonswap_H4_000_L112_766_A30_00_P30_00_257-907-1801
records/eval_stationary_jonswap_H8_500_L202_839_A_30_00_P72_00_257-907-1801.csv,JONSWAP,8.5,eval,257-907-1801,stationary,stationary_jonswap_H8_500_L202_839_A_30_00_P72_00,eval_stationary_jonswap_H8_500_L202_839_A_30_00_P72_00_257-907-1801
records/eval_stationary_pmstokes_H0_270_L14_047_A30_00_P60_00_257-907-1801.csv,PM-Stokes,0.270000011,eval,257-907-1801,stationary,stationary_pmstokes_H0_270_L14_047_A30_00_P60_00,eval_stationary_pmstokes_H0_270_L14_047_A30_00_P60_00_257-907-1801
records/eval_stationary_pmstokes_H1_500_L50_710_A_30_00_P120_00_257-907-1801.csv,PM-Stokes,1.5,eval,257-907-1801,stationary,stationary_pmstokes_H1_500_L50_710_A_30_00_P120_00,eval_stationary_pmstokes_H1_500_L50_710_A_30_00_P120_00_257-907-1801
records/eval_stationary_pmstokes_H4_000_L112_766_A30_00_P30_00_257-907-1801.csv,PM-Stokes,4,eval,257-907-1801,stationary,stationary_pmstokes_H4_000_L112_766_A30_00_P30_00,eval_stationary_pmstokes_H4_000_L112_766_A30_00_P30_00_257-907-1801
records/eval_stationary_pmstokes_H8_500_L202_839_A_30_00_P72_00_257-907-1801.csv,PM-Stokes,8.5,eval,257-907-1801,stationary,stationary_pmstokes_H8_500_L202_839_A_30_00_P72_00,eval_stationary_pmstokes_H8_500_L202_839_A_30_00_P72_00_257-907-1801
records/eval_crossfade_257-907-1801.csv,Crossfade,4,eval,257-907-1801,crossfade,nonstationary_H1_5_to_H4_0_Tp5_7_to_11_4,eval_crossfade_257-907-1801
records/eval_lowhighlow_257-907-1801.csv,LowHighLow,4,eval,257-907-1801,lowhighlow,roundtrip_H1_5_H4_0_H1_5,eval_lowhighlow_257-907-1801
records/eval_lowmotion_257-907-1801.csv,JONSWAP,0.0500000007,eval,257-907-1801,low_motion,low_motion_H0_050,eval_lowmotion_257-907-1801
records/eval_ramp_257-907-1801.csv,Crossfade,4,eval,257-907-1801,ramp,rapid_H1_5_to_H4_0,eval_ramp_257-907-1801
records/eval_stationary_jonswap_H0_270_L14_047_A30_00_P60_00_307-1009-1901.csv,JONSWAP,0.270000011,eval,307-1009-1901,stationary,stationary_jonswap_H0_270_L14_047_A30_00_P60_00,eval_stationary_jonswap_H0_270_L14_047_A30_00_P60_00_307-1009-1901
records/eval_stationary_jonswap_H1_500_L50_710_A_30_00_P120_00_307-1009-1901.csv,JONSWAP,1.5,eval,307-1009-1901,stationary,stationary_jonswap_H1_500_L50_710_A_30_00_P120_00,eval_stationary_jonswap_H1_500_L50_710_A_30_00_P120_00_307-1009-1901
records/eval_stationary_jonswap_H4_000_L112_766_A30_00_P30_00_307-1009-1901.csv,JONSWAP,4,eval,307-1009-1901,stationary,stationary_jonswap_H4_000_L112_766_A30_00_P30_00,eval_stationary_jonswap_H4_000_L112_766_A30_00_P30_00_307-1009-1901
records/eval_stationary_jonswap_H8_500_L202_839_A_30_00_P72_00_307-1009-1901.csv,JONSWAP,8.5,eval,307-1009-1901,stationary,stationary_jonswap_H8_500_L202_839_A_30_00_P72_00,eval_stationary_jonswap_H8_500_L202_839_A_30_00_P72_00_307-1009-1901
records/eval_stationary_pmstokes_H0_270_L14_047_A30_00_P60_00_307-1009-1901.csv,PM-Stokes,0.270000011,eval,307-1009-1901,stationary,stationary_pmstokes_H0_270_L14_047_A30_00_P60_00,eval_stationary_pmstokes_H0_270_L14_047_A30_00_P60_00_307-1009-1901
records/eval_stationary_pmstokes_H1_500_L50_710_A_30_00_P120_00_307-1009-1901.csv,PM-Stokes,1.5,eval,307-1009-1901,stationary,stationary_pmstokes_H1_500_L50_710_A_30_00_P120_00,eval_stationary_pmstokes_H1_500_L50_710_A_30_00_P120_00_307-1009-1901
records/eval_stationary_pmstokes_H4_000_L112_766_A30_00_P30_00_307-1009-1901.csv,PM-Stokes,4,eval,307-1009-1901,stationary,stationary_pmstokes_H4_000_L112_766_A30_00_P30_00,eval_stationary_pmstokes_H4_000_L112_766_A30_00_P30_00_307-1009-1901
records/eval_stationary_pmstokes_H8_500_L202_839_A_30_00_P72_00_307-1009-1901.csv,PM-Stokes,8.5,eval,307-1009-1901,stationary,stationary_pmstokes_H8_500_L202_839_A_30_00_P72_00,eval_stationary_pmstokes_H8_500_L202_839_A_30_00_P72_00_307-1009-1901
records/eval_crossfade_307-1009-1901.csv,Crossfade,4,eval,307-1009-1901,crossfade,nonstationary_H1_5_to_H4_0_Tp5_7_to_11_4,eval_crossfade_307-1009-1901
records/eval_lowhighlow_307-1009-1901.csv,LowHighLow,4,eval,307-1009-1901,lowhighlow,roundtrip_H1_5_H4_0_H1_5,eval_lowhighlow_307-1009-1901
records/eval_lowmotion_307-1009-1901.csv,JONSWAP,0.0500000007,eval,307-1009-1901,low_motion,low_motion_H0_050,eval_lowmotion_307-1009-1901
records/eval_ramp_307-1009-1901.csv,Crossfade,4,eval,307-1009-1901,ramp,rapid_H1_5_to_H4_0,eval_ramp_307-1009-1901
records/dev_stationary_jonswap_H0_270_L14_047_A30_00_P60_00_default.csv,JONSWAP,0.270000011,dev,draw-default,dev,stationary_jonswap_H0_270_L14_047_A30_00_P60_00,dev_stationary_jonswap_H0_270_L14_047_A30_00_P60_00_default
records/dev_stationary_jonswap_H1_500_L50_710_A_30_00_P120_00_default.csv,JONSWAP,1.5,dev,draw-default,dev,stationary_jonswap_H1_500_L50_710_A_30_00_P120_00,dev_stationary_jonswap_H1_500_L50_710_A_30_00_P120_00_default
records/dev_stationary_jonswap_H4_000_L112_766_A30_00_P30_00_default.csv,JONSWAP,4,dev,draw-default,dev,stationary_jonswap_H4_000_L112_766_A30_00_P30_00,dev_stationary_jonswap_H4_000_L112_766_A30_00_P30_00_default
records/dev_stationary_jonswap_H8_500_L202_839_A_30_00_P72_00_default.csv,JONSWAP,8.5,dev,draw-default,dev,stationary_jonswap_H8_500_L202_839_A_30_00_P72_00,dev_stationary_jonswap_H8_500_L202_839_A_30_00_P72_00_default
records/dev_stationary_pmstokes_H0_270_L14_047_A30_00_P60_00_default.csv,PM-Stokes,0.270000011,dev,draw-default,dev,stationary_pmstokes_H0_270_L14_047_A30_00_P60_00,dev_stationary_pmstokes_H0_270_L14_047_A30_00_P60_00_default
records/dev_stationary_pmstokes_H1_500_L50_710_A_30_00_P120_00_default.csv,PM-Stokes,1.5,dev,draw-default,dev,stationary_pmstokes_H1_500_L50_710_A_30_00_P120_00,dev_stationary_pmstokes_H1_500_L50_710_A_30_00_P120_00_default
records/dev_stationary_pmstokes_H4_000_L112_766_A30_00_P30_00_default.csv,PM-Stokes,4,dev,draw-default,dev,stationary_pmstokes_H4_000_L112_766_A30_00_P30_00,dev_stationary_pmstokes_H4_000_L112_766_A30_00_P30_00_default
records/dev_stationary_pmstokes_H8_500_L202_839_A_30_00_P72_00_default.csv,PM-Stokes,8.5,dev,draw-default,dev,stationary_pmstokes_H8_500_L202_839_A_30_00_P72_00,dev_stationary_pmstokes_H8_500_L202_839_A_30_00_P72_00_default
records/dev_stationary_jonswap_H0_270_L14_047_A30_00_P60_00_11.csv,JONSWAP,0.270000011,dev,draw-11,dev,stationary_jonswap_H0_270_L14_047_A30_00_P60_00,dev_stationary_jonswap_H0_270_L14_047_A30_00_P60_00_11
records/dev_stationary_jonswap_H1_500_L50_710_A_30_00_P120_00_11.csv,JONSWAP,1.5,dev,draw-11,dev,stationary_jonswap_H1_500_L50_710_A_30_00_P120_00,dev_stationary_jonswap_H1_500_L50_710_A_30_00_P120_00_11
records/dev_stationary_jonswap_H4_000_L112_766_A30_00_P30_00_11.csv,JONSWAP,4,dev,draw-11,dev,stationary_jonswap_H4_000_L112_766_A30_00_P30_00,dev_stationary_jonswap_H4_000_L112_766_A30_00_P30_00_11
records/dev_stationary_jonswap_H8_500_L202_839_A_30_00_P72_00_11.csv,JONSWAP,8.5,dev,draw-11,dev,stationary_jonswap_H8_500_L202_839_A_30_00_P72_00,dev_stationary_jonswap_H8_500_L202_839_A_30_00_P72_00_11
records/dev_stationary_pmstokes_H0_270_L14_047_A30_00_P60_00_11.csv,PM-Stokes,0.270000011,dev,draw-11,dev,stationary_pmstokes_H0_270_L14_047_A30_00_P60_00,dev_stationary_pmstokes_H0_270_L14_047_A30_00_P60_00_11
records/dev_stationary_pmstokes_H1_500_L50_710_A_30_00_P120_00_11.csv,PM-Stokes,1.5,dev,draw-11,dev,stationary_pmstokes_H1_500_L50_710_A_30_00_P120_00,dev_stationary_pmstokes_H1_500_L50_710_A_30_00_P120_00_11
records/dev_stationary_pmstokes_H4_000_L112_766_A30_00_P30_00_11.csv,PM-Stokes,4,dev,draw-11,dev,stationary_pmstokes_H4_000_L112_766_A30_00_P30_00,dev_stationary_pmstokes_H4_000_L112_766_A30_00_P30_00_11
records/dev_stationary_pmstokes_H8_500_L202_839_A_30_00_P72_00_11.csv,PM-Stokes,8.5,dev,draw-11,dev,stationary_pmstokes_H8_500_L202_839_A_30_00_P72_00,dev_stationary_pmstokes_H8_500_L202_839_A_30_00_P72_00_11
records/dev_stationary_jonswap_H0_270_L14_047_A30_00_P60_00_23.csv,JONSWAP,0.270000011,dev,draw-23,dev,stationary_jonswap_H0_270_L14_047_A30_00_P60_00,dev_stationary_jonswap_H0_270_L14_047_A30_00_P60_00_23
records/dev_stationary_jonswap_H1_500_L50_710_A_30_00_P120_00_23.csv,JONSWAP,1.5,dev,draw-23,dev,stationary_jonswap_H1_500_L50_710_A_30_00_P120_00,dev_stationary_jonswap_H1_500_L50_710_A_30_00_P120_00_23
records/dev_stationary_jonswap_H4_000_L112_766_A30_00_P30_00_23.csv,JONSWAP,4,dev,draw-23,dev,stationary_jonswap_H4_000_L112_766_A30_00_P30_00,dev_stationary_jonswap_H4_000_L112_766_A30_00_P30_00_23
records/dev_stationary_jonswap_H8_500_L202_839_A_30_00_P72_00_23.csv,JONSWAP,8.5,dev,draw-23,dev,stationary_jonswap_H8_500_L202_839_A_30_00_P72_00,dev_stationary_jonswap_H8_500_L202_839_A_30_00_P72_00_23
records/dev_stationary_pmstokes_H0_270_L14_047_A30_00_P60_00_23.csv,PM-Stokes,0.270000011,dev,draw-23,dev,stationary_pmstokes_H0_270_L14_047_A30_00_P60_00,dev_stationary_pmstokes_H0_270_L14_047_A30_00_P60_00_23
records/dev_stationary_pmstokes_H1_500_L50_710_A_30_00_P120_00_23.csv,PM-Stokes,1.5,dev,draw-23,dev,stationary_pmstokes_H1_500_L50_710_A_30_00_P120_00,dev_stationary_pmstokes_H1_500_L50_710_A_30_00_P120_00_23
records/dev_stationary_pmstokes_H4_000_L112_766_A30_00_P30_00_23.csv,PM-Stokes,4,dev,draw-23,dev,stationary_pmstokes_H4_000_L112_766_A30_00_P30_00,dev_stationary_pmstokes_H4_000_L112_766_A30_00_P30_00_23
records/dev_stationary_pmstokes_H8_500_L202_839_A_30_00_P72_00_23.csv,PM-Stokes,8.5,dev,draw-23,dev,stationary_pmstokes_H8_500_L202_839_A_30_00_P72_00,dev_stationary_pmstokes_H8_500_L202_839_A_30_00_P72_00_23
records/dev_stationary_jonswap_H0_270_L14_047_A30_00_P60_00_61001.csv,JONSWAP,0.270000011,dev,draw-61001,dev,stationary_jonswap_H0_270_L14_047_A30_00_P60_00,dev_stationary_jonswap_H0_270_L14_047_A30_00_P60_00_61001
records/dev_stationary_jonswap_H1_500_L50_710_A_30_00_P120_00_61001.csv,JONSWAP,1.5,dev,draw-61001,dev,stationary_jonswap_H1_500_L50_710_A_30_00_P120_00,dev_stationary_jonswap_H1_500_L50_710_A_30_00_P120_00_61001
records/dev_stationary_jonswap_H4_000_L112_766_A30_00_P30_00_61001.csv,JONSWAP,4,dev,draw-61001,dev,stationary_jonswap_H4_000_L112_766_A30_00_P30_00,dev_stationary_jonswap_H4_000_L112_766_A30_00_P30_00_61001
records/dev_stationary_jonswap_H8_500_L202_839_A_30_00_P72_00_61001.csv,JONSWAP,8.5,dev,draw-61001,dev,stationary_jonswap_H8_500_L202_839_A_30_00_P72_00,dev_stationary_jonswap_H8_500_L202_839_A_30_00_P72_00_61001
records/dev_stationary_pmstokes_H0_270_L14_047_A30_00_P60_00_61001.csv,PM-Stokes,0.270000011,dev,draw-61001,dev,stationary_pmstokes_H0_270_L14_047_A30_00_P60_00,dev_stationary_pmstokes_H0_270_L14_047_A30_00_P60_00_61001
records/dev_stationary_pmstokes_H1_500_L50_710_A_30_00_P120_00_61001.csv,PM-Stokes,1.5,dev,draw-61001,dev,stationary_pmstokes_H1_500_L50_710_A_30_00_P120_00,dev_stationary_pmstokes_H1_500_L50_710_A_30_00_P120_00_61001
records/dev_stationary_pmstokes_H4_000_L112_766_A30_00_P30_00_61001.csv,PM-Stokes,4,dev,draw-61001,dev,stationary_pmstokes_H4_000_L112_766_A30_00_P30_00,dev_stationary_pmstokes_H4_000_L112_766_A30_00_P30_00_61001
records/dev_stationary_pmstokes_H8_500_L202_839_A_30_00_P72_00_61001.csv,PM-Stokes,8.5,dev,draw-61001,dev,stationary_pmstokes_H8_500_L202_839_A_30_00_P72_00,dev_stationary_pmstokes_H8_500_L202_839_A_30_00_P72_00_61001
records/dev_stationary_jonswap_H0_270_L14_047_A30_00_P60_00_62003.csv,JONSWAP,0.270000011,dev,draw-62003,dev,stationary_jonswap_H0_270_L14_047_A30_00_P60_00,dev_stationary_jonswap_H0_270_L14_047_A30_00_P60_00_62003
records/dev_stationary_jonswap_H1_500_L50_710_A_30_00_P120_00_62003.csv,JONSWAP,1.5,dev,draw-62003,dev,stationary_jonswap_H1_500_L50_710_A_30_00_P120_00,dev_stationary_jonswap_H1_500_L50_710_A_30_00_P120_00_62003
records/dev_stationary_jonswap_H4_000_L112_766_A30_00_P30_00_62003.csv,JONSWAP,4,dev,draw-62003,dev,stationary_jonswap_H4_000_L112_766_A30_00_P30_00,dev_stationary_jonswap_H4_000_L112_766_A30_00_P30_00_62003
records/dev_stationary_jonswap_H8_500_L202_839_A_30_00_P72_00_62003.csv,JONSWAP,8.5,dev,draw-62003,dev,stationary_jonswap_H8_500_L202_839_A_30_00_P72_00,dev_stationary_jonswap_H8_500_L202_839_A_30_00_P72_00_62003
records/dev_stationary_pmstokes_H0_270_L14_047_A30_00_P60_00_62003.csv,PM-Stokes,0.270000011,dev,draw-62003,dev,stationary_pmstokes_H0_270_L14_047_A30_00_P60_00,dev_stationary_pmstokes_H0_270_L14_047_A30_00_P60_00_62003
records/dev_stationary_pmstokes_H1_500_L50_710_A_30_00_P120_00_62003.csv,PM-Stokes,1.5,dev,draw-62003,dev,stationary_pmstokes_H1_500_L50_710_A_30_00_P120_00,dev_stationary_pmstokes_H1_500_L50_710_A_30_00_P120_00_62003
records/dev_stationary_pmstokes_H4_000_L112_766_A30_00_P30_00_62003.csv,PM-Stokes,4,dev,draw-62003,dev,stationary_pmstokes_H4_000_L112_766_A30_00_P30_00,dev_stationary_pmstokes_H4_000_L112_766_A30_00_P30_00_62003
records/dev_stationary_pmstokes_H8_500_L202_839_A_30_00_P72_00_62003.csv,PM-Stokes,8.5,dev,draw-62003,dev,stationary_pmstokes_H8_500_L202_839_A_30_00_P72_00,dev_stationary_pmstokes_H8_500_L202_839_A_30_00_P72_00_62003
records/default_stationary_jonswap_H0_270_L14_047_A30_00_P60_00.csv,JONSWAP,0.270000011,eval,default,default_draw,stationary_jonswap_H0_270_L14_047_A30_00_P60_00,default_stationary_jonswap_H0_270_L14_047_A30_00_P60_00
records/noisefree_stationary_jonswap_H0_270_L14_047_A30_00_P60_00.csv,JONSWAP,0.270000011,eval,no-noise,noise_free,stationary_jonswap_H0_270_L14_047_A30_00_P60_00,noisefree_stationary_jonswap_H0_270_L14_047_A30_00_P60_00
records/engine_stationary_jonswap_H0_270_L14_047_A30_00_P60_00.csv,JONSWAP,0.270000011,eval,default,engine,stationary_jonswap_H0_270_L14_047_A30_00_P60_00,engine_stationary_jonswap_H0_270_L14_047_A30_00_P60_00
records/default_stationary_jonswap_H1_500_L50_710_A_30_00_P120_00.csv,JONSWAP,1.5,eval,default,default_draw,stationary_jonswap_H1_500_L50_710_A_30_00_P120_00,default_stationary_jonswap_H1_500_L50_710_A_30_00_P120_00
records/noisefree_stationary_jonswap_H1_500_L50_710_A_30_00_P120_00.csv,JONSWAP,1.5,eval,no-noise,noise_free,stationary_jonswap_H1_500_L50_710_A_30_00_P120_00,noisefree_stationary_jonswap_H1_500_L50_710_A_30_00_P120_00
records/engine_stationary_jonswap_H1_500_L50_710_A_30_00_P120_00.csv,JONSWAP,1.5,eval,default,engine,stationary_jonswap_H1_500_L50_710_A_30_00_P120_00,engine_stationary_jonswap_H1_500_L50_710_A_30_00_P120_00
records/default_stationary_jonswap_H4_000_L112_766_A30_00_P30_00.csv,JONSWAP,4,eval,default,default_draw,stationary_jonswap_H4_000_L112_766_A30_00_P30_00,default_stationary_jonswap_H4_000_L112_766_A30_00_P30_00
records/noisefree_stationary_jonswap_H4_000_L112_766_A30_00_P30_00.csv,JONSWAP,4,eval,no-noise,noise_free,stationary_jonswap_H4_000_L112_766_A30_00_P30_00,noisefree_stationary_jonswap_H4_000_L112_766_A30_00_P30_00
records/engine_stationary_jonswap_H4_000_L112_766_A30_00_P30_00.csv,JONSWAP,4,eval,default,engine,stationary_jonswap_H4_000_L112_766_A30_00_P30_00,engine_stationary_jonswap_H4_000_L112_766_A30_00_P30_00
records/default_stationary_jonswap_H8_500_L202_839_A_30_00_P72_00.csv,JONSWAP,8.5,eval,default,default_draw,stationary_jonswap_H8_500_L202_839_A_30_00_P72_00,default_stationary_jonswap_H8_500_L202_839_A_30_00_P72_00
records/noisefree_stationary_jonswap_H8_500_L202_839_A_30_00_P72_00.csv,JONSWAP,8.5,eval,no-noise,noise_free,stationary_jonswap_H8_500_L202_839_A_30_00_P72_00,noisefree_stationary_jonswap_H8_500_L202_839_A_30_00_P72_00
records/engine_stationary_jonswap_H8_500_L202_839_A_30_00_P72_00.csv,JONSWAP,8.5,eval,default,engine,stationary_jonswap_H8_500_L202_839_A_30_00_P72_00,engine_stationary_jonswap_H8_500_L202_839_A_30_00_P72_00
records/default_stationary_pmstokes_H0_270_L14_047_A30_00_P60_00.csv,PM-Stokes,0.270000011,eval,default,default_draw,stationary_pmstokes_H0_270_L14_047_A30_00_P60_00,default_stationary_pmstokes_H0_270_L14_047_A30_00_P60_00
records/noisefree_stationary_pmstokes_H0_270_L14_047_A30_00_P60_00.csv,PM-Stokes,0.270000011,eval,no-noise,noise_free,stationary_pmstokes_H0_270_L14_047_A30_00_P60_00,noisefree_stationary_pmstokes_H0_270_L14_047_A30_00_P60_00
records/engine_stationary_pmstokes_H0_270_L14_047_A30_00_P60_00.csv,PM-Stokes,0.270000011,eval,default,engine,stationary_pmstokes_H0_270_L14_047_A30_00_P60_00,engine_stationary_pmstokes_H0_270_L14_047_A30_00_P60_00
records/default_stationary_pmstokes_H1_500_L50_710_A_30_00_P120_00.csv,PM-Stokes,1.5,eval,default,default_draw,stationary_pmstokes_H1_500_L50_710_A_30_00_P120_00,default_stationary_pmstokes_H1_500_L50_710_A_30_00_P120_00
records/noisefree_stationary_pmstokes_H1_500_L50_710_A_30_00_P120_00.csv,PM-Stokes,1.5,eval,no-noise,noise_free,stationary_pmstokes_H1_500_L50_710_A_30_00_P120_00,noisefree_stationary_pmstokes_H1_500_L50_710_A_30_00_P120_00
records/engine_stationary_pmstokes_H1_500_L50_710_A_30_00_P120_00.csv,PM-Stokes,1.5,eval,default,engine,stationary_pmstokes_H1_500_L50_710_A_30_00_P120_00,engine_stationary_pmstokes_H1_500_L50_710_A_30_00_P120_00
records/default_stationary_pmstokes_H4_000_L112_766_A30_00_P30_00.csv,PM-Stokes,4,eval,default,default_draw,stationary_pmstokes_H4_000_L112_766_A30_00_P30_00,default_stationary_pmstokes_H4_000_L112_766_A30_00_P30_00
records/noisefree_stationary_pmstokes_H4_000_L112_766_A30_00_P30_00.csv,PM-Stokes,4,eval,no-noise,noise_free,stationary_pmstokes_H4_000_L112_766_A30_00_P30_00,noisefree_stationary_pmstokes_H4_000_L112_766_A30_00_P30_00
records/engine_stationary_pmstokes_H4_000_L112_766_A30_00_P30_00.csv,PM-Stokes,4,eval,default,engine,stationary_pmstokes_H4_000_L112_766_A30_00_P30_00,engine_stationary_pmstokes_H4_000_L112_766_A30_00_P30_00
records/default_stationary_pmstokes_H8_500_L202_839_A_30_00_P72_00.csv,PM-Stokes,8.5,eval,default,default_draw,stationary_pmstokes_H8_500_L202_839_A_30_00_P72_00,default_stationary_pmstokes_H8_500_L202_839_A_30_00_P72_00
records/noisefree_stationary_pmstokes_H8_500_L202_839_A_30_00_P72_00.csv,PM-Stokes,8.5,eval,no-noise,noise_free,stationary_pmstokes_H8_500_L202_839_A_30_00_P72_00,noisefree_stationary_pmstokes_H8_500_L202_839_A_30_00_P72_00
records/engine_stationary_pmstokes_H8_500_L202_839_A_30_00_P72_00.csv,PM-Stokes,8.5,eval,default,engine,stationary_pmstokes_H8_500_L202_839_A_30_00_P72_00,engine_stationary_pmstokes_H8_500_L202_839_A_30_00_P72_00
