family,arm,label,rpm,level_mps2,bandwidth_hz,hull_rms_mps2,recorded_rms_mps2,firing_hz,blade_hz,vre_offset_mps2,records,disp_x_rms_m,disp_y_rms_m,disp_z_rms_m,disp_3d_rms_m,roll_rms_deg,pitch_rms_deg,yaw_rms_deg,accel_bias_3d_rms_mps2,gyro_bias_3d_rms_radps,disp_x_mean_m,disp_y_mean_m,disp_z_mean_m,roll_mean_deg,pitch_mean_deg,yaw_mean_deg,disp_z_ref_rms_m,disp_z_pct_refrms,disp_3d_ratio_to_baseline,disp_z_ratio_to_baseline,pitch_ratio_to_baseline,yaw_ratio_to_baseline
OU-II,baseline,engine off,0.0,0.0,nan,0.0,0.0,0.0,0.0,0.0,8,0.33967078430350994,0.23674068026629677,0.2890068212753403,0.5049230896314559,0.1903099300602231,0.17944484723792634,0.5879263794159089,0.043722843250287684,0.00011887325978067225,0.03614123064147232,0.020219509707223457,0.0016662067622887533,0.1628544279320887,0.17128444239978893,0.5085556454109424,1.2154712712291358,23.77734695309453,1.0,1.0,1.0,1.0
OU-II,speed,speed 800 rpm,800.0,0.6,80.0,0.381445,0.375112,20.0,15.3846,9.43957e-06,8,1.59097362045709,1.5226503683116548,0.4141563071168918,2.2408004193715088,2.31228178685952,1.652975666293151,104.01911784096846,0.44488710952577176,0.11071584792624967,0.28676287406509127,0.7199095695039139,0.19747426975932672,2.2540530921236694,1.5967651939210679,102.39254554654183,1.2154712712291358,34.07372242521861,4.4379044361133735,1.4330329827139965,9.21160842306866,176.9254135939759
OU-II,speed,speed 1200 rpm,1200.0,0.6,80.0,0.41992,0.394336,30.0,23.0769,1.14399e-05,8,2.648833712047973,2.531567723445211,0.6314209550861101,3.718043469267145,2.047199212606333,2.4208655409001283,103.81070679531544,0.4788223526674358,0.13220334630387637,0.31429272051281115,0.7641215138459208,0.49130549720886846,2.002884212775765,2.386915702025732,99.79593532167728,1.2154712712291358,51.9486531711762,7.363583772690906,2.184796027649976,13.490861276670135,176.5709286568311
OU-II,speed,speed 1600 rpm,1600.0,0.6,80.0,0.442537,0.380973,40.0,30.7692,1.27054e-05,8,3.9756387085670606,3.896912301496581,0.8680655838586461,5.6342849146015705,2.2767049052646944,2.8326470581308976,103.82632885565337,0.4921791457807648,0.14443641578399116,0.24735721359087995,0.6896916015777912,0.7585075589826008,2.207837897377501,2.789277849955687,85.58559350937902,1.2154712712291358,71.41802561740694,11.158699275792761,3.00361624693844,15.785613806871169,176.59750011353873
OU-II,speed,speed 2000 rpm,2000.0,0.6,80.0,0.512922,0.410564,50.0,38.4615,1.70683e-05,8,6.732790474985563,6.799904321048281,2.041315938946053,9.784484707908012,4.168291334721554,3.2797955964861036,103.80133123065441,0.49310795792607043,0.2545417675900467,0.4248918071291411,0.34720901488366845,1.7924130314016782,3.9247275996257085,3.132641338682711,102.52155031884942,1.2154712712291358,167.94440043669547,19.378168495027076,7.063210238215335,18.277457653255517,176.55498182234757
OU-II,speed,speed 2400 rpm,2400.0,0.6,80.0,0.6,0.454334,60.0,46.1538,2.33556e-05,8,8.922497095407016,9.045048955045381,3.900113193008525,13.290400602894794,6.380053232495095,2.590000660716144,103.80872003534618,0.47906025617055725,0.2513950098304235,0.45973473169501006,0.22761137417250865,3.37202031599309,6.000944930344534,2.309549058947931,106.60642342332899,1.2154712712291358,320.87251137285756,26.321633682063293,13.494882839781972,14.43340781628606,176.5675493902446
OU-II,speed,speed 2800 rpm,2800.0,0.6,80.0,0.698617,0.506742,70.0,53.8462,3.16641e-05,8,9.733672815573096,10.03256164384965,4.830760081119624,14.789622293185525,7.2400205749923074,1.3867742087634758,103.8790257722288,0.4698140151577664,0.25260128955942623,0.41769295102238124,0.5179078260708277,4.163893299942642,6.869462624266238,0.6160251069733595,87.41502550244607,1.2154712712291358,397.4392645442418,29.29084170815102,16.715038281111365,7.728136138257281,176.68713194231935
OU-II,speed,speed 3200 rpm,3200.0,0.6,80.0,0.807673,0.565733,80.0,61.5385,4.23214e-05,8,10.627146440955272,10.409201179456884,4.181942830179457,15.452389755326264,6.064704877811289,2.5478317352406368,104.01294468059449,0.46153739429058455,0.2190057111057115,0.39322037355382483,0.6354724711096239,3.7093272086746616,5.840978490483232,2.182701648142497,101.16355523633553,1.2154712712291358,344.0593726209999,30.603452431943616,14.470048878864592,14.198411235862688,176.9149137072722
OU-II,level,level 0.15 m/s^2,2400.0,0.15,80.0,0.15,0.113583,60.0,46.1538,1.45972e-06,8,0.5060390063608784,0.5463270147067425,0.2851480617720302,0.7974071040728822,0.7440600246520718,0.6132471102864695,65.12233706731307,0.16204254371844076,0.013215133682879016,0.1114494044552458,0.258115768802406,0.0022173663668689897,0.6174783076015135,0.5141033358613407,74.58802380654602,1.2154712712291358,23.45987671791506,1.5792644869041554,0.9866482061347827,3.41746848530771,110.76614240716769
OU-II,level,level 0.30 m/s^2,2400.0,0.3,80.0,0.3,0.227167,60.0,46.1538,5.8389e-06,8,1.7140544619827034,1.6728414198281165,0.4404686009554395,2.4352399272653504,1.6908706929771444,1.977767836833139,104.34856350390017,0.3918390832810583,0.11075228784443489,0.2820691789698374,0.5213267214651578,0.19963672533150653,1.5562164987781066,1.8626997017978055,96.06881393501806,1.2154712712291358,36.23850364723298,4.822991812560672,1.5240768332447066,11.021591688340942,177.48576549255714
OU-II,level,level 1.20 m/s^2,2400.0,1.2,80.0,1.2,0.908668,60.0,46.1538,9.34224e-05,8,48.120828726937255,50.14311980907858,110.20321329923975,130.28696605013727,25.705820208427625,5.946744394490159,103.89980929688772,0.4602564477793725,0.4662288084189617,3.146731009771321,4.333858125597928,101.76787266067267,24.98506700560062,3.8321055170287397,118.69565461689069,1.2154712712291358,9066.70654484475,258.03329007044204,381.3169973391314,33.13967765597279,176.72248249876074
OU-II,level,level 2.40 m/s^2,2400.0,2.4,80.0,2.4,1.81734,60.0,46.1538,0.000373689,8,46.66693695149874,44.75804372487201,243.87880465670588,252.30528277197283,40.45272305420524,19.150752920272755,103.72566952981914,0.45444407419521854,0.49983770393646193,4.266141256670649,8.12447575980624,236.45764312104683,35.104924941670106,15.785811089397138,126.7531900362956,1.2154712712291358,20064.547013940144,499.690523077744,843.8513789415358,106.7222225382751,176.42628934743186
OU-II,bandwidth,bandwidth 20 Hz,2400.0,0.6,20.0,0.6,0.186454,60.0,46.1538,2.33556e-05,8,0.5466044180717088,0.42431066621576347,0.2835819805582417,0.7478199795105319,0.5590940171058859,1.4506512823559958,34.12513219370114,0.2619551932923372,0.001431478850937759,0.34913334830453374,0.19901757804512368,0.00644860152357592,0.5026831013682258,1.3106241722431793,31.75478744208142,1.2154712712291358,23.33103112107879,1.4810572042890071,0.9812293678981013,8.084106647167049,58.04320640894471
OU-II,bandwidth,bandwidth 40 Hz,2400.0,0.6,40.0,0.6,0.293871,60.0,46.1538,2.33556e-05,8,1.6095789178708304,1.5035743717611576,0.39645257231725395,2.2380024280376754,2.377773598822017,0.9451417165066544,104.62717466031519,0.39475309545047615,0.11361334736865046,0.2897244542869493,0.5821320790697614,0.1563315494233903,2.231953645365099,0.8005426091702816,115.08488453230598,1.2154712712291358,32.61718986713231,4.432363015268715,1.3717758306457024,5.26703179865337,177.95965332302293
OU-II,bandwidth,bandwidth 160 Hz,2400.0,0.6,160.0,0.6,0.603447,60.0,46.1538,2.33556e-05,8,7.760350567543585,7.974771559165271,2.4416945820979428,11.392185699404239,5.859837851668492,1.6712860092425852,104.058773115458,0.4581626066215953,0.26430704147392153,0.3518402319060847,0.8049240393066192,1.9328015763194997,5.487778024951134,0.9878423003228226,108.0935838653281,1.2154712712291358,200.8845984182578,22.562219738692107,8.448570768410033,9.313647256901298,176.99286298199098
OU-II,path,accelerometer only,2400.0,0.6,80.0,0.6,0.454334,60.0,46.1538,2.33556e-05,8,8.918387657653586,9.051214959097122,3.9009741040003134,13.292092923990454,6.380771732463477,2.589411511858273,103.80591772761262,0.47906480660605616,0.25140198030446836,0.4568728391018219,0.22972329288103602,3.3729609733410197,6.001700723839998,2.3089314648568933,106.57178307594181,1.2154712712291358,320.94334077147573,26.324985323393253,13.497861700239277,14.43012464116602,176.56278296398503
OU-II,matched,matched 20 Hz,2400.0,1.4620249498535833,20.0,1.46202,0.454335,60.0,46.1538,0.000138675,8,1.1378983780025755,1.2108456907253475,0.29755929205197573,1.6880466953659898,1.449643347540058,1.514806985363568,103.91272521862778,0.3249005348657053,0.1388508028140177,0.26003144242849435,0.7298193674937132,0.029604453327947765,1.366894163512063,1.404073642928249,102.1742329336642,1.2154712712291358,24.480981089011774,3.343175881693383,1.0295926260110222,8.441629886173782,176.74445110264085
OU-II,matched,matched 40 Hz,2400.0,0.9276192615127047,40.0,0.927619,0.454334,60.0,46.1538,5.58249e-05,8,4.732563874505015,4.763792830361596,1.2073122605285886,6.822645038763228,3.979996355781371,1.0523406699959532,103.94236055428647,0.4632663982038664,0.19269668279374036,0.534572271041663,0.35340868953747195,1.01502251073923,3.8384057055275393,0.690159328403074,94.40288267144841,1.2154712712291358,99.3287368534596,13.51224608037451,4.177452473962086,5.86442400656204,176.79485764450777
OU-II,matched,matched 160 Hz,2400.0,0.45173876081909436,160.0,0.451739,0.454334,60.0,46.1538,1.32392e-05,8,3.799137027424051,3.5198361437827725,0.9498767144509803,5.265449070720867,3.3885080584950886,1.441635836473238,103.89389248187315,0.41940255251999864,0.1971641351034394,0.3738117260027102,0.23720366576562046,0.6149495328331269,3.1491178178548895,1.1171366203769624,101.50533273562735,1.2154712712291358,78.14884127128936,10.428220017753842,3.286693062327485,8.033865885052524,176.71241862814406
OU-III,baseline,engine off,0.0,0.0,nan,0.0,0.0,0.0,0.0,0.0,8,0.2889280453994083,0.21949314359397853,0.17923452487730582,0.40469948275031653,0.2583140232880675,0.12930862155197986,0.5135425722268958,0.04804544569209105,0.00011767160048268386,0.03153542759022989,0.013762350856781087,0.007543092682620458,0.2240778797684374,0.11675919621637994,0.4328880813053811,1.2154712712291358,14.746093068580413,1.0,1.0,1.0,1.0
OU-III,speed,speed 800 rpm,800.0,0.6,80.0,0.381445,0.375112,20.0,15.3846,9.43957e-06,8,2.423211158666207,2.9588428051098665,0.7707947057530589,3.901387797350166,2.0767133968022726,2.073846958387651,99.29377698156523,0.3927064817201372,0.09298509482216104,0.16040410014124948,0.47258541951704336,0.6768559605176677,2.017778901900512,2.017113299328168,103.13010582643291,1.2154712712291358,63.415296107624066,9.640209497764955,4.300481206289374,16.037963544093618,193.35062437178973
OU-III,speed,speed 1200 rpm,1200.0,0.6,80.0,0.41992,0.394336,30.0,23.0769,1.14399e-05,8,4.8635949311865305,6.021896035483774,1.3529714875523071,7.8580096706738285,2.1291736892813002,3.137393514507384,91.98765245569362,0.3936349573412443,0.12414774953485314,0.12288213616777681,0.36511089348013925,1.2949581914266757,2.017749729480781,3.081747262598507,67.21240036739476,1.2154712712291358,111.31250236660266,19.416900701901582,7.548609780835905,24.262833188166077,179.12371326257096
OU-III,speed,speed 1600 rpm,1600.0,0.6,80.0,0.442537,0.380973,40.0,30.7692,1.27054e-05,8,8.363926901404259,9.404747753290811,2.163148948876172,12.770425528400402,3.026151890819544,3.6403341645577587,90.28033496958028,0.39996983905937394,0.1412428637933135,0.1455042044261516,0.2930099960085584,2.057149212725453,2.8444616599960337,3.5640807737645366,82.57432924239968,1.2154712712291358,177.9679207628416,31.55532950428614,12.068818495526717,28.152292715411914,175.7991252372592
OU-III,speed,speed 2000 rpm,2000.0,0.6,80.0,0.512922,0.410564,50.0,38.4615,1.70683e-05,8,11.833243144461987,13.107991318469487,4.361193500461339,18.18969682687205,5.462776657705066,3.432473047703827,90.65521164254686,0.39299994660071214,0.21827591020226272,0.11742370980472235,0.42789053740558136,3.9368244551742397,5.152154938542576,3.2200729452305485,81.31281708764948,1.2154712712291358,358.80679401423583,44.94618254329317,24.33232940722093,26.54481198938488,176.52910692376472
OU-III,speed,speed 2400 rpm,2400.0,0.6,80.0,0.6,0.454334,60.0,46.1538,2.33556e-05,8,13.427100639969087,13.64670365667096,4.864452228872019,19.753036184255194,6.403553150912777,1.9236375084862787,90.30380556440352,0.3812215042775211,0.23248778662314082,0.40926147103453714,0.2570739241215366,4.367366711978113,6.072218647622302,1.3897068367466745,95.6357900358862,1.2154712712291358,400.21120564642223,48.80914611013237,27.140151888716517,14.876328317466513,175.8448285461815
OU-III,speed,speed 2800 rpm,2800.0,0.6,80.0,0.698617,0.506742,70.0,53.8462,3.16641e-05,8,12.342362891503777,13.927089763681387,4.870153023082986,19.235803131855107,6.206031673336693,1.8202930368593602,90.41516974998083,0.36943622746293114,0.2144438886193243,0.21518671613263954,0.26162452375305245,4.326176376749506,5.925289834558776,1.0447362564745695,49.975393435596146,1.2154712712291358,400.6802248940102,47.531079113641546,27.17195822856577,14.07712041944267,176.06168337302555
OU-III,speed,speed 3200 rpm,3200.0,0.6,80.0,0.807673,0.565733,80.0,61.5385,4.23214e-05,8,13.37224147997007,14.295081265764598,5.740556027981236,20.399023797611136,6.29575621979986,3.8851946338355834,91.15471562767338,0.3616165118562982,0.23441978894582213,0.23968728100614028,0.2893282684050199,5.054186670292691,5.9969961881295655,3.395871678516114,97.81580730001124,1.2154712712291358,472.29055625281404,50.40536167474304,32.028182248430696,30.045905580037456,177.5017701695021
OU-III,level,level 0.15 m/s^2,2400.0,0.15,80.0,0.15,0.113583,60.0,46.1538,1.45972e-06,8,0.5921700443372376,0.722810775093664,0.26089244492864894,0.9701472375993188,0.6424861928564748,1.6485271773933254,49.192970933157724,0.2991347496669205,0.0016860008468377865,0.1746969815616089,0.24307899776219127,0.14125713965713618,0.49972842944671003,1.6018932426145953,47.044970321141605,1.2154712712291358,21.464303690602534,2.3972040463364293,1.4555925824404738,12.748780070558912,95.79141748626645
OU-III,level,level 0.30 m/s^2,2400.0,0.3,80.0,0.3,0.227167,60.0,46.1538,5.8389e-06,8,2.337093252928169,2.5488314595251627,0.6418120774642923,3.517167924391239,1.9652487889056616,1.8881606469787484,90.09300645531646,0.37693058238182714,0.11403746774570594,0.1536811183538601,0.32808493164338026,0.5160983516201606,1.8344565656627507,1.8014683464979335,98.3282918919735,1.2154712712291358,52.80355798251528,8.690813984956812,3.5808507200476125,14.601970265530516,175.43434824622707
OU-III,level,level 1.20 m/s^2,2400.0,1.2,80.0,1.2,0.908668,60.0,46.1538,9.34224e-05,8,46.829916544344236,50.02262152491944,83.61519559602476,108.1055236139151,24.27226496921127,21.600714805851123,104.31484991424593,0.36129676932142935,0.4342973013183416,6.479012801034549,3.120819207995283,79.40625209261054,20.292632366587206,18.73805637972251,124.85544706100086,1.2154712712291358,6879.240799453002,267.12543065099965,466.512775109947,167.04775402132026,203.12794996119044
OU-III,level,level 2.40 m/s^2,2400.0,2.4,80.0,2.4,1.81734,60.0,46.1538,0.000373689,8,38.928077702557594,41.956997699502075,171.5063384292053,180.8043365373802,38.43143083085712,27.903337600930055,103.8805902396267,0.36170248450643383,0.46516486136787366,7.713875186661684,3.1037216309398246,165.5998670165874,32.7240299816271,25.556720390418395,94.30956787700323,1.2154712712291358,14110.274959915003,446.76196596210946,956.8822666649139,215.78868652399476,202.28233423602063
OU-III,bandwidth,bandwidth 20 Hz,2400.0,0.6,20.0,0.6,0.186454,60.0,46.1538,2.33556e-05,8,0.5966503842518623,0.7194392792431016,0.3214190880306334,0.9883798712810907,1.4642611393628884,1.510855294487883,66.72055666156682,0.3534547629839854,0.016352353386035516,0.2747599867985307,0.2932948198100535,0.2230763743776739,1.3937512353427683,1.4175094513006465,81.1925341902168,1.2154712712291358,26.443988898692837,2.4422563245302733,1.7932878068589708,11.684103320833444,129.92215304028977
OU-III,bandwidth,bandwidth 40 Hz,2400.0,0.6,40.0,0.6,0.293871,60.0,46.1538,2.33556e-05,8,2.4139029328931856,2.6493959178312667,0.6614526754383346,3.644687322499995,2.5604354284777218,0.8023615601950816,90.20233684386615,0.3589607793657091,0.12716511539129463,0.15042106722835516,0.30098550492942266,0.5124144158649494,2.450084539319927,0.5452707618011982,91.43765783872637,1.2154712712291358,54.419441338950435,9.005910503593656,3.6904311593490657,6.205012090957492,175.64724274507182
OU-III,bandwidth,bandwidth 160 Hz,2400.0,0.6,160.0,0.6,0.603447,60.0,46.1538,2.33556e-05,8,14.195246976971564,14.653872441309908,5.024552519964348,21.011596039242097,6.508734603829368,1.8681764066487168,90.19811937188094,0.3756307352232562,0.24241685090077356,0.5757190198037812,0.17117690255960014,4.4743157208531095,6.158052085690026,1.1572443789336142,87.70003231603873,1.2154712712291358,413.3830752645687,51.919008881475186,28.03339659813801,14.447423414050869,175.63903023804068
OU-III,path,accelerometer only,2400.0,0.6,80.0,0.6,0.454334,60.0,46.1538,2.33556e-05,8,13.428319435175315,13.648701190458816,4.866435323022926,19.755732466886357,6.404860266055918,1.923290553403986,90.30497761363306,0.3812178959752071,0.2324820081641944,0.4044381673826986,0.26137302672738394,4.369023854808761,6.073507113965124,1.38918527330387,95.6834545836931,1.2154712712291358,400.3743599881041,48.81580854175407,27.151216130676957,14.873645162405941,175.84711082868915
OU-III,matched,matched 20 Hz,2400.0,1.4620249498535833,20.0,1.46202,0.454335,60.0,46.1538,0.000138675,8,1.6350491420479696,1.604375975427134,0.389999338991537,2.323683999838589,2.0874680692030663,0.9525490444768385,104.40874929811379,0.3342661106928876,0.12396961404562551,0.1924747117734845,0.41821691627659185,0.21888889138639833,1.9691358290960095,0.7644151867034543,92.90498265758099,1.2154712712291358,32.08626548590928,5.741751840271586,2.1759163825078303,7.366477447862438,203.31079630917807
OU-III,matched,matched 40 Hz,2400.0,0.9276192615127047,40.0,0.927619,0.454334,60.0,46.1538,5.58249e-05,8,7.95726976770636,8.213934817093829,2.314357922616561,11.668038676352232,4.374059902241108,1.4241120695600409,91.19893403937691,0.36663435817108897,0.19431352510132643,0.11794869379714257,0.18618944178695035,2.096155356052843,4.1799028495506505,0.8638735711590572,98.38908275189462,1.2154712712291358,190.40827845122038,28.83136542961916,12.912456036027905,11.013280108222112,177.58787483559
OU-III,matched,matched 160 Hz,2400.0,0.45173876081909436,160.0,0.451739,0.454334,60.0,46.1538,1.32392e-05,8,6.973811760787642,7.810770038464234,1.963114709286309,10.653450397932085,3.894578762094685,1.7811220925507472,90.05350058244518,0.3762252918785241,0.18545303893657197,0.0739611591939006,0.20626101221021859,1.7868100796170772,3.675415632935405,1.4886570773013985,86.21321332692109,1.2154712712291358,161.51058077260228,26.324348935491077,10.952771016801313,13.774194413129417,175.3574201101624
TFG,baseline,engine off,0.0,0.0,nan,0.0,0.0,0.0,0.0,0.0,8,0.29439243582948477,0.2179024656519416,0.1804831557162513,0.40831673710512223,0.29349970819442306,0.06258172500734717,0.5860237228988826,0.048949918368838434,0.00010438326530053667,0.028728105576061078,0.06132264885713757,0.007602988458868951,0.2563516210143815,0.030201775885101166,0.4869674410152695,1.2154712712291358,14.848821192930304,1.0,1.0,1.0,1.0
TFG,speed,speed 800 rpm,800.0,0.6,80.0,0.381445,0.375112,20.0,15.3846,9.43957e-06,8,0.6140860653862813,0.5934730112658002,0.2741645703512659,0.8969270454855678,4.400031422400009,5.496564736755149,57.40864130133853,1.1984394980682784,0.04660733183913649,0.3638470278537952,0.23573236889176663,0.014156135876694892,4.24798342033942,5.131779426845527,52.76035508541804,1.2154712712291358,22.55623615636914,2.1966453098263554,1.5190590460546742,87.83018902259158,97.96299886522561
TFG,speed,speed 1200 rpm,1200.0,0.6,80.0,0.41992,0.394336,30.0,23.0769,1.14399e-05,8,0.6645909261695013,0.6709079568454623,0.2627077806269241,0.9802112014594593,8.280208543975403,4.631484291921397,61.04254018580571,1.6106046069846756,0.0356191982712177,0.26396648776850395,0.32139670543434573,0.01318177041646388,8.054091160140432,3.2466194960460606,65.25098639946201,1.2154712712291358,21.613656105690012,2.4006147982297903,1.4555806029895846,74.00697713873586,104.1639404695883
TFG,speed,speed 1600 rpm,1600.0,0.6,80.0,0.442537,0.380973,40.0,30.7692,1.27054e-05,8,0.9573139563211069,0.7682051205109488,0.26817115380700024,1.2563856285041086,9.620750922891652,6.797322861129058,69.35793209168699,1.9894112888038729,0.0016325333188094502,0.3901652911674468,0.31362357230668164,0.020044971310201266,8.155756603283251,5.566686507828147,67.45441706517444,1.2154712712291358,22.063142104199162,3.0769878242356956,1.4858514233240063,108.61514060743842,118.35345461544495
TFG,speed,speed 2000 rpm,2000.0,0.6,80.0,0.512922,0.410564,50.0,38.4615,1.70683e-05,8,4.290215284602458,9.513952418968861,0.482124437112079,10.447664140252693,13.162087196222103,9.823823695325892,97.51151266432491,2.7695362100849104,0.06383879190921327,3.6862569388955793,9.054162621330397,0.0860640813118094,11.219463641433405,7.3395850154016955,75.34692007233025,1.2154712712291358,39.66563821985973,25.58715622172234,2.6712987990417045,156.97591739717248,166.39516260871636
TFG,speed,speed 2400 rpm,2400.0,0.6,80.0,0.6,0.454334,60.0,46.1538,2.33556e-05,8,6.790550502337044,9.822647851624373,1.0014203238126094,11.98327349036144,10.31088850659131,7.71760682072081,104.31507065616232,2.126354325713262,0.2208456046286958,2.632090015076828,7.295621146964099,0.20614033817044886,9.607755389111308,6.417133323530342,85.3918179205088,1.2154712712291358,82.38946880249426,29.347985035637457,5.548552826652721,123.32045528969925,178.00485983766515
TFG,speed,speed 2800 rpm,2800.0,0.6,80.0,0.698617,0.506742,70.0,53.8462,3.16641e-05,8,24.62768644560299,25.88795906768259,4.021555962540443,35.956670926440964,9.56026499696786,4.835972102839331,104.27079054325884,1.3884100249353242,0.40188392465936706,0.45209019296070324,7.928455830833679,1.950897000078374,8.352164172567997,2.492248615069226,100.94648570505036,1.2154712712291358,330.86392560094623,88.06073241416951,22.28216780995884,77.27450948773914,177.92929956395398
TFG,speed,speed 3200 rpm,3200.0,0.6,80.0,0.807673,0.565733,80.0,61.5385,4.23214e-05,8,45.24037558796744,43.231623016472525,8.05611297224196,63.09172445172346,15.733644562446766,9.106958976092892,104.20344592089982,2.2855098173876724,0.6096050791718322,9.198531679926017,9.674706955075727,1.4256167163168785,13.23340720400169,5.3816554790456825,123.24285637699276,1.2154712712291358,662.7974813501992,154.51662574262863,44.63637030431512,145.52106026198103,177.81438165239592
TFG,level,level 0.15 m/s^2,2400.0,0.15,80.0,0.15,0.113583,60.0,46.1538,1.45972e-06,8,0.46629357536093996,0.31320733621129315,0.1947258212776592,0.5945138122834046,0.7957369042153969,2.9880378656925783,9.672317634669238,0.5252710447637982,0.00011389235397886843,0.3302229608213031,0.0541467214860449,0.009723221734823848,0.597025121431686,2.7734654123440894,9.196508874386403,1.2154712712291358,16.020602533924492,1.4560113712173044,1.0789140986863044,47.746172949719416,16.504993324883163
TFG,level,level 0.30 m/s^2,2400.0,0.3,80.0,0.3,0.227167,60.0,46.1538,5.8389e-06,8,1.3641964677292455,0.5867814884960191,0.23078807764989087,1.502866431462871,3.733363725542331,8.650531217958447,33.36438118199612,1.593158234350579,0.0002228491442692718,1.1774334054993858,0.1118941497619848,0.027185202817108154,2.9427937256068435,8.243615206235683,32.15177667386268,1.2154712712291358,18.987538670207172,3.6806388151459832,1.278723638967877,138.2277528614442,56.9334992395062
TFG,level,level 1.20 m/s^2,2400.0,1.2,80.0,1.2,0.908668,60.0,46.1538,9.34224e-05,8,64.44663735738791,64.89111025743858,17.90672397629996,93.19268280054285,23.580627937384516,18.70182429011609,103.335039083197,2.8819905168632256,0.962497902712004,11.301132900709481,5.693521794787047,4.614227042064847,17.98550597051267,14.472579326416772,66.7650043358467,1.2154712712291358,1473.23300847678,228.2362546812529,99.21548581770271,298.8384274789561,176.3325187110681
TFG,level,level 2.40 m/s^2,2400.0,2.4,80.0,2.4,1.81734,60.0,46.1538,0.000373689,8,20.570241033893602,24.6873802968515,6.031205020642859,32.695213273901935,21.473740355381178,15.74805037724277,103.87842772983879,4.0447609646829035,3.912589295504958,1.1353060920030293,4.057103350487603,1.329066751054798,20.123293253159538,13.257363280856431,73.22268400435527,1.2154712712291358,496.20300894021545,80.07316453815722,33.416996709238,251.63976185370296,177.2597655534891
TFG,bandwidth,bandwidth 20 Hz,2400.0,0.6,20.0,0.6,0.186454,60.0,46.1538,2.33556e-05,8,0.7986736607368966,0.4031468938568817,0.2106043738022497,0.9191089212109693,4.347224861319175,7.714058467654947,28.073149779235298,1.5015018600843444,0.00019065675113318843,0.6678573060837787,0.06003855413773818,0.0196058510710444,3.587515163999818,7.275591811750058,26.455162864128166,1.2154712712291358,17.326972573303,2.2509704787691382,1.1668921288884921,123.26375578092978,47.90445963580773
TFG,bandwidth,bandwidth 40 Hz,2400.0,0.6,40.0,0.6,0.293871,60.0,46.1538,2.33556e-05,8,2.7857153880822083,1.0148952416179549,0.3228711024881228,2.9823595365207187,14.740656055654604,13.350145391804524,78.49719793921658,3.3237209524802207,0.0008195660937863576,2.471029375691199,0.5971690515625354,0.09112491217151227,12.528062970079388,13.070101110230691,73.29137013315457,1.2154712712291358,26.563449925198306,7.304034504353179,1.788926513428923,213.32338458611042,133.94884007581572
TFG,bandwidth,bandwidth 160 Hz,2400.0,0.6,160.0,0.6,0.603447,60.0,46.1538,2.33556e-05,8,19.87921235290749,20.743056391853152,3.337884717528164,28.92402074801844,9.647751273264829,8.393122483828447,100.91132567391233,1.930280271403128,0.3130990621364696,1.5431060699216506,6.683067484734031,1.447135110476849,7.953770718556284,7.663783026306961,84.7069009636838,1.2154712712291358,274.6165044405167,70.83721562109729,18.4941619858191,134.11459148566271,172.1966564335219
TFG,path,accelerometer only,2400.0,0.6,80.0,0.6,0.454334,60.0,46.1538,2.33556e-05,8,6.799149016324897,9.83168621139374,1.0029185424611566,11.995679422170628,10.302212199951544,7.715109251276664,104.32013564624341,2.1246990753446457,0.22098590395607207,2.63663584790628,7.297641304370561,0.20649943519354985,9.59991637223167,6.41527802107495,85.57790919399909,1.2154712712291358,82.51273116862426,29.378368144341604,5.556853981641959,123.2805463635095,178.01350281555696
TFG,matched,matched 20 Hz,2400.0,1.4620249498535833,20.0,1.46202,0.454335,60.0,46.1538,0.000138675,8,4.433471295052272,2.8908512184580677,0.49969838811978695,5.31623818711265,16.793047807597148,9.301804743835264,104.68623956309877,3.1737181076588965,0.46222025179783716,3.9262771513061874,2.45210313589486,0.15449771142593077,15.828289171386546,8.410769399061829,98.10828565460659,1.2154712712291358,41.111493125993086,13.019888003620999,2.768670495242191,148.63452138373017,178.63822823630332
TFG,matched,matched 40 Hz,2400.0,0.9276192615127047,40.0,0.927619,0.454334,60.0,46.1538,5.58249e-05,8,9.496218985375219,11.810616333990861,1.3871653664051098,15.218181723882227,9.602927595206326,3.643402702694642,103.95309044226272,1.5957768802844985,0.3952246530189427,2.3156370432302236,7.0381952568097095,0.4144707880467349,9.19244940500616,2.992166076965509,91.82647217835633,1.2154712712291358,114.12572219846462,37.27053128357132,7.685843927651388,58.21831696500699,177.38717116781234
TFG,matched,matched 160 Hz,2400.0,0.45173876081909436,160.0,0.451739,0.454334,60.0,46.1538,1.32392e-05,8,5.395683313451042,7.016156073690417,0.45238923508552575,8.862533347447537,16.28851575784791,10.149800322499827,97.88105848241331,3.204249837229248,0.03538293313129894,4.886253522355388,6.530940944054965,0.0936933450085564,15.08633168858109,8.165682300512927,108.87391403744985,1.2154712712291358,37.21924539014819,21.70504547592389,2.5065454628727504,162.1847323848652,167.02576134328697
