mode,axis,distance_m,records,disp_x_rms_m,disp_y_rms_m,disp_z_rms_m,disp_3d_rms_m,roll_rms_deg,pitch_rms_deg,yaw_rms_deg,accel_bias_3d_rms_mps2,gyro_bias_3d_rms_radps,disp_3d_ratio_to_baseline,disp_z_ratio_to_baseline,max_tilt_rms_deg,tilt_ratio_to_baseline,installed_rms_mps2,residual_rms_mps2,excess_removed_fraction,tilt_excess_removed_fraction
baseline,cg,0.0,8,0.2889280453994083,0.21949314359397853,0.17923452487730582,0.40469948275031653,0.2583140232880675,0.12930862155197986,0.5135425722268958,0.04804544569209105,0.00011767160048268386,1.0,1.0,0.2583140232880675,1.0,0.0,0.0,nan,nan
exact,x-fore-aft,0.1,8,0.2889284928195578,0.21949035458319593,0.17923343983207418,0.40469781319842096,0.2583148248317481,0.1293102149828931,0.513546981719328,0.04804566842564535,0.00011767194250152915,0.9999958745885114,0.9999939462264182,0.2583148248317481,1.0000031029816747,0.029842163525915812,0.0,nan,nan
exact,x-fore-aft,0.2,8,0.2889253811236217,0.21949052753963436,0.17923368316286342,0.40469579504411807,0.2583149644514058,0.1293096489260803,0.5135469005027161,0.048045647049817966,0.00011767219802806677,0.9999908877911743,0.9999953038375672,0.2583149644514058,1.0000036434852675,0.059684328740549644,0.0,nan,nan
exact,x-fore-aft,0.3,8,0.2889270204438311,0.2194912063244745,0.17923337081787627,0.4046971816410306,0.2583161579555878,0.12930812161735186,0.5135446211108536,0.04804574567667395,0.00011767278327530254,0.9999943140295848,0.9999935611767301,0.2583161579555878,1.0000082638468215,0.08952659441818113,0.0,nan,nan
exact,y-port,0.1,8,0.28892676786628535,0.2194897895613046,0.1792345544629292,0.40469676141661715,0.25831538293470835,0.12930831710408505,0.5135470785921866,0.04804563748244848,0.00011767214804538413,0.9999932756679576,1.0000001650665429,0.25831538293470835,1.0000052635417294,0.025775488310945,0.0,nan,nan
exact,y-port,0.2,8,0.2889277655340111,0.21949114617520618,0.17923461018694775,0.40469822656363347,0.2583148632953957,0.12931013625886503,0.5135452771134955,0.04804568530329931,0.00011767177042860295,0.9999968960012636,1.0000004759665695,0.2583148632953957,1.000003251884344,0.05155096036435694,0.0,nan,nan
exact,y-port,0.3,8,0.28892898937623157,0.2194897863347717,0.17923383629638961,0.40469802254009846,0.25831434197917075,0.1293080947723189,0.5135462529566887,0.0480454293779792,0.00011767191106812106,0.9999963918653709,0.999996158212729,0.25831434197917075,1.0000012337352002,0.07732643272780337,0.0,nan,nan
exact,z-vertical,0.1,8,0.28892645807961775,0.2194894856046291,0.17923358537272688,0.4046959497253632,0.25831446282577136,0.12931017524894642,0.513546855842373,0.04804564147562392,0.00011767167245775653,0.9999912700037833,0.9999947582387959,0.25831446282577136,1.0000017015634624,0.03859853670822574,0.0,nan,nan
exact,z-vertical,0.2,8,0.28892767170262124,0.21949183334129085,0.1792335649459767,0.4046980871035238,0.2583135454720913,0.12931043361666195,0.5135451827127591,0.04804546210316887,0.00011767110591658433,0.9999965513996132,0.9999946442721915,0.2583135454720913,0.9999981502515034,0.07719709043250109,0.0,nan,nan
exact,z-vertical,0.3,8,0.2889211349747473,0.21949005074277897,0.17923464399373248,0.4046929097240083,0.2583140530210442,0.12930977532219,0.513546612449922,0.04804558372657028,0.00011767182579790887,0.9999837582537453,1.0000006645841628,0.2583140530210442,1.0000001151039974,0.1157954449996523,0.0,nan,nan
gyro,x-fore-aft,0.1,8,0.2888601675377727,0.21967002476363737,0.17928820908208892,0.40477077350277757,0.25880183133912044,0.12900164388567642,0.5177517567691988,0.04810184078937974,0.00011805079664964989,1.0001761572611276,1.0002995193298827,0.25880183133912044,1.0018884303873388,0.029842163525915812,0.007297588830957285,nan,nan
gyro,x-fore-aft,0.2,8,0.28879979372155035,0.21992073114477917,0.17934980451202404,0.40489110198831413,0.2594241865654329,0.12849873809645224,0.5236817416488841,0.048162963357961344,0.0001185638595922889,1.0004734852555168,1.0006431776176892,0.2594241865654329,1.0042977274839135,0.059684328740549644,0.014595192733011441,nan,nan
gyro,x-fore-aft,0.3,8,0.2887408038513962,0.22021305804872218,0.179408014224019,0.4050336841853503,0.25987769698020763,0.12784833783253502,0.5317873799749819,0.048185808662769024,0.00011920751137069732,1.0008258014879647,1.0009679460295495,0.25987769698020763,1.0060533829028566,0.08952659441818113,0.02189275758133269,nan,nan
gyro,y-port,0.1,8,0.2888860861089651,0.21947863473495,0.17921422634199802,0.404652655772021,0.2571640316555312,0.12920994779220296,0.5149841789139362,0.04786228032803111,0.00011786550320420138,0.9998842919739425,0.9998867487426226,0.2571640316555312,0.9955480867128385,0.025775488310945,0.007269806027610021,nan,nan
gyro,y-port,0.2,8,0.28885720249562746,0.2195293322896721,0.17919650341837504,0.40465169715457705,0.25583836502778984,0.1290680701745141,0.5178083620093377,0.04764820833791259,0.0001181843688479635,0.9998819232596624,0.9997878675497547,0.25583836502778984,0.9904160903509414,0.05155096036435694,0.01453960459086663,nan,nan
gyro,y-port,0.3,8,0.2888518171855027,0.21957088463307678,0.1791910326311172,0.4046679671272352,0.25467693861989726,0.1288895969893347,0.5217406160470682,0.047456650045743454,0.00011864210867543022,0.9999221258627089,0.9997573444836122,0.25467693861989726,0.9859199101083481,0.07732643272780337,0.021809425416577346,nan,nan
gyro,z-vertical,0.1,8,0.2888976647757129,0.21957081362539335,0.17928127594949037,0.40474062937437905,0.25902186868009364,0.1275253034175475,0.5169128106404878,0.04801246690146553,0.00011734914578735589,1.000101672045101,1.000260837426364,0.25902186868009364,1.0027402515086714,0.03859853670822574,0.007373338910395344,nan,nan
gyro,z-vertical,0.2,8,0.28888538850831563,0.21965626426778512,0.1793367809103144,0.404802820413749,0.25973584871352706,0.12580221327937244,0.5238603665716951,0.047988418272421784,0.00011729418783614425,1.0002553441944877,1.0005705152680746,0.25973584871352706,1.0055042517915256,0.07719709043250109,0.014746670573344682,nan,nan
gyro,z-vertical,0.3,8,0.28885050994993067,0.21976075419826924,0.17938888876444137,0.40485771824877265,0.2602996863788152,0.12432327542508251,0.535633828838099,0.047963122354611906,0.00011758164636401392,1.000390995059793,1.00086123969275,0.2602996863788152,1.007687012363759,0.1157954449996523,0.022120011751127076,nan,nan
unmodeled,x-fore-aft,0.1,8,0.2890268387861061,0.21934485985791602,0.17837667358107254,0.4043104232198703,0.25686395004822093,0.1368114076719483,0.5169813074239406,0.04845380797640086,0.00011747539697285764,0.9990386458420896,0.9952138055052702,0.25686395004822093,0.9943863936561064,0.029842163525915812,0.029842163525915812,nan,nan
unmodeled,x-fore-aft,0.2,8,0.2890868802405451,0.21913146591849147,0.1781408181112982,0.4041336156071974,0.2551884057022523,0.14497416136256713,0.5220047327666073,0.048916744663268286,0.00011729104420368753,0.9986017596581208,0.9938979012734499,0.2551884057022523,0.9878999306888981,0.059684328740549644,0.059684328740549644,nan,nan
unmodeled,x-fore-aft,0.3,8,0.2891747288587772,0.21899486051044076,0.17850339738096827,0.40428237541586126,0.25342908061405833,0.15390232820422253,0.5286472830816208,0.04947495234844589,0.00011710668269932086,0.9989693405792845,0.9959208333503936,0.25342908061405833,0.981089130927431,0.08952659441818113,0.08952659441818113,nan,nan
unmodeled,y-port,0.1,8,0.2888848616410615,0.2194428136560832,0.1797549589113305,0.4048721590413744,0.2576654586725897,0.12965784870743532,0.5112111012449623,0.04796960022143004,0.00011766831159377055,1.000426677815065,1.0029036483589362,0.2576654586725897,0.9974892396191959,0.025775488310945,0.025775488310945,nan,nan
unmodeled,y-port,0.2,8,0.2888734183411311,0.2195158174247166,0.18070662064849521,0.4053269506193037,0.2565813176007421,0.1300684976498177,0.5086572965060582,0.047830273743605434,0.00011767474964918959,1.0015504538447217,1.0082132377799262,0.2565813176007421,0.9932922507834848,0.05155096036435694,0.05155096036435694,nan,nan
unmodeled,y-port,0.3,8,0.28886772854109144,0.21961962248739467,0.1820623573109947,0.4059852770876568,0.25478537565979215,0.13086527777962786,0.5065896343903177,0.04761222017377613,0.00011769602022781955,1.0031771583413007,1.0157772752522132,0.25478537565979215,0.9863396977703364,0.07732643272780337,0.07732643272780337,nan,nan
unmodeled,z-vertical,0.1,8,0.2853027093695588,0.21817709982847122,0.17928250765987866,0.4014238328168405,0.25805971935224303,0.12863761048379138,0.5125747212638375,0.047960534114068955,0.00011788253410569322,0.9919059695574235,1.0002677094862482,0.25805971935224303,0.9990155240796165,0.03859853670822574,0.03859853670822574,nan,nan
unmodeled,z-vertical,0.2,8,0.28206136893010236,0.21728380698638497,0.17935180484845215,0.3986702144424177,0.2579862059921604,0.12796333958712805,0.5119106189463174,0.04790308575476368,0.00011811311016775807,0.985101863073992,1.0006543380591804,0.2579862059921604,0.9987309349615078,0.07719709043250109,0.07719709043250109,nan,nan
unmodeled,z-vertical,0.3,8,0.27924112573415405,0.2168072785020431,0.17942821245896262,0.39645363815205487,0.2582535056736449,0.12733739697078683,0.5117945667090819,0.04790286375593291,0.00011836579990756745,0.979624771096263,1.0010806376828871,0.2582535056736449,0.9997657207547145,0.1157954449996523,0.1157954449996523,nan,nan
