mode,axis,distance_m,spectrum,hs_m,input,disp_x_rms_m,disp_y_rms_m,disp_z_rms_m,disp_3d_rms_m,roll_rms_deg,pitch_rms_deg,yaw_rms_deg,accel_bias_3d_rms_mps2,gyro_bias_3d_rms_radps,disp_z_ref_rms_m,disp_z_pct_refrms,disp_z_pct_hs,tau_applied_s,sigma_applied_mps2,installed_rms_mps2,residual_rms_mps2,cutoff_hz
baseline,cg,0.0,JONSWAP,0.27,wave_data_jonswap_H0.270_L14.047_A30.00_P60.00.csv,0.00912911538,0.00908371434,0.0114732869,0.0172479246,0.307665884,0.120979957,0.493550122,0.0562700294,0.000105846389,0.0534430593,21.4682465,4.24936533,1.53025579,0.0500000007,0.0,0.0,nan
baseline,cg,0.0,JONSWAP,1.5,wave_data_jonswap_H1.500_L50.710_A-30.00_P120.00.csv,0.0692873001,0.0617612861,0.0614871234,0.111336663,0.169570208,0.118795328,0.386544347,0.034495499,0.000110462497,0.390963972,15.7270555,4.0991416,2.50650096,0.393561482,0.0,0.0,nan
baseline,cg,0.0,JONSWAP,4.0,wave_data_jonswap_H4.000_L112.766_A30.00_P30.00.csv,0.233525455,0.173229203,0.16070649,0.332218409,0.222909346,0.130768687,0.81452328,0.042696055,0.000130532804,1.04307246,15.4070292,4.01766205,3.9375577,0.840555251,0.0,0.0,nan
baseline,cg,0.0,JONSWAP,8.5,wave_data_jonswap_H8.500_L202.839_A-30.00_P72.00.csv,0.52414912,0.409659833,0.315277576,0.736174881,0.289479047,0.14502795,0.330450326,0.0529463366,0.00012444664,2.15460348,14.6327419,3.70914793,4.4956646,1.10325015,0.0,0.0,nan
baseline,cg,0.0,PM-Stokes,0.27,wave_data_pmstokes_H0.270_L14.047_A30.00_P60.00.csv,0.00917328242,0.00901418459,0.0113749467,0.0171695668,0.312753886,0.119832985,0.659358084,0.0570189469,0.000101652906,0.0499124601,22.7897949,4.21294308,1.51966047,0.0851560682,0.0,0.0,nan
baseline,cg,0.0,PM-Stokes,1.5,wave_data_pmstokes_H1.500_L50.710_A-30.00_P120.00.csv,0.0669338554,0.0585458577,0.0603511035,0.107470989,0.169936791,0.119188547,0.243767187,0.0344658457,0.00011432582,0.385561794,15.652771,4.02340698,2.326056,0.436519265,0.0,0.0,nan
baseline,cg,0.0,PM-Stokes,4.0,wave_data_pmstokes_H4.000_L112.766_A30.00_P30.00.csv,0.226598561,0.166473895,0.158207327,0.322629839,0.207211778,0.129822031,0.601651669,0.0400959365,0.000123749342,1.04037023,15.20683,3.95518327,3.67561054,0.908238769,0.0,0.0,nan
baseline,cg,0.0,PM-Stokes,8.5,wave_data_pmstokes_H8.500_L202.839_A-30.00_P72.00.csv,0.527042329,0.39047277,0.314738125,0.72753191,0.327535957,0.146506339,0.296637297,0.0586315319,0.000126980463,2.16781425,14.5186853,3.70280147,4.32140875,1.31856585,0.0,0.0,nan
exact,x-fore-aft,0.1,JONSWAP,0.27,wave_data_jonswap_H0.270_L14.047_A30.00_P60.00.csv,0.00912906323,0.00908377301,0.0114730624,0.0172477793,0.307665408,0.120981827,0.493549675,0.0562700033,0.000105846797,0.0534430593,21.4678249,4.24928236,1.53026235,0.0500000007,0.0111503,0.0,nan
exact,x-fore-aft,0.1,JONSWAP,1.5,wave_data_jonswap_H1.500_L50.710_A-30.00_P120.00.csv,0.0692864433,0.0617599934,0.0614868216,0.111335248,0.16956833,0.118799321,0.386567146,0.0344956331,0.000110461602,0.390963972,15.7269793,4.09912109,2.50650072,0.393561631,0.0237737,0.0,nan
exact,x-fore-aft,0.1,JONSWAP,4.0,wave_data_jonswap_H4.000_L112.766_A30.00_P30.00.csv,0.23352702,0.173230484,0.160706073,0.332219958,0.222909555,0.13077198,0.814510524,0.0426963158,0.000130534128,1.04307246,15.406991,4.01765203,3.93755603,0.840555549,0.0287423,0.0,nan
exact,x-fore-aft,0.1,JONSWAP,8.5,wave_data_jonswap_H8.500_L202.839_A-30.00_P72.00.csv,0.524153948,0.409640968,0.315276086,0.736167192,0.289480835,0.145028248,0.33045882,0.052946642,0.000124447062,2.15460348,14.6326733,3.70913029,4.49565792,1.10324991,0.0364753,0.0,nan
exact,x-fore-aft,0.1,PM-Stokes,0.27,wave_data_pmstokes_H0.270_L14.047_A30.00_P60.00.csv,0.00917324983,0.00901418738,0.011374536,0.0171692781,0.312751621,0.119837932,0.65936929,0.0570189208,0.000101651756,0.0499124601,22.788969,4.21279097,1.51965833,0.0851560384,0.0103683,0.0,nan
exact,x-fore-aft,0.1,PM-Stokes,1.5,wave_data_pmstokes_H1.500_L50.710_A-30.00_P120.00.csv,0.0669328794,0.0585475489,0.0603505932,0.107471019,0.169934556,0.119193204,0.243777245,0.0344659798,0.000114326154,0.385561794,15.6526384,4.02337265,2.32604957,0.436519206,0.0290229,0.0,nan
exact,x-fore-aft,0.1,PM-Stokes,4.0,wave_data_pmstokes_H4.000_L112.766_A30.00_P30.00.csv,0.226598799,0.166477844,0.158206046,0.322631419,0.207214981,0.1298199,0.601655781,0.0400961116,0.000123751059,1.04037023,15.206706,3.95515108,3.67561221,0.908239126,0.0356036,0.0,nan
exact,x-fore-aft,0.1,PM-Stokes,8.5,wave_data_pmstokes_H8.500_L202.839_A-30.00_P72.00.csv,0.527038932,0.390477717,0.314735711,0.727531075,0.327542007,0.146503627,0.29665345,0.0586322993,0.000126980609,2.16781425,14.5185738,3.70277309,4.32141924,1.31856596,0.0453972,0.0,nan
exact,x-fore-aft,0.2,JONSWAP,0.27,wave_data_jonswap_H0.270_L14.047_A30.00_P60.00.csv,0.00912909769,0.00908376556,0.0114729591,0.0172477253,0.307666302,0.120982319,0.493551403,0.0562702194,0.000105846484,0.0534430593,21.4676323,4.24924421,1.53026533,0.0500000007,0.0223007,0.0,nan
exact,x-fore-aft,0.2,JONSWAP,1.5,wave_data_jonswap_H1.500_L50.710_A-30.00_P120.00.csv,0.0692866296,0.0617607757,0.0614871979,0.111336008,0.169570133,0.118796408,0.386549592,0.0344955847,0.000110463487,0.390963972,15.7270756,4.09914637,2.50650764,0.393561453,0.0475473,0.0,nan
exact,x-fore-aft,0.2,JONSWAP,4.0,wave_data_jonswap_H4.000_L112.766_A30.00_P30.00.csv,0.233527899,0.173230484,0.160705552,0.332220346,0.222911358,0.13076745,0.814530134,0.042696204,0.000130533692,1.04307246,15.4069395,4.01763868,3.93755913,0.84055531,0.0574845,0.0,nan
exact,x-fore-aft,0.2,JONSWAP,8.5,wave_data_jonswap_H8.500_L202.839_A-30.00_P72.00.csv,0.524140835,0.409647822,0.315276504,0.736161828,0.289481878,0.145024955,0.330450445,0.0529465191,0.000124447033,2.15460348,14.6326923,3.70913529,4.49565697,1.10325003,0.0729506,0.0,nan
exact,x-fore-aft,0.2,PM-Stokes,0.27,wave_data_pmstokes_H0.270_L14.047_A30.00_P60.00.csv,0.00917330384,0.00901419856,0.0113747111,0.017169429,0.31275323,0.11983671,0.659366727,0.0570190251,0.000101652418,0.0499124601,22.7893219,4.21285582,1.51963747,0.0851557478,0.0207366,0.0,nan
exact,x-fore-aft,0.2,PM-Stokes,1.5,wave_data_pmstokes_H1.500_L50.710_A-30.00_P120.00.csv,0.0669334903,0.0585477799,0.0603502132,0.10747131,0.169934586,0.11919301,0.243776396,0.0344659127,0.000114326598,0.385561794,15.6525402,4.02334738,2.32605052,0.436518967,0.0580458,0.0,nan
exact,x-fore-aft,0.2,PM-Stokes,4.0,wave_data_pmstokes_H4.000_L112.766_A30.00_P30.00.csv,0.226600125,0.166472986,0.158206105,0.322629899,0.207211584,0.129824638,0.601651788,0.040096119,0.000123751437,1.04037023,15.2067118,3.95515251,3.67560816,0.908239186,0.0712072,0.0,nan
exact,x-fore-aft,0.2,PM-Stokes,8.5,wave_data_pmstokes_H8.500_L202.839_A-30.00_P72.00.csv,0.527037263,0.390473217,0.314736634,0.727527857,0.327539563,0.146505848,0.296642303,0.0586321056,0.000126980303,2.16781425,14.5186167,3.70278382,4.32141161,1.31856608,0.0907945,0.0,nan
exact,x-fore-aft,0.3,JONSWAP,0.27,wave_data_jonswap_H0.270_L14.047_A30.00_P60.00.csv,0.00912908185,0.00908365939,0.0114730913,0.0172477495,0.307666957,0.120980315,0.493547022,0.0562702417,0.000105846011,0.0534430593,21.4678802,4.24929285,1.53026533,0.0500000007,0.033451,0.0,nan
exact,x-fore-aft,0.3,JONSWAP,1.5,wave_data_jonswap_H1.500_L50.710_A-30.00_P120.00.csv,0.0692868382,0.061760053,0.0614870526,0.11133565,0.169569835,0.118797213,0.386552721,0.0344956554,0.000110462192,0.390963972,15.7270384,4.09913683,2.506495,0.393561333,0.071321,0.0,nan
exact,x-fore-aft,0.3,JONSWAP,4.0,wave_data_jonswap_H4.000_L112.766_A30.00_P30.00.csv,0.233529434,0.173229143,0.160707325,0.332221568,0.222909525,0.130768016,0.814519167,0.0426959917,0.000130533634,1.04307246,15.4071102,4.01768303,3.93755865,0.840555251,0.0862268,0.0,nan
exact,x-fore-aft,0.3,JONSWAP,8.5,wave_data_jonswap_H8.500_L202.839_A-30.00_P72.00.csv,0.52414608,0.409653723,0.315276116,0.736168683,0.289482713,0.145026922,0.330448985,0.0529468618,0.000124450715,2.15460348,14.6326742,3.70913076,4.4956584,1.10325003,0.109426,0.0,nan
exact,x-fore-aft,0.3,PM-Stokes,0.27,wave_data_pmstokes_H0.270_L14.047_A30.00_P60.00.csv,0.00917323399,0.00901417807,0.011375213,0.017169714,0.312755316,0.119831339,0.659357429,0.0570190884,0.000101653051,0.0499124601,22.7903271,4.21304178,1.51964879,0.0851559266,0.0311049,0.0,nan
exact,x-fore-aft,0.3,PM-Stokes,1.5,wave_data_pmstokes_H1.500_L50.710_A-30.00_P120.00.csv,0.0669340864,0.0585466623,0.0603513159,0.10747169,0.169935346,0.119190514,0.243767515,0.034465827,0.000114325943,0.385561794,15.6528254,4.02342081,2.32603312,0.436519265,0.0870687,0.0,nan
exact,x-fore-aft,0.3,PM-Stokes,4.0,wave_data_pmstokes_H4.000_L112.766_A30.00_P30.00.csv,0.226597905,0.166479573,0.158205867,0.322631598,0.207216635,0.129819006,0.601663232,0.0400963537,0.000123751728,1.04037023,15.2066898,3.95514679,3.67560863,0.908238769,0.106811,0.0,nan
exact,x-fore-aft,0.3,PM-Stokes,8.5,wave_data_pmstokes_H8.500_L202.839_A-30.00_P72.00.csv,0.527039409,0.39046815,0.314734608,0.727525771,0.32754156,0.146505028,0.29665044,0.0586323626,0.000126982413,2.16781425,14.5185232,3.70275998,4.32140779,1.31856596,0.136192,0.0,nan
exact,y-port,0.1,JONSWAP,0.27,wave_data_jonswap_H0.270_L14.047_A30.00_P60.00.csv,0.00912906975,0.00908372737,0.0114732375,0.0172478743,0.307666928,0.12098106,0.493549943,0.0562702306,0.000105846681,0.0534430593,21.468153,4.24934721,1.53026402,0.0500000007,0.00827373,0.0,nan
exact,y-port,0.1,JONSWAP,1.5,wave_data_jonswap_H1.500_L50.710_A-30.00_P120.00.csv,0.0692860931,0.061760813,0.0614874288,0.111335821,0.169569269,0.118799455,0.386559367,0.0344958268,0.000110463101,0.390963972,15.7271338,4.09916162,2.50650382,0.393561512,0.0183967,0.0,nan
exact,y-port,0.1,JONSWAP,4.0,wave_data_jonswap_H4.000_L112.766_A30.00_P30.00.csv,0.233522937,0.173231244,0.160706595,0.332217753,0.22290659,0.130767122,0.814514816,0.0426954813,0.000130532251,1.04307246,15.4070406,4.01766491,3.93755794,0.840555251,0.0278152,0.0,nan
exact,y-port,0.1,JONSWAP,8.5,wave_data_jonswap_H8.500_L202.839_A-30.00_P72.00.csv,0.524137914,0.409648836,0.315278143,0.736160994,0.289478183,0.145028323,0.330447763,0.0529463775,0.000124448197,2.15460348,14.6327686,3.70915461,4.49565649,1.10325003,0.0297791,0.0,nan
exact,y-port,0.1,PM-Stokes,0.27,wave_data_pmstokes_H0.270_L14.047_A30.00_P60.00.csv,0.0091732908,0.00901419576,0.0113749402,0.0171695724,0.31275478,0.119831771,0.659359217,0.05701904,0.000101652127,0.0499124601,22.7897797,4.21294069,1.51965821,0.0851560384,0.00848278,0.0,nan
exact,y-port,0.1,PM-Stokes,1.5,wave_data_pmstokes_H1.500_L50.710_A-30.00_P120.00.csv,0.0669323578,0.0585483089,0.0603508018,0.107471228,0.169935808,0.119191639,0.243776307,0.0344659574,0.000114325587,0.385561794,15.6526918,4.02338648,2.32605076,0.436519414,0.022693,0.0,nan
exact,y-port,0.1,PM-Stokes,4.0,wave_data_pmstokes_H4.000_L112.766_A30.00_P30.00.csv,0.226600856,0.166476399,0.158206359,0.322632283,0.207215324,0.129818395,0.601667583,0.0400959812,0.000123750739,1.04037023,15.2067366,3.95515895,3.67561316,0.908239305,0.0349964,0.0,nan
exact,y-port,0.1,PM-Stokes,8.5,wave_data_pmstokes_H8.500_L202.839_A-30.00_P72.00.csv,0.527048349,0.390466958,0.314738125,0.727533162,0.327544093,0.146502659,0.296664238,0.0586325973,0.000126982268,2.16781425,14.5186853,3.70280147,4.32142162,1.31856644,0.037894,0.0,nan
exact,y-port,0.2,JONSWAP,0.27,wave_data_jonswap_H0.270_L14.047_A30.00_P60.00.csv,0.00912906229,0.00908378419,0.0114732934,0.0172479376,0.30766663,0.120981425,0.493550241,0.0562702119,0.000105846302,0.0534430593,21.4682579,4.24936771,1.53026474,0.0500000007,0.0165475,0.0,nan
exact,y-port,0.2,JONSWAP,1.5,wave_data_jonswap_H1.500_L50.710_A-30.00_P120.00.csv,0.0692862496,0.0617615879,0.0614869073,0.11133606,0.169569314,0.118797556,0.386554688,0.0344955698,0.000110462919,0.390963972,15.7270012,4.09912682,2.50649691,0.393561363,0.0367935,0.0,nan
exact,y-port,0.2,JONSWAP,4.0,wave_data_jonswap_H4.000_L112.766_A30.00_P30.00.csv,0.233525455,0.173230127,0.160707057,0.332219183,0.222909614,0.13077195,0.814513981,0.042696353,0.000130533663,1.04307246,15.4070845,4.01767635,3.93755841,0.840555251,0.0556303,0.0,nan
exact,y-port,0.2,JONSWAP,8.5,wave_data_jonswap_H8.500_L202.839_A-30.00_P72.00.csv,0.524151981,0.409652501,0.315277576,0.736172795,0.289481491,0.145025522,0.330440015,0.0529465228,0.000124449594,2.15460348,14.6327419,3.70914793,4.49565983,1.10325003,0.0595583,0.0,nan
exact,y-port,0.2,PM-Stokes,0.27,wave_data_pmstokes_H0.270_L14.047_A30.00_P60.00.csv,0.0091733085,0.00901419111,0.0113746477,0.0171693861,0.312752694,0.119836546,0.659368873,0.0570189655,0.000101651385,0.0499124601,22.7891941,4.21283245,1.51966643,0.0851561204,0.0169656,0.0,nan
exact,y-port,0.2,PM-Stokes,1.5,wave_data_pmstokes_H1.500_L50.710_A-30.00_P120.00.csv,0.06693165,0.0585473068,0.0603508577,0.107470267,0.169934079,0.119195953,0.243784577,0.0344661586,0.000114325856,0.385561794,15.6527071,4.02339029,2.32603073,0.436519027,0.0453859,0.0,nan
exact,y-port,0.2,PM-Stokes,4.0,wave_data_pmstokes_H4.000_L112.766_A30.00_P30.00.csv,0.226598933,0.166475922,0.158206597,0.322630793,0.207214117,0.129818603,0.601661384,0.0400959738,0.000123750389,1.04037023,15.2067595,3.95516491,3.67560792,0.908238769,0.0699928,0.0,nan
exact,y-port,0.2,PM-Stokes,8.5,wave_data_pmstokes_H8.500_L202.839_A-30.00_P72.00.csv,0.527038515,0.390469939,0.314738691,0.727527857,0.327539742,0.146507606,0.296640128,0.0586322732,0.000126977815,2.16781425,14.5187111,3.70280814,4.32141399,1.31856608,0.0757879,0.0,nan
exact,y-port,0.3,JONSWAP,0.27,wave_data_jonswap_H0.270_L14.047_A30.00_P60.00.csv,0.00912912842,0.00908366498,0.0114733409,0.0172479413,0.30766663,0.120981313,0.493551075,0.0562702343,0.000105845902,0.0534430593,21.4683456,4.24938536,1.53026783,0.0500000007,0.0248212,0.0,nan
exact,y-port,0.3,JONSWAP,1.5,wave_data_jonswap_H1.500_L50.710_A-30.00_P120.00.csv,0.069286257,0.0617606565,0.0614873022,0.111335762,0.169569656,0.118796535,0.386553138,0.0344955511,0.00011046233,0.390963972,15.7271023,4.09915352,2.50650644,0.393561423,0.0551902,0.0,nan
exact,y-port,0.3,JONSWAP,4.0,wave_data_jonswap_H4.000_L112.766_A30.00_P30.00.csv,0.233522817,0.173230171,0.160706848,0.332217246,0.222907722,0.130771399,0.814514518,0.0426960252,0.000130531931,1.04307246,15.4070644,4.01767111,3.93755913,0.840555072,0.0834455,0.0,nan
exact,y-port,0.3,JONSWAP,8.5,wave_data_jonswap_H8.500_L202.839_A-30.00_P72.00.csv,0.524150491,0.409650207,0.315274984,0.736169338,0.2894786,0.145024225,0.330448031,0.0529459827,0.00012444942,2.15460348,14.6326218,3.70911741,4.49566698,1.10324979,0.0893374,0.0,nan
exact,y-port,0.3,PM-Stokes,0.27,wave_data_pmstokes_H0.270_L14.047_A30.00_P60.00.csv,0.00917330105,0.00901421439,0.0113749309,0.0171695817,0.312754542,0.11983373,0.659363747,0.057019107,0.000101651727,0.0499124601,22.7897625,4.21293736,1.51964176,0.0851558,0.0254484,0.0,nan
exact,y-port,0.3,PM-Stokes,1.5,wave_data_pmstokes_H1.500_L50.710_A-30.00_P120.00.csv,0.0669322684,0.0585474037,0.0603507347,0.107470639,0.169934705,0.119192958,0.243773893,0.03446595,0.00011432579,0.385561794,15.6526747,4.02338219,2.3260448,0.436519057,0.0680789,0.0,nan
exact,y-port,0.3,PM-Stokes,4.0,wave_data_pmstokes_H4.000_L112.766_A30.00_P30.00.csv,0.226599097,0.166481197,0.158206016,0.322633356,0.207216591,0.129821658,0.601659834,0.0400965773,0.000123750346,1.04037023,15.2067032,3.95515037,3.67561173,0.908238411,0.104989,0.0,nan
exact,y-port,0.3,PM-Stokes,8.5,wave_data_pmstokes_H8.500_L202.839_A-30.00_P72.00.csv,0.527046382,0.390464097,0.314738095,0.727530181,0.327536464,0.14649792,0.296667188,0.0586308837,0.000126981482,2.16781425,14.5186844,3.70280099,4.32141066,1.31856632,0.113682,0.0,nan
exact,z-vertical,0.1,JONSWAP,0.27,wave_data_jonswap_H0.270_L14.047_A30.00_P60.00.csv,0.00912907068,0.00908366125,0.011473231,0.017247837,0.307666361,0.120981656,0.493550301,0.0562702343,0.000105845851,0.0534430593,21.4681416,4.24934483,1.53026772,0.0500000007,0.0138706,0.0,nan
exact,z-vertical,0.1,JONSWAP,1.5,wave_data_jonswap_H1.500_L50.710_A-30.00_P120.00.csv,0.0692855418,0.0617607012,0.0614869185,0.111335136,0.169569597,0.11879874,0.386558473,0.0344957747,0.000110462606,0.390963972,15.7270031,4.09912777,2.50649858,0.393561393,0.0298166,0.0,nan
exact,z-vertical,0.1,JONSWAP,4.0,wave_data_jonswap_H4.000_L112.766_A30.00_P30.00.csv,0.233522654,0.17322734,0.160707161,0.332215786,0.222909495,0.130769029,0.814517975,0.042696137,0.000130532848,1.04307246,15.407095,4.01767921,3.93755937,0.840555072,0.0393734,0.0,nan
exact,z-vertical,0.1,JONSWAP,8.5,wave_data_jonswap_H8.500_L202.839_A-30.00_P72.00.csv,0.524145126,0.409642696,0.315275669,0.736161649,0.289477378,0.145030767,0.330452442,0.052946344,0.000124445825,2.15460348,14.6326542,3.70912552,4.49565887,1.10325003,0.0460494,0.0,nan
exact,z-vertical,0.1,PM-Stokes,0.27,wave_data_pmstokes_H0.270_L14.047_A30.00_P60.00.csv,0.00917332619,0.00901420135,0.0113747707,0.017169483,0.312752217,0.119836681,0.659365833,0.0570189171,0.000101652491,0.0499124601,22.7894402,4.21287775,1.51963663,0.0851557255,0.0133853,0.0,nan
exact,z-vertical,0.1,PM-Stokes,1.5,wave_data_pmstokes_H1.500_L50.710_A-30.00_P120.00.csv,0.0669350848,0.0585473403,0.0603510179,0.107472517,0.169935197,0.119192667,0.243773654,0.0344659761,0.00011432646,0.385561794,15.6527491,4.02340126,2.32603884,0.436519444,0.036426,0.0,nan
exact,z-vertical,0.1,PM-Stokes,4.0,wave_data_pmstokes_H4.000_L112.766_A30.00_P30.00.csv,0.226596609,0.166472897,0.158206508,0.322627574,0.20721446,0.129816666,0.601671159,0.0400957763,0.000123752223,1.04037023,15.2067509,3.95516276,3.67561293,0.908238888,0.0487928,0.0,nan
exact,z-vertical,0.1,PM-Stokes,8.5,wave_data_pmstokes_H8.500_L202.839_A-30.00_P72.00.csv,0.527041495,0.390475422,0.314735889,0.727531791,0.327540696,0.146508425,0.296628058,0.058632452,0.000126979052,2.16781425,14.5185823,3.702775,4.32140684,1.31856632,0.0572694,0.0,nan
exact,z-vertical,0.2,JONSWAP,0.27,wave_data_jonswap_H0.270_L14.047_A30.00_P60.00.csv,0.009129107,0.0090837488,0.011473231,0.0172479022,0.307666838,0.120981127,0.493548572,0.0562702455,0.000105846055,0.0534430593,21.4681416,4.24934483,1.5302645,0.0500000007,0.0277413,0.0,nan
exact,z-vertical,0.2,JONSWAP,1.5,wave_data_jonswap_H1.500_L50.710_A-30.00_P120.00.csv,0.0692867115,0.0617605112,0.0614869744,0.111335784,0.169569999,0.118795045,0.386550218,0.0344954282,0.000110462264,0.390963972,15.7270184,4.09913158,2.50650525,0.393561423,0.0596331,0.0,nan
exact,z-vertical,0.2,JONSWAP,4.0,wave_data_jonswap_H4.000_L112.766_A30.00_P30.00.csv,0.233525693,0.173226297,0.160705432,0.332216561,0.222908542,0.130770937,0.814512193,0.0426960737,0.000130531756,1.04307246,15.406929,4.01763582,3.9375577,0.840555072,0.0787468,0.0,nan
exact,z-vertical,0.2,JONSWAP,8.5,wave_data_jonswap_H8.500_L202.839_A-30.00_P72.00.csv,0.524139941,0.409649223,0.31527549,0.73616153,0.289474577,0.145035237,0.330483735,0.0529462546,0.000124445258,2.15460348,14.6326456,3.70912337,4.49566412,1.10325003,0.0920987,0.0,nan
exact,z-vertical,0.2,PM-Stokes,0.27,wave_data_pmstokes_H0.270_L14.047_A30.00_P60.00.csv,0.00917333178,0.00901413988,0.011374617,0.0171693526,0.312753111,0.119835891,0.659365475,0.0570189655,0.000101651778,0.0499124601,22.7891331,4.21282101,1.51966584,0.0851561278,0.0267706,0.0,nan
exact,z-vertical,0.2,PM-Stokes,1.5,wave_data_pmstokes_H1.500_L50.710_A-30.00_P120.00.csv,0.0669328198,0.0585480966,0.0603502169,0.107471071,0.169933379,0.119194724,0.243783191,0.0344659053,0.000114325841,0.385561794,15.6525412,4.02334785,2.32603931,0.436519295,0.072852,0.0,nan
exact,z-vertical,0.2,PM-Stokes,4.0,wave_data_pmstokes_H4.000_L112.766_A30.00_P30.00.csv,0.226599306,0.166476056,0.158206061,0.322630882,0.207213029,0.129824966,0.601641178,0.0400962979,0.000123748774,1.04037023,15.206708,3.95515156,3.6756165,0.908239603,0.0975856,0.0,nan
exact,z-vertical,0.2,PM-Stokes,8.5,wave_data_pmstokes_H8.500_L202.839_A-30.00_P72.00.csv,0.527049601,0.390478164,0.314737231,0.727539718,0.327538371,0.146499172,0.296653301,0.0586312339,0.000126981147,2.16781425,14.5186434,3.70279098,4.32141113,1.31856656,0.114539,0.0,nan
exact,z-vertical,0.3,JONSWAP,0.27,wave_data_jonswap_H0.270_L14.047_A30.00_P60.00.csv,0.0091291368,0.00908380933,0.0114731872,0.0172479209,0.307667315,0.120980605,0.49355036,0.0562702827,0.000105846637,0.0534430593,21.4680576,4.24932861,1.53026283,0.0500000007,0.0416119,0.0,nan
exact,z-vertical,0.3,JONSWAP,1.5,wave_data_jonswap_H1.500_L50.710_A-30.00_P120.00.csv,0.0692856461,0.0617602244,0.0614870302,0.111334994,0.169569358,0.118798554,0.386557907,0.0344957709,0.000110462686,0.390963972,15.7270327,4.0991354,2.50650454,0.393561423,0.0894497,0.0,nan
exact,z-vertical,0.3,JONSWAP,4.0,wave_data_jonswap_H4.000_L112.766_A30.00_P30.00.csv,0.233527005,0.173226848,0.160707057,0.332218558,0.222907662,0.130769908,0.814516544,0.0426959433,0.000130532222,1.04307246,15.4070845,4.01767635,3.93755937,0.840555489,0.11812,0.0,nan
exact,z-vertical,0.3,JONSWAP,8.5,wave_data_jonswap_H8.500_L202.839_A-30.00_P72.00.csv,0.524121583,0.409654409,0.315278471,0.736152589,0.289476424,0.145026132,0.33046484,0.0529458299,0.000124449361,2.15460348,14.6327839,3.70915842,4.49566412,1.10325003,0.138148,0.0,nan
exact,z-vertical,0.3,PM-Stokes,0.27,wave_data_pmstokes_H0.270_L14.047_A30.00_P60.00.csv,0.00917333271,0.0090141762,0.0113748293,0.0171695128,0.312753856,0.119835138,0.659363329,0.0570190325,0.0001016526,0.0499124601,22.7895584,4.21289968,1.51964843,0.0851559266,0.0401558,0.0,nan
exact,z-vertical,0.3,PM-Stokes,1.5,wave_data_pmstokes_H1.500_L50.710_A-30.00_P120.00.csv,0.0669319704,0.0585481338,0.0603508092,0.107470892,0.169933781,0.119194217,0.243778497,0.0344659314,0.000114326191,0.385561794,15.6526947,4.02338696,2.32605433,0.436519116,0.109278,0.0,nan
exact,z-vertical,0.3,PM-Stokes,4.0,wave_data_pmstokes_H4.000_L112.766_A30.00_P30.00.csv,0.22659719,0.166476652,0.158206627,0.322629988,0.207214206,0.129820436,0.601659536,0.040096119,0.000123751044,1.04037023,15.2067623,3.95516562,3.67561603,0.908239067,0.146378,0.0,nan
exact,z-vertical,0.3,PM-Stokes,8.5,wave_data_pmstokes_H8.500_L202.839_A-30.00_P72.00.csv,0.527039766,0.390464246,0.314737916,0.727525353,0.327538759,0.146507084,0.296640605,0.0586323142,0.000126977946,2.16781425,14.5186749,3.70279884,4.32142973,1.3185662,0.171808,0.0,nan
gyro,x-fore-aft,0.1,JONSWAP,0.27,wave_data_jonswap_H0.270_L14.047_A30.00_P60.00.csv,0.00913052075,0.00908662844,0.0115195001,0.0172809754,0.306841522,0.122220181,0.493781596,0.0562168173,0.000105815809,0.0534430593,21.5547161,4.2664814,1.52991521,0.0500000007,0.0111503,0.00719193,15.0
gyro,x-fore-aft,0.1,JONSWAP,1.5,wave_data_jonswap_H1.500_L50.710_A-30.00_P120.00.csv,0.0692769811,0.0618188828,0.0615536459,0.111398943,0.170546472,0.118224569,0.36766839,0.0345885307,0.000111036301,0.390963972,15.744071,4.10357618,2.50583363,0.393988341,0.0237737,0.00725362,15.0
gyro,x-fore-aft,0.1,JONSWAP,4.0,wave_data_jonswap_H4.000_L112.766_A30.00_P30.00.csv,0.233583927,0.173132822,0.160772637,0.332241267,0.224461049,0.129663691,0.836695611,0.0428140461,0.000131214998,1.04307246,15.4133711,4.01931572,3.93712616,0.841038942,0.0287423,0.00728488,15.0
gyro,x-fore-aft,0.1,JONSWAP,8.5,wave_data_jonswap_H8.500_L202.839_A-30.00_P72.00.csv,0.523946166,0.41000849,0.31533283,0.736248136,0.290557057,0.143758059,0.313193351,0.0530321412,0.000124832615,2.15460348,14.6353073,3.70979786,4.49523735,1.10378039,0.0364753,0.00735596,15.0
gyro,x-fore-aft,0.1,PM-Stokes,0.27,wave_data_pmstokes_H0.270_L14.047_A30.00_P60.00.csv,0.00917415321,0.00901478715,0.0114101507,0.0171936899,0.311754733,0.122245707,0.663949132,0.0570133217,0.000101620528,0.0499124601,22.8603249,4.22598171,1.51927423,0.0854796693,0.0103683,0.007191,15.0
gyro,x-fore-aft,0.1,PM-Stokes,1.5,wave_data_pmstokes_H1.500_L50.710_A-30.00_P120.00.csv,0.0669287592,0.05861127,0.0604301542,0.107547864,0.170875356,0.118671454,0.232984409,0.0345631838,0.000114922856,0.385561794,15.673274,4.02867699,2.32524443,0.437093109,0.0290229,0.00729644,15.0
gyro,x-fore-aft,0.1,PM-Stokes,4.0,wave_data_pmstokes_H4.000_L112.766_A30.00_P30.00.csv,0.226642057,0.166337118,0.158282951,0.322626948,0.208736271,0.128755018,0.619954288,0.040196985,0.000124173894,1.04037023,15.214098,3.95707369,3.67506099,0.908927321,0.0356036,0.00734618,15.0
gyro,x-fore-aft,0.1,PM-Stokes,8.5,wave_data_pmstokes_H8.500_L202.839_A-30.00_P72.00.csv,0.526903808,0.390984267,0.314824432,0.727743626,0.328363955,0.145371035,0.296532661,0.0587130226,0.000127311316,2.16781425,14.522666,3.70381689,4.32101202,1.31936455,0.0453972,0.00745688,15.0
gyro,x-fore-aft,0.2,JONSWAP,0.27,wave_data_jonswap_H0.270_L14.047_A30.00_P60.00.csv,0.00913200434,0.00908973813,0.0115670897,0.0173151493,0.306614697,0.123901583,0.494333118,0.0562883653,0.000105783205,0.0534430593,21.6437645,4.28410721,1.52937782,0.0500000007,0.0223007,0.0143839,15.0
gyro,x-fore-aft,0.2,JONSWAP,1.5,wave_data_jonswap_H1.500_L50.710_A-30.00_P120.00.csv,0.0692634135,0.0618880801,0.0616296008,0.1114709,0.171351433,0.117426977,0.348735273,0.0346335545,0.000111762005,0.390963972,15.7634983,4.10863972,2.50518227,0.394683093,0.0475473,0.0145072,15.0
gyro,x-fore-aft,0.2,JONSWAP,4.0,wave_data_jonswap_H4.000_L112.766_A30.00_P30.00.csv,0.233657509,0.173025355,0.160829365,0.332264483,0.225901842,0.128214821,0.861951709,0.0428856835,0.000132016299,1.04307246,15.4188108,4.02073431,3.93669629,0.841521442,0.0574845,0.0145698,15.0
gyro,x-fore-aft,0.2,JONSWAP,8.5,wave_data_jonswap_H8.500_L202.839_A-30.00_P72.00.csv,0.523780227,0.410523623,0.31539163,0.736442268,0.291466296,0.142281249,0.297902524,0.0530749448,0.000125475868,2.15460348,14.6380358,3.71048975,4.49477434,1.10447669,0.0729506,0.0147119,15.0
gyro,x-fore-aft,0.2,PM-Stokes,0.27,wave_data_pmstokes_H0.270_L14.047_A30.00_P60.00.csv,0.00917447079,0.00901641138,0.0114481077,0.0172199234,0.311619103,0.124036126,0.666796148,0.057105884,0.000101596168,0.0499124601,22.9363728,4.24003983,1.51887417,0.0865729302,0.0207366,0.014382,15.0
gyro,x-fore-aft,0.2,PM-Stokes,1.5,wave_data_pmstokes_H1.500_L50.710_A-30.00_P120.00.csv,0.0669020861,0.0586720929,0.0605317466,0.107621543,0.171751007,0.117872164,0.224983886,0.0346223675,0.000115658702,0.385561794,15.6996222,4.0354495,2.32443333,0.437665015,0.0580458,0.0145929,15.0
gyro,x-fore-aft,0.2,PM-Stokes,4.0,wave_data_pmstokes_H4.000_L112.766_A30.00_P30.00.csv,0.226730511,0.166237667,0.158372328,0.322681695,0.210155651,0.127354011,0.641094923,0.0402519964,0.000124703351,1.04037023,15.2226896,3.95930815,3.67448688,0.909493208,0.0712072,0.0146924,15.0
gyro,x-fore-aft,0.2,PM-Stokes,8.5,wave_data_pmstokes_H8.500_L202.839_A-30.00_P72.00.csv,0.526738465,0.391640365,0.31493476,0.728024423,0.329057544,0.144131407,0.300024658,0.0587652959,0.000127891122,2.16781425,14.5277557,3.70511484,4.32056761,1.32004726,0.0907945,0.0149138,15.0
gyro,x-fore-aft,0.3,JONSWAP,0.27,wave_data_jonswap_H0.270_L14.047_A30.00_P60.00.csv,0.00913339946,0.00909350906,0.0116174119,0.0173515175,0.305802286,0.125802696,0.495032787,0.0562830865,0.000105743115,0.0534430593,21.7379227,4.30274487,1.52909565,0.0500000007,0.033451,0.0215758,15.0
gyro,x-fore-aft,0.3,JONSWAP,1.5,wave_data_jonswap_H1.500_L50.710_A-30.00_P120.00.csv,0.0692403838,0.0619455203,0.0617077723,0.111531734,0.172071695,0.116416015,0.330229342,0.0346459001,0.000112637055,0.390963972,15.783494,4.11385155,2.50450277,0.395113081,0.071321,0.0217609,15.0
gyro,x-fore-aft,0.3,JONSWAP,4.0,wave_data_jonswap_H4.000_L112.766_A30.00_P30.00.csv,0.233756691,0.172980368,0.160890579,0.332340449,0.22718206,0.126429841,0.890154719,0.0429041348,0.000132939895,1.04307246,15.4246788,4.02226448,3.93626976,0.842006207,0.0862268,0.0218546,15.0
gyro,x-fore-aft,0.3,JONSWAP,8.5,wave_data_jonswap_H8.500_L202.839_A-30.00_P72.00.csv,0.523540676,0.411076754,0.315468729,0.736613512,0.292213649,0.140670672,0.28516835,0.0530826934,0.000126353538,2.15460348,14.641614,3.71139669,4.4943471,1.10516322,0.109426,0.0220679,15.0
gyro,x-fore-aft,0.3,PM-Stokes,0.27,wave_data_pmstokes_H0.270_L14.047_A30.00_P60.00.csv,0.00917505287,0.00901826937,0.0114855412,0.0172461141,0.3115215,0.12582387,0.669660628,0.0572058819,0.000101566533,0.0499124601,23.0113697,4.25390387,1.51825953,0.0867064074,0.0311049,0.021573,15.0
gyro,x-fore-aft,0.3,PM-Stokes,1.5,wave_data_pmstokes_H1.500_L50.710_A-30.00_P120.00.csv,0.0668905526,0.0587848723,0.0606089495,0.107719317,0.172422364,0.116723269,0.220634684,0.0346183367,0.00011657401,0.385561794,15.7196465,4.04059649,2.32363391,0.438244879,0.0870687,0.0218893,15.0
gyro,x-fore-aft,0.3,PM-Stokes,4.0,wave_data_pmstokes_H4.000_L112.766_A30.00_P30.00.csv,0.226865932,0.166173309,0.158445477,0.322779626,0.211583495,0.125561431,0.66557312,0.0402738526,0.000125294697,1.04037023,15.2297201,3.96113682,3.67392468,0.91012764,0.106811,0.0220385,15.0
gyro,x-fore-aft,0.3,PM-Stokes,8.5,wave_data_pmstokes_H8.500_L202.839_A-30.00_P72.00.csv,0.52662003,0.392394602,0.315021336,0.72838223,0.329582214,0.142787218,0.307351023,0.0587825701,0.000128734144,2.16781425,14.5317497,3.70613337,4.32013226,1.32072556,0.136192,0.0223706,15.0
gyro,y-port,0.1,JONSWAP,0.27,wave_data_jonswap_H0.270_L14.047_A30.00_P60.00.csv,0.00912990049,0.0090849055,0.0114929136,0.0172620285,0.306872249,0.121444158,0.493333697,0.0561728328,0.000105852851,0.0534430593,21.5049706,4.25663471,1.53008318,0.0500000007,0.00827373,0.00718572,15.0
gyro,y-port,0.1,JONSWAP,1.5,wave_data_jonswap_H1.500_L50.710_A-30.00_P120.00.csv,0.0692794695,0.0617617518,0.0614574775,0.111315683,0.167981297,0.117840208,0.384411365,0.0341780931,0.000110875073,0.390963972,15.7194729,4.09716511,2.50674105,0.393386453,0.0183967,0.00722148,15.0
gyro,y-port,0.1,JONSWAP,4.0,wave_data_jonswap_H4.000_L112.766_A30.00_P30.00.csv,0.233606204,0.173228085,0.160797343,0.332318544,0.221524537,0.130840108,0.81669277,0.0424791612,0.000130781176,1.04307246,15.415741,4.0199337,3.93733382,0.840802968,0.0278152,0.0072789,15.0
gyro,y-port,0.1,JONSWAP,8.5,wave_data_jonswap_H8.500_L202.839_A-30.00_P72.00.csv,0.52402091,0.409576446,0.31521672,0.736011088,0.288125753,0.144905552,0.336745918,0.0527412593,0.000124628961,2.15460348,14.6299171,3.70843196,4.49586391,1.1030314,0.0297791,0.00729988,15.0
gyro,y-port,0.1,PM-Stokes,0.27,wave_data_pmstokes_H0.270_L14.047_A30.00_P60.00.csv,0.00917381607,0.00901467074,0.0113986265,0.0171858035,0.311917692,0.120155409,0.659918964,0.0569050461,0.000101658006,0.0499124601,22.8372364,4.22171354,1.51940751,0.0854504108,0.00848278,0.00718726,15.0
gyro,y-port,0.1,PM-Stokes,1.5,wave_data_pmstokes_H1.500_L50.710_A-30.00_P120.00.csv,0.0669081062,0.0585455112,0.0603131168,0.107433438,0.168400392,0.118169732,0.245654494,0.0341522247,0.000114716546,0.385561794,15.6429176,4.0208745,2.32631922,0.436064541,0.022693,0.00724897,15.0
gyro,y-port,0.1,PM-Stokes,4.0,wave_data_pmstokes_H4.000_L112.766_A30.00_P30.00.csv,0.226727575,0.166479528,0.158306167,0.322771847,0.20597367,0.130288467,0.601924777,0.0399336144,0.000123906706,1.04037023,15.2163305,3.95765424,3.67531896,0.908544004,0.0349964,0.00734597,15.0
gyro,y-port,0.1,PM-Stokes,8.5,wave_data_pmstokes_H8.500_L202.839_A-30.00_P72.00.csv,0.526898801,0.390493035,0.314621985,0.727388561,0.326362312,0.146401644,0.303285182,0.0584592335,0.000127109815,2.16781425,14.5133276,3.70143509,4.32163715,1.31830585,0.037894,0.0073877,15.0
gyro,y-port,0.2,JONSWAP,0.27,wave_data_jonswap_H0.270_L14.047_A30.00_P60.00.csv,0.00913054124,0.00908596441,0.0115136746,0.0172767546,0.30553174,0.121485986,0.493005127,0.0559613742,0.000105857041,0.0534430593,21.5438156,4.26432371,1.53009462,0.0500000007,0.0165475,0.0143714,15.0
gyro,y-port,0.2,JONSWAP,1.5,wave_data_jonswap_H1.500_L50.710_A-30.00_P120.00.csv,0.0692699477,0.0617575757,0.061433062,0.111293957,0.166406587,0.116876744,0.383087099,0.0338613614,0.000111449219,0.390963972,15.7132282,4.09553719,2.50700879,0.393211216,0.0367935,0.014443,15.0
gyro,y-port,0.2,JONSWAP,4.0,wave_data_jonswap_H4.000_L112.766_A30.00_P30.00.csv,0.233719185,0.173228592,0.160880923,0.332438678,0.220180601,0.130724341,0.82126379,0.0422509983,0.000131185734,1.04307246,15.4237537,4.0220232,3.93710446,0.841040492,0.0556303,0.0145578,15.0
gyro,y-port,0.2,JONSWAP,8.5,wave_data_jonswap_H8.500_L202.839_A-30.00_P72.00.csv,0.523880482,0.409685969,0.315161794,0.735948563,0.286755949,0.14476943,0.343950957,0.0525319949,0.00012503285,2.15460348,14.6273689,3.70778584,4.49608803,1.10282505,0.0595583,0.0145998,15.0
gyro,y-port,0.2,PM-Stokes,0.27,wave_data_pmstokes_H0.270_L14.047_A30.00_P60.00.csv,0.00917491689,0.00901436806,0.0114219207,0.0172016919,0.310427338,0.121146515,0.66206789,0.0567318313,0.000101650039,0.0499124601,22.8839073,4.23034096,1.51929474,0.0855311751,0.0169656,0.0143745,15.0
gyro,y-port,0.2,PM-Stokes,1.5,wave_data_pmstokes_H1.500_L50.710_A-30.00_P120.00.csv,0.0668848231,0.0585430115,0.0602791272,0.107398495,0.166882664,0.116989285,0.248821318,0.0338241942,0.000115181196,0.385561794,15.6341028,4.01860809,2.32662106,0.436246663,0.0453859,0.0144979,15.0
gyro,y-port,0.2,PM-Stokes,4.0,wave_data_pmstokes_H4.000_L112.766_A30.00_P30.00.csv,0.226874322,0.166486159,0.158414811,0.322931647,0.204790398,0.130535975,0.604365587,0.039759133,0.000124193262,1.04037023,15.2267733,3.9603703,3.67501426,0.908950865,0.0699928,0.0146919,15.0
gyro,y-port,0.2,PM-Stokes,8.5,wave_data_pmstokes_H8.500_L202.839_A-30.00_P72.00.csv,0.526802659,0.390604079,0.314508498,0.727329493,0.32515046,0.14628692,0.311310202,0.0582788475,0.000127465304,2.16781425,14.5080929,3.70009995,4.32180262,1.31817758,0.0757879,0.0147754,15.0
gyro,y-port,0.3,JONSWAP,0.27,wave_data_jonswap_H0.270_L14.047_A30.00_P60.00.csv,0.00913144276,0.00908700656,0.0115367305,0.0172931515,0.304573953,0.122124076,0.493335158,0.055849757,0.000105859581,0.0534430593,21.5869579,4.27286291,1.52991188,0.0500000007,0.0248212,0.0215572,15.0
gyro,y-port,0.3,JONSWAP,1.5,wave_data_jonswap_H1.500_L50.710_A-30.00_P120.00.csv,0.0692617744,0.0617540628,0.0614090078,0.111273646,0.164820656,0.115882643,0.382535994,0.0335396454,0.000112177346,0.390963972,15.7070751,4.09393358,2.50726056,0.392904758,0.0551902,0.0216645,15.0
gyro,y-port,0.3,JONSWAP,4.0,wave_data_jonswap_H4.000_L112.766_A30.00_P30.00.csv,0.233885899,0.173227012,0.160948619,0.332587838,0.21886386,0.130343184,0.828419924,0.0420034416,0.000131777313,1.04307246,15.4302435,4.0237155,3.93687892,0.841279268,0.0834455,0.0218367,15.0
gyro,y-port,0.3,JONSWAP,8.5,wave_data_jonswap_H8.500_L202.839_A-30.00_P72.00.csv,0.523839951,0.409771264,0.315129548,0.735953391,0.28537181,0.144641966,0.352383882,0.052320715,0.000125642575,2.15460348,14.6258717,3.70740628,4.49628639,1.10260057,0.0893374,0.0218996,15.0
gyro,y-port,0.3,PM-Stokes,0.27,wave_data_pmstokes_H0.270_L14.047_A30.00_P60.00.csv,0.00917575415,0.00901524816,0.0114486758,0.0172203761,0.309583604,0.121673964,0.662939489,0.0566307046,0.000101648839,0.0499124601,22.9375095,4.24025011,1.51905191,0.086570099,0.0254484,0.0215618,15.0
gyro,y-port,0.3,PM-Stokes,1.5,wave_data_pmstokes_H1.500_L50.710_A-30.00_P120.00.csv,0.0668601394,0.0585343093,0.0602580272,0.10736654,0.165420726,0.115825795,0.253702223,0.0335048214,0.000115768191,0.385561794,15.6286297,4.01720142,2.32689548,0.436146975,0.0680789,0.0217469,15.0
gyro,y-port,0.3,PM-Stokes,4.0,wave_data_pmstokes_H4.000_L112.766_A30.00_P30.00.csv,0.227052286,0.166453376,0.158517748,0.323090315,0.2036677,0.130625322,0.608853579,0.0395784304,0.000124600294,1.04037023,15.2366676,3.96294379,3.67471457,0.909250796,0.104989,0.0220379,15.0
gyro,y-port,0.3,PM-Stokes,8.5,wave_data_pmstokes_H8.500_L202.839_A-30.00_P72.00.csv,0.52667284,0.390717924,0.314436287,0.727265358,0.323923737,0.146162108,0.320908964,0.0580961071,0.000128087006,2.16781425,14.5047617,3.69925046,4.3220067,1.31791735,0.113682,0.0221631,15.0
gyro,z-vertical,0.1,JONSWAP,0.27,wave_data_jonswap_H0.270_L14.047_A30.00_P60.00.csv,0.00913314056,0.00907943118,0.0114739165,0.0172482207,0.307700843,0.120958954,0.493127137,0.0562745966,0.000105806357,0.0534430593,21.4694233,4.2495985,1.53012753,0.0500000007,0.0138706,0.00720597,15.0
gyro,z-vertical,0.1,JONSWAP,1.5,wave_data_jonswap_H1.500_L50.710_A-30.00_P120.00.csv,0.0693116263,0.0617883615,0.061490424,0.111368641,0.170725524,0.116383955,0.368797213,0.0344156995,0.000109820503,0.390963972,15.7279005,4.09936142,2.50650477,0.393547416,0.0298166,0.00729796,15.0
gyro,z-vertical,0.1,JONSWAP,4.0,wave_data_jonswap_H4.000_L112.766_A30.00_P30.00.csv,0.233709186,0.173124731,0.160751984,0.332315147,0.223751143,0.128124803,0.838130772,0.0425890721,0.000129974593,1.04307246,15.4113922,4.01879978,3.93756294,0.840551257,0.0393734,0.00737445,15.0
gyro,z-vertical,0.1,JONSWAP,8.5,wave_data_jonswap_H8.500_L202.839_A-30.00_P72.00.csv,0.523959458,0.409810007,0.315355808,0.73615694,0.290619284,0.142619863,0.311343312,0.052924037,0.000124249083,2.15460348,14.6363735,3.71006823,4.49569893,1.10322165,0.0460494,0.00745148,15.0
gyro,z-vertical,0.1,PM-Stokes,0.27,wave_data_pmstokes_H0.270_L14.047_A30.00_P60.00.csv,0.00917750783,0.00901144743,0.0113763269,0.0171713028,0.31283775,0.119749099,0.658791482,0.0570274219,0.000101636739,0.0499124601,22.7925606,4.21345425,1.51954758,0.0851562023,0.0133853,0.00720661,15.0
gyro,z-vertical,0.1,PM-Stokes,1.5,wave_data_pmstokes_H1.500_L50.710_A-30.00_P120.00.csv,0.0669564009,0.0585726872,0.0603534803,0.107500985,0.171200469,0.116672307,0.229286581,0.0343892798,0.000113877322,0.385561794,15.6533871,4.02356529,2.32604933,0.436498731,0.036426,0.00736172,15.0
gyro,z-vertical,0.1,PM-Stokes,4.0,wave_data_pmstokes_H4.000_L112.766_A30.00_P30.00.csv,0.226769716,0.166376188,0.15825288,0.322722048,0.207745746,0.127615362,0.621284664,0.0399717838,0.000123322563,1.04037023,15.2112083,3.95632195,3.67564011,0.908221126,0.0487928,0.00748048,15.0
gyro,z-vertical,0.1,PM-Stokes,8.5,wave_data_pmstokes_H8.500_L202.839_A-30.00_P72.00.csv,0.526936412,0.390744269,0.314825445,0.727638721,0.328712821,0.144675449,0.293996662,0.0586773343,0.000126780491,2.16781425,14.5227127,3.70382881,4.32146835,1.31851125,0.0572694,0.00759921,15.0
gyro,z-vertical,0.2,JONSWAP,0.27,wave_data_jonswap_H0.270_L14.047_A30.00_P60.00.csv,0.00913898461,0.00907632522,0.011475292,0.0172505956,0.307701826,0.12098451,0.493064344,0.0562768504,0.000105764622,0.0534430593,21.4719982,4.25010824,1.53012621,0.0500000007,0.0277413,0.0144119,15.0
gyro,z-vertical,0.2,JONSWAP,1.5,wave_data_jonswap_H1.500_L50.710_A-30.00_P120.00.csv,0.0693312585,0.0618167669,0.0614935234,0.111398339,0.171920344,0.114063933,0.356197864,0.034357015,0.000109592547,0.390963972,15.728694,4.09956789,2.50654507,0.393532395,0.0596331,0.0145959,15.0
gyro,z-vertical,0.2,JONSWAP,4.0,wave_data_jonswap_H4.000_L112.766_A30.00_P30.00.csv,0.233905718,0.17299448,0.160794243,0.332406014,0.224679977,0.125351518,0.866546452,0.042490866,0.000129606851,1.04307246,15.4154425,4.01985598,3.93757129,0.840544343,0.0787468,0.0147489,15.0
gyro,z-vertical,0.2,JONSWAP,8.5,wave_data_jonswap_H8.500_L202.839_A-30.00_P72.00.csv,0.523799837,0.410050273,0.315457642,0.736220777,0.29176569,0.140322357,0.295359522,0.0529172793,0.000124561484,2.15460348,14.6410999,3.71126628,4.49573326,1.10338259,0.0920987,0.014903,15.0
gyro,z-vertical,0.2,PM-Stokes,0.27,wave_data_pmstokes_H0.270_L14.047_A30.00_P60.00.csv,0.00918391161,0.00900991075,0.0113768885,0.0171742924,0.312829167,0.119815804,0.65903312,0.0570305847,0.000101612248,0.0499124601,22.793684,4.21366215,1.51959503,0.0851585865,0.0267706,0.0144132,15.0
gyro,z-vertical,0.2,PM-Stokes,1.5,wave_data_pmstokes_H1.500_L50.710_A-30.00_P120.00.csv,0.0669697598,0.0586042926,0.0603587776,0.107529506,0.172481477,0.11420913,0.224701494,0.0343281031,0.000113817157,0.385561794,15.6547613,4.02391815,2.32604623,0.436478734,0.072852,0.0147234,15.0
gyro,z-vertical,0.2,PM-Stokes,4.0,wave_data_pmstokes_H4.000_L112.766_A30.00_P30.00.csv,0.226987004,0.166264057,0.158304587,0.32284233,0.208339274,0.125343144,0.644758642,0.0398550928,0.000123029851,1.04037023,15.2161779,3.95761466,3.67565989,0.908201993,0.0975856,0.014961,15.0
gyro,z-vertical,0.2,PM-Stokes,8.5,wave_data_pmstokes_H8.500_L202.839_A-30.00_P72.00.csv,0.526856005,0.390972644,0.314927042,0.727747142,0.329907805,0.142996222,0.294582725,0.0587415621,0.000127033432,2.16781425,14.5274,3.705024,4.32152224,1.31846309,0.114539,0.0151984,15.0
gyro,z-vertical,0.3,JONSWAP,0.27,wave_data_jonswap_H0.270_L14.047_A30.00_P60.00.csv,0.00914684962,0.00907473266,0.011476066,0.0172544401,0.307673156,0.121071309,0.493439257,0.0562785082,0.000105715539,0.0534430593,21.4734459,4.25039482,1.53032684,0.0500000007,0.0416119,0.0216179,15.0
gyro,z-vertical,0.3,JONSWAP,1.5,wave_data_jonswap_H1.500_L50.710_A-30.00_P120.00.csv,0.0693558156,0.0618450642,0.0614948012,0.111430027,0.173050493,0.111964785,0.353497803,0.0343174562,0.000109926899,0.390963972,15.7290201,4.09965324,2.50655007,0.393517971,0.0894497,0.0218939,15.0
gyro,z-vertical,0.3,JONSWAP,4.0,wave_data_jonswap_H4.000_L112.766_A30.00_P30.00.csv,0.234123513,0.172889709,0.160848945,0.332531273,0.225595161,0.122703753,0.899645329,0.0424087495,0.000129552165,1.04307246,15.4206877,4.02122355,3.93758249,0.840539396,0.11812,0.0221233,15.0
gyro,z-vertical,0.3,JONSWAP,8.5,wave_data_jonswap_H8.500_L202.839_A-30.00_P72.00.csv,0.523642302,0.410320163,0.315559864,0.736302853,0.292815268,0.138395384,0.286332428,0.0529288612,0.000125432227,2.15460348,14.6458435,3.71246886,4.49578571,1.10335362,0.138148,0.0223544,15.0
gyro,z-vertical,0.3,PM-Stokes,0.27,wave_data_pmstokes_H0.270_L14.047_A30.00_P60.00.csv,0.00919244625,0.00900872517,0.0113781206,0.0171790514,0.312042296,0.120566897,0.661443591,0.0569548793,0.000101571568,0.0499124601,22.7961521,4.21411848,1.5195967,0.085350059,0.0401558,0.0216198,15.0
gyro,z-vertical,0.3,PM-Stokes,1.5,wave_data_pmstokes_H1.500_L50.710_A-30.00_P120.00.csv,0.0669899806,0.0586467162,0.0603612848,0.107566625,0.173782915,0.111900084,0.235738859,0.0342934541,0.000114279937,0.385561794,15.6554117,4.02408552,2.32606459,0.436458439,0.109278,0.0220852,15.0
gyro,z-vertical,0.3,PM-Stokes,4.0,wave_data_pmstokes_H4.000_L112.766_A30.00_P30.00.csv,0.227172717,0.166137964,0.158350796,0.322930694,0.208954722,0.123096272,0.672412872,0.03974998,0.000122970916,1.04037023,15.2206192,3.9587698,3.67567658,0.908124328,0.146378,0.0224415,15.0
gyro,z-vertical,0.3,PM-Stokes,8.5,wave_data_pmstokes_H8.500_L202.839_A-30.00_P72.00.csv,0.526676714,0.391248316,0.315010071,0.727801442,0.331015468,0.141547337,0.30036363,0.0588115975,0.000127782274,2.16781425,14.53123,3.7060008,4.3215785,1.31842339,0.171808,0.0227976,15.0
unmodeled,x-fore-aft,0.1,JONSWAP,0.27,wave_data_jonswap_H0.270_L14.047_A30.00_P60.00.csv,0.00912146084,0.00907417294,0.0109196231,0.0168754198,0.304390669,0.134092644,0.504170954,0.0566517524,0.000105713771,0.0534430593,20.4322567,4.04430485,1.53431392,0.0500000007,0.0111503,0.0111503,nan
unmodeled,x-fore-aft,0.1,JONSWAP,1.5,wave_data_jonswap_H1.500_L50.710_A-30.00_P120.00.csv,0.0693477839,0.0616780631,0.0606672689,0.110877484,0.170191512,0.124468781,0.399767876,0.0351827703,0.000110380555,0.390963972,15.517355,4.04448462,2.51116633,0.390235811,0.0237737,0.0237737,nan
unmodeled,x-fore-aft,0.1,JONSWAP,4.0,wave_data_jonswap_H4.000_L112.766_A30.00_P30.00.csv,0.233500943,0.17324008,0.159816876,0.331777394,0.22006923,0.136217624,0.800897062,0.0427838117,0.000130392829,1.04307246,15.3217421,3.99542189,3.9392848,0.83860141,0.0287423,0.0287423,nan
unmodeled,x-fore-aft,0.1,JONSWAP,8.5,wave_data_jonswap_H8.500_L202.839_A-30.00_P72.00.csv,0.524446309,0.40933454,0.313995749,0.735657573,0.28965804,0.151213482,0.342520714,0.053519927,0.000124180166,2.15460348,14.5732498,3.69406748,4.49734735,1.10113597,0.0364753,0.0364753,nan
unmodeled,x-fore-aft,0.1,PM-Stokes,0.27,wave_data_pmstokes_H0.270_L14.047_A30.00_P60.00.csv,0.00916780718,0.00901526399,0.0109251728,0.0168725532,0.309736699,0.132075727,0.681896031,0.0573591143,0.000101533828,0.0499124601,21.8886681,4.04636002,1.5248003,0.0804149359,0.0103683,0.0103683,nan
unmodeled,x-fore-aft,0.1,PM-Stokes,1.5,wave_data_pmstokes_H1.500_L50.710_A-30.00_P120.00.csv,0.0669625327,0.0585223958,0.0595034473,0.107002392,0.170800745,0.125558168,0.254951,0.0352628827,0.000114124676,0.385561794,15.4329205,3.9668963,2.33148623,0.432182282,0.0290229,0.0290229,nan
unmodeled,x-fore-aft,0.1,PM-Stokes,4.0,wave_data_pmstokes_H4.000_L112.766_A30.00_P30.00.csv,0.226578519,0.166631117,0.157351643,0.322278291,0.204163671,0.135533229,0.588117421,0.040209081,0.000123552119,1.04037023,15.1245823,3.93379116,3.67803097,0.90529263,0.0356036,0.0356036,nan
unmodeled,x-fore-aft,0.1,PM-Stokes,8.5,wave_data_pmstokes_H8.500_L202.839_A-30.00_P72.00.csv,0.527188122,0.390092105,0.313355744,0.726836264,0.327244729,0.152534291,0.299222022,0.0590743385,0.000126581173,2.16781425,14.454917,3.68653798,4.32325649,1.31557477,0.0453972,0.0453972,nan
unmodeled,x-fore-aft,0.2,JONSWAP,0.27,wave_data_jonswap_H0.270_L14.047_A30.00_P60.00.csv,0.00911606941,0.00906599592,0.0109537765,0.0168902408,0.299479246,0.147792652,0.517614186,0.0569174178,0.000105556501,0.0534430593,20.4961643,4.05695438,1.53802574,0.0500000007,0.0223007,0.0223007,nan
unmodeled,x-fore-aft,0.2,JONSWAP,1.5,wave_data_jonswap_H1.500_L50.710_A-30.00_P120.00.csv,0.0694308653,0.0616809241,0.0608260557,0.111017972,0.170730993,0.130774945,0.413892269,0.0359387845,0.000110297995,0.390963972,15.5579691,4.0550704,2.51506734,0.387350321,0.0475473,0.0475473,nan
unmodeled,x-fore-aft,0.2,JONSWAP,4.0,wave_data_jonswap_H4.000_L112.766_A30.00_P30.00.csv,0.233470231,0.173304424,0.159647405,0.331707805,0.217118993,0.141900793,0.787381768,0.0429042093,0.000130247878,1.04307246,15.3054953,3.99118519,3.94061756,0.836763144,0.0574845,0.0574845,nan
unmodeled,x-fore-aft,0.2,JONSWAP,8.5,wave_data_jonswap_H8.500_L202.839_A-30.00_P72.00.csv,0.524565279,0.40853861,0.313373744,0.735034466,0.289964676,0.157204211,0.353194237,0.054108642,0.000123926147,2.15460348,14.5443811,3.68674994,4.49861002,1.09968853,0.0729506,0.0729506,nan
unmodeled,x-fore-aft,0.2,PM-Stokes,0.27,wave_data_pmstokes_H0.270_L14.047_A30.00_P60.00.csv,0.00916324463,0.00901808031,0.0109234853,0.0168704875,0.306758761,0.146754369,0.708682656,0.057965748,0.000101413665,0.0499124601,21.8852882,4.04573536,1.53001142,0.0768050998,0.0207366,0.0207366,nan
unmodeled,x-fore-aft,0.2,PM-Stokes,1.5,wave_data_pmstokes_H1.500_L50.710_A-30.00_P120.00.csv,0.0670287386,0.058516562,0.0599178709,0.107271582,0.171610683,0.132358745,0.267808944,0.0361135602,0.000113982212,0.385561794,15.5404062,3.99452448,2.33604026,0.428120613,0.0580458,0.0580458,nan
unmodeled,x-fore-aft,0.2,PM-Stokes,4.0,wave_data_pmstokes_H4.000_L112.766_A30.00_P30.00.csv,0.22655797,0.166775674,0.157481208,0.322401881,0.200990885,0.141552806,0.574714601,0.0403667353,0.000123378442,1.04037023,15.1370354,3.93703032,3.6798656,0.902873755,0.0712072,0.0712072,nan
unmodeled,x-fore-aft,0.2,PM-Stokes,8.5,wave_data_pmstokes_H8.500_L202.839_A-30.00_P72.00.csv,0.527336359,0.38987717,0.312814981,0.726595521,0.327052623,0.15891327,0.302843928,0.0595767386,0.000126208455,2.16781425,14.4299717,3.68017626,4.32466316,1.31298256,0.0907945,0.0907945,nan
unmodeled,x-fore-aft,0.3,JONSWAP,0.27,wave_data_jonswap_H0.270_L14.047_A30.00_P60.00.csv,0.00910995435,0.00906320196,0.0115662972,0.017289076,0.294797301,0.164092064,0.536388338,0.0575443991,0.000105400068,0.0534430593,21.6422806,4.28381348,1.54165173,0.0500000007,0.033451,0.033451,nan
unmodeled,x-fore-aft,0.3,JONSWAP,1.5,wave_data_jonswap_H1.500_L50.710_A-30.00_P120.00.csv,0.0695377886,0.0614890717,0.0619459823,0.111596212,0.17188251,0.136841401,0.426349878,0.0367672481,0.000110171321,0.390963972,15.8444223,4.12973213,2.51812768,0.38563171,0.071321,0.071321,nan
unmodeled,x-fore-aft,0.3,JONSWAP,4.0,wave_data_jonswap_H4.000_L112.766_A30.00_P30.00.csv,0.233437687,0.173432872,0.160188124,0.332012564,0.214082196,0.147902817,0.773726881,0.0430729687,0.00013012081,1.04307246,15.3573341,4.00470304,3.94150925,0.835639417,0.0862268,0.0862268,nan
unmodeled,x-fore-aft,0.3,JONSWAP,8.5,wave_data_jonswap_H8.500_L202.839_A-30.00_P72.00.csv,0.524860501,0.408052981,0.31327495,0.734933317,0.290151805,0.16391921,0.366198748,0.054759033,0.000123672871,2.15460348,14.5397959,3.68558764,4.49944544,1.09836817,0.109426,0.109426,nan
unmodeled,x-fore-aft,0.3,PM-Stokes,0.27,wave_data_pmstokes_H0.270_L14.047_A30.00_P60.00.csv,0.00915888418,0.00901943445,0.0113698402,0.0171612538,0.302643299,0.162346318,0.737676144,0.0585808419,0.000101287158,0.0499124601,22.779562,4.21105194,1.53472257,0.072025083,0.0311049,0.0311049,nan
unmodeled,x-fore-aft,0.3,PM-Stokes,1.5,wave_data_pmstokes_H1.500_L50.710_A-30.00_P120.00.csv,0.0670883358,0.0585409552,0.0615504086,0.10824205,0.172435373,0.139655203,0.282175899,0.0370399468,0.000113836824,0.385561794,15.9638243,4.10336065,2.33964109,0.42525956,0.0870687,0.0870687,nan
unmodeled,x-fore-aft,0.3,PM-Stokes,4.0,wave_data_pmstokes_H4.000_L112.766_A30.00_P30.00.csv,0.226579964,0.166890591,0.158577785,0.323013723,0.197724208,0.147845998,0.561431885,0.040574871,0.000123192513,1.04037023,15.2424383,3.96444464,3.68116117,0.901215196,0.106811,0.106811,nan
unmodeled,x-fore-aft,0.3,PM-Stokes,8.5,wave_data_pmstokes_H8.500_L202.839_A-30.00_P72.00.csv,0.527411401,0.389692038,0.313162178,0.726700246,0.3269867,0.165446505,0.307419956,0.0601261482,0.000125873732,2.16781425,14.4459877,3.68426085,4.32563591,1.31129837,0.136192,0.136192,nan
unmodeled,y-port,0.1,JONSWAP,0.27,wave_data_jonswap_H0.270_L14.047_A30.00_P60.00.csv,0.00911017787,0.00905173551,0.0105575286,0.016625002,0.309536129,0.123258807,0.495329767,0.0567185022,0.000105820538,0.0534430593,19.7547245,3.91019559,1.5336225,0.0500000007,0.00827373,0.00827373,nan
unmodeled,y-port,0.1,JONSWAP,1.5,wave_data_jonswap_H1.500_L50.710_A-30.00_P120.00.csv,0.0692789927,0.0617737658,0.0628599077,0.112102382,0.168230638,0.117057726,0.383853287,0.0341233797,0.000110519992,0.390963972,16.0781841,4.19066048,2.49811721,0.399513274,0.0183967,0.0183967,nan
unmodeled,y-port,0.1,JONSWAP,4.0,wave_data_jonswap_H4.000_L112.766_A30.00_P30.00.csv,0.233488783,0.173392609,0.160200447,0.332033426,0.219947055,0.13353917,0.80715847,0.042510014,0.000130332555,1.04307246,15.3585148,4.00501108,3.94275832,0.834863722,0.0278152,0.0278152,nan
unmodeled,y-port,0.1,JONSWAP,8.5,wave_data_jonswap_H8.500_L202.839_A-30.00_P72.00.csv,0.5240224,0.409544915,0.316151589,0.736395538,0.288504899,0.14324522,0.328562647,0.0526332408,0.000124558006,2.15460348,14.6733065,3.71943045,4.49291945,1.10735118,0.0297791,0.0297791,nan
unmodeled,y-port,0.1,PM-Stokes,0.27,wave_data_pmstokes_H0.270_L14.047_A30.00_P60.00.csv,0.00916067231,0.00900320709,0.0105449911,0.0166184381,0.313346058,0.122058086,0.663249433,0.0572564527,0.000101617785,0.0499124601,21.1269722,3.90555215,1.52444613,0.0801272243,0.00848278,0.00848278,nan
unmodeled,y-port,0.1,PM-Stokes,1.5,wave_data_pmstokes_H1.500_L50.710_A-30.00_P120.00.csv,0.0669081733,0.0585147329,0.0621147268,0.108438537,0.168466702,0.117326692,0.241299033,0.034061756,0.000114403185,0.385561794,16.1101875,4.14098167,2.31571317,0.443251073,0.022693,0.022693,nan
unmodeled,y-port,0.1,PM-Stokes,4.0,wave_data_pmstokes_H4.000_L112.766_A30.00_P30.00.csv,0.226530716,0.166540965,0.157663196,0.322350353,0.204346374,0.132955551,0.594123721,0.039978411,0.000123456673,1.04037023,15.1545277,3.94157982,3.68262196,0.900396168,0.0349964,0.0349964,nan
unmodeled,y-port,0.1,PM-Stokes,8.5,wave_data_pmstokes_H8.500_L202.839_A-30.00_P72.00.csv,0.527029276,0.390269518,0.316210061,0.728051484,0.327233464,0.144572496,0.295690984,0.0584219955,0.000127267092,2.16781425,14.586585,3.72011828,4.31878948,1.32355416,0.037894,0.037894,nan
unmodeled,y-port,0.2,JONSWAP,0.27,wave_data_jonswap_H0.270_L14.047_A30.00_P60.00.csv,0.00909296703,0.00902787503,0.00995532796,0.0162263103,0.309352189,0.125576317,0.497231036,0.0568466596,0.000105765845,0.0534430593,18.6279163,3.68715835,1.53744352,0.0500000007,0.0165475,0.0165475,nan
unmodeled,y-port,0.2,JONSWAP,1.5,wave_data_jonswap_H1.500_L50.710_A-30.00_P120.00.csv,0.0692848712,0.0621732809,0.0649156272,0.113489866,0.167985842,0.115234055,0.380441457,0.0339009501,0.000110607303,0.390963972,16.6039925,4.32770824,2.48931956,0.405350953,0.0367935,0.0367935,nan
unmodeled,y-port,0.2,JONSWAP,4.0,wave_data_jonswap_H4.000_L112.766_A30.00_P30.00.csv,0.233464703,0.173570946,0.160265282,0.332140952,0.216839135,0.136517748,0.79945004,0.0423319936,0.000130146975,1.04307246,15.3647308,4.00663185,3.94760442,0.829347551,0.0556303,0.0556303,nan
unmodeled,y-port,0.2,JONSWAP,8.5,wave_data_jonswap_H8.500_L202.839_A-30.00_P72.00.csv,0.524031639,0.409494311,0.317570508,0.736984253,0.287614197,0.14135474,0.326535791,0.0523240678,0.000124709492,2.15460348,14.7391624,3.73612356,4.48989916,1.11131072,0.0595583,0.0595583,nan
unmodeled,y-port,0.2,PM-Stokes,0.27,wave_data_pmstokes_H0.270_L14.047_A30.00_P60.00.csv,0.0091503514,0.00899633579,0.0100366939,0.0162910465,0.31215921,0.123942211,0.666778147,0.0571903549,0.000101585501,0.0499124601,20.108593,3.71729398,1.53011167,0.0782706141,0.0169656,0.0169656,nan
unmodeled,y-port,0.2,PM-Stokes,1.5,wave_data_pmstokes_H1.500_L50.710_A-30.00_P120.00.csv,0.0669213533,0.0585219823,0.0647133961,0.109959595,0.167511627,0.115488507,0.238342971,0.0337361246,0.000114475217,0.385561794,16.7841835,4.31422615,2.3050518,0.450001031,0.0453859,0.0453859,nan
unmodeled,y-port,0.2,PM-Stokes,4.0,wave_data_pmstokes_H4.000_L112.766_A30.00_P30.00.csv,0.226552054,0.166664794,0.157913148,0.322551638,0.201215327,0.136242762,0.586538196,0.0398487337,0.000123211066,1.04037023,15.1785536,3.94782877,3.68915462,0.893285155,0.0699928,0.0699928,nan
unmodeled,y-port,0.2,PM-Stokes,8.5,wave_data_pmstokes_H8.500_L202.839_A-30.00_P72.00.csv,0.526969433,0.390455067,0.318064153,0.728914797,0.327141404,0.142879665,0.294465691,0.0582621098,0.000127524647,2.16781425,14.6721125,3.7419312,4.31588125,1.32872057,0.0757879,0.0757879,nan
unmodeled,y-port,0.3,JONSWAP,0.27,wave_data_jonswap_H0.270_L14.047_A30.00_P60.00.csv,0.00908210687,0.00901142601,0.00975421071,0.0160883535,0.306567699,0.12836501,0.49903062,0.0565981567,0.000105717023,0.0534430593,18.2515945,3.61267066,1.54142439,0.0500000007,0.0248212,0.0248212,nan
unmodeled,y-port,0.3,JONSWAP,1.5,wave_data_jonswap_H1.500_L50.710_A-30.00_P120.00.csv,0.0692872256,0.0621854365,0.067481406,0.114984728,0.166772887,0.113659471,0.377606362,0.0335636176,0.000110694236,0.390963972,17.2602634,4.49876022,2.48021054,0.411166638,0.0551902,0.0551902,nan
unmodeled,y-port,0.3,JONSWAP,4.0,wave_data_jonswap_H4.000_L112.766_A30.00_P30.00.csv,0.233403862,0.173679024,0.160878986,0.332451224,0.21376875,0.139789224,0.791071415,0.0422037467,0.000129952634,1.04307246,15.4235668,4.02197456,3.95209169,0.824435353,0.0834455,0.0834455,nan
unmodeled,y-port,0.3,JONSWAP,8.5,wave_data_jonswap_H8.500_L202.839_A-30.00_P72.00.csv,0.523874462,0.409833878,0.319224715,0.737775505,0.286986619,0.139729902,0.3248671,0.0520786457,0.000124862447,2.15460348,14.815938,3.75558472,4.48662424,1.11575699,0.0893374,0.0893374,nan
unmodeled,y-port,0.3,PM-Stokes,0.27,wave_data_pmstokes_H0.270_L14.047_A30.00_P60.00.csv,0.00914384611,0.00899249408,0.00991365593,0.0162097327,0.309163958,0.126997039,0.673131883,0.0569191054,0.000101546815,0.0499124601,19.8620872,3.67172432,1.53554618,0.0765083283,0.0254484,0.0254484,nan
unmodeled,y-port,0.3,PM-Stokes,1.5,wave_data_pmstokes_H1.500_L50.710_A-30.00_P120.00.csv,0.0669394583,0.0584896542,0.0679627061,0.111896649,0.166390926,0.113831155,0.236119524,0.0334035642,0.000114582363,0.385561794,17.6269283,4.53084707,2.29414964,0.456861913,0.0680789,0.0680789,nan
unmodeled,y-port,0.3,PM-Stokes,4.0,wave_data_pmstokes_H4.000_L112.766_A30.00_P30.00.csv,0.226488292,0.166836858,0.158978194,0.323118478,0.197991908,0.139763176,0.578629971,0.0397462063,0.000122948797,1.04037023,15.2809248,3.97445488,3.69520307,0.886602521,0.104989,0.104989,nan
unmodeled,y-port,0.3,PM-Stokes,8.5,wave_data_pmstokes_H8.500_L202.839_A-30.00_P72.00.csv,0.527152777,0.390447617,0.32054171,0.730127633,0.327108949,0.141154945,0.294010401,0.0581105426,0.000127882464,2.16781425,14.7864017,3.77107882,4.31270456,1.33407724,0.113682,0.113682,nan
unmodeled,z-vertical,0.1,JONSWAP,0.27,wave_data_jonswap_H0.270_L14.047_A30.00_P60.00.csv,0.00826084986,0.00900039449,0.0114671169,0.0167554021,0.311356068,0.118638746,0.50255245,0.0567041598,0.000105836822,0.0534430593,21.4566994,4.24708033,1.53002036,0.0500000007,0.0138706,0.0138706,nan
unmodeled,z-vertical,0.1,JONSWAP,1.5,wave_data_jonswap_H1.500_L50.710_A-30.00_P120.00.csv,0.0666954592,0.0614708513,0.0614934266,0.109582804,0.167099521,0.118757777,0.374548405,0.0341425277,0.000110344998,0.390963972,15.7286682,4.09956169,2.50640488,0.393683732,0.0298166,0.0298166,nan
unmodeled,z-vertical,0.1,JONSWAP,4.0,wave_data_jonswap_H4.000_L112.766_A30.00_P30.00.csv,0.229194209,0.17199555,0.160749614,0.328561842,0.228139028,0.131028965,0.810602784,0.0435072817,0.00013146257,1.04307246,15.4111643,4.01874018,3.93764496,0.840542853,0.0393734,0.0393734,nan
unmodeled,z-vertical,0.1,JONSWAP,8.5,wave_data_jonswap_H8.500_L202.839_A-30.00_P72.00.csv,0.518510222,0.407316417,0.315351695,0.730894089,0.283420086,0.144254103,0.322324365,0.0519513674,0.000124421771,2.15460348,14.6361828,3.71001983,4.49567652,1.10307205,0.0460494,0.0460494,nan
unmodeled,z-vertical,0.1,PM-Stokes,0.27,wave_data_pmstokes_H0.270_L14.047_A30.00_P60.00.csv,0.00840101205,0.00887791906,0.0113701066,0.016693525,0.31643495,0.117387049,0.666436791,0.0574522465,0.000101640282,0.0499124601,22.780098,4.21115065,1.51969028,0.0853453577,0.0133853,0.0133853,nan
unmodeled,z-vertical,0.1,PM-Stokes,1.5,wave_data_pmstokes_H1.500_L50.710_A-30.00_P120.00.csv,0.0645212531,0.0582763776,0.0603374913,0.105828829,0.166195631,0.119313642,0.234989882,0.033949092,0.000114045841,0.385561794,15.6492405,4.02249908,2.32603741,0.436451554,0.036426,0.036426,nan
unmodeled,z-vertical,0.1,PM-Stokes,4.0,wave_data_pmstokes_H4.000_L112.766_A30.00_P30.00.csv,0.22228156,0.165204123,0.158251286,0.318974853,0.215114757,0.130482927,0.599282265,0.0413394906,0.000124955026,1.04037023,15.2110548,3.95628214,3.67578125,0.908374488,0.0487928,0.0487928,nan
unmodeled,z-vertical,0.1,PM-Stokes,8.5,wave_data_pmstokes_H8.500_L202.839_A-30.00_P72.00.csv,0.521190047,0.388193011,0.314840138,0.722119927,0.318579525,0.145545259,0.299248964,0.0571537018,0.00012680197,2.16781425,14.5233908,3.70400167,4.32140684,1.31871593,0.0572694,0.0572694,nan
unmodeled,z-vertical,0.2,JONSWAP,0.27,wave_data_jonswap_H0.270_L14.047_A30.00_P60.00.csv,0.00849235617,0.009512702,0.0114620114,0.0171461161,0.314850867,0.116469309,0.511692226,0.0571231842,0.000105814863,0.0534430593,21.4471474,4.24518919,1.53022063,0.0500000007,0.0277413,0.0277413,nan
unmodeled,z-vertical,0.2,JONSWAP,1.5,wave_data_jonswap_H1.500_L50.710_A-30.00_P120.00.csv,0.0650262684,0.061904721,0.0614904761,0.108819522,0.16462329,0.118884794,0.362883925,0.03380768,0.000110243986,0.390963972,15.7279139,4.09936476,2.50630951,0.393242955,0.0596331,0.0596331,nan
unmodeled,z-vertical,0.2,JONSWAP,4.0,wave_data_jonswap_H4.000_L112.766_A30.00_P30.00.csv,0.225371063,0.171396226,0.160797939,0.325614452,0.233379692,0.131270379,0.806989014,0.0443220213,0.000132403686,1.04307246,15.4157972,4.01994848,3.93773699,0.840552688,0.0787468,0.0787468,nan
unmodeled,z-vertical,0.2,JONSWAP,8.5,wave_data_jonswap_H8.500_L202.839_A-30.00_P72.00.csv,0.513187468,0.405312032,0.315458834,0.726053357,0.277353227,0.14352487,0.314887464,0.0509612933,0.000124411279,2.15460348,14.6411552,3.71128035,4.495646,1.10292029,0.0920987,0.0920987,nan
unmodeled,z-vertical,0.2,PM-Stokes,0.27,wave_data_pmstokes_H0.270_L14.047_A30.00_P60.00.csv,0.00846350472,0.00934587792,0.0113641042,0.0169740748,0.32071209,0.114588298,0.67270118,0.0579643361,0.000101627134,0.0499124601,22.7680721,4.20892715,1.51970971,0.0853446126,0.0267706,0.0267706,nan
unmodeled,z-vertical,0.2,PM-Stokes,1.5,wave_data_pmstokes_H1.500_L50.710_A-30.00_P120.00.csv,0.0633469522,0.0590219013,0.0603356138,0.105531074,0.162511185,0.119298123,0.226611942,0.0334297977,0.000113768459,0.385561794,15.6487532,4.02237415,2.32598448,0.43677485,0.072852,0.072852,nan
unmodeled,z-vertical,0.2,PM-Stokes,4.0,wave_data_pmstokes_H4.000_L112.766_A30.00_P30.00.csv,0.218695506,0.164824501,0.158317849,0.316321641,0.223052502,0.131178558,0.597617984,0.0425977409,0.000126263665,1.04037023,15.217453,3.9579463,3.67593789,0.908278584,0.0975856,0.0975856,nan
unmodeled,z-vertical,0.2,PM-Stokes,8.5,wave_data_pmstokes_H8.500_L202.839_A-30.00_P72.00.csv,0.515851438,0.386500686,0.314991713,0.717429638,0.309537917,0.144556567,0.302479237,0.0556610227,0.000126619037,2.16781425,14.5303831,3.7057848,4.321383,1.31893313,0.114539,0.114539,nan
unmodeled,z-vertical,0.3,JONSWAP,0.27,wave_data_jonswap_H0.270_L14.047_A30.00_P60.00.csv,0.0097454749,0.0105350213,0.0114565995,0.018363405,0.318264484,0.114379242,0.521175444,0.0575400554,0.000105795043,0.0534430593,21.4370193,4.24318504,1.53031766,0.0500000007,0.0416119,0.0416119,nan
unmodeled,z-vertical,0.3,JONSWAP,1.5,wave_data_jonswap_H1.500_L50.710_A-30.00_P120.00.csv,0.0643624961,0.0630531684,0.0614820197,0.109079197,0.162,0.119035587,0.351381481,0.0334571041,0.000110145309,0.390963972,15.7257509,4.09880114,2.506212,0.393394947,0.0894497,0.0894497,nan
unmodeled,z-vertical,0.3,JONSWAP,4.0,wave_data_jonswap_H4.000_L112.766_A30.00_P30.00.csv,0.222070053,0.171367079,0.160850659,0.323349208,0.238618881,0.131484076,0.803846538,0.0451362021,0.000133404261,1.04307246,15.4208517,4.02126646,3.93781829,0.840532243,0.11812,0.11812,nan
unmodeled,z-vertical,0.3,JONSWAP,8.5,wave_data_jonswap_H8.500_L202.839_A-30.00_P72.00.csv,0.508265793,0.40371421,0.315570891,0.721736968,0.271225423,0.142761424,0.307932049,0.0499600768,0.000124412807,2.15460348,14.6463556,3.71259856,4.49561214,1.10261858,0.138148,0.138148,nan
unmodeled,z-vertical,0.3,PM-Stokes,0.27,wave_data_pmstokes_H0.270_L14.047_A30.00_P60.00.csv,0.00934243575,0.0103370203,0.0113596777,0.0179771353,0.326626122,0.112013973,0.679300725,0.0587618835,0.000101604375,0.0499124601,22.759201,4.20728779,1.5197165,0.0845701471,0.0401558,0.0401558,nan
unmodeled,z-vertical,0.3,PM-Stokes,1.5,wave_data_pmstokes_H1.500_L50.710_A-30.00_P120.00.csv,0.0634782612,0.0607763305,0.0603437349,0.106604964,0.158791631,0.119340844,0.219445378,0.0329153948,0.000113513794,0.385561794,15.6508589,4.02291536,2.32589889,0.436752081,0.109278,0.109278,nan
unmodeled,z-vertical,0.3,PM-Stokes,4.0,wave_data_pmstokes_H4.000_L112.766_A30.00_P30.00.csv,0.215877995,0.165301517,0.15840891,0.314676464,0.23100166,0.131873176,0.596415937,0.0438633263,0.000127590421,1.04037023,15.2262058,3.96022272,3.67605281,0.908453465,0.146378,0.146378,nan
unmodeled,z-vertical,0.3,PM-Stokes,8.5,wave_data_pmstokes_H8.500_L202.839_A-30.00_P72.00.csv,0.511075377,0.38533029,0.315155298,0.713442624,0.300431907,0.143588409,0.306704283,0.0541625284,0.000126474231,2.16781425,14.5379286,3.70770931,4.32130957,1.31922698,0.171808,0.171808,nan
