scenario,delay_ms,mode,vector_rms_uT,heading_rms_deg,heading_peak_deg,unavailable_feedback_rate,tail_heading_rms_deg,heading_vs_replay_rms_deg
yaw,5,shipping_delayed_hold,0.47859928,1.62228968,2.64000813,0.00000000,1.19772313,0.96462567
yaw,5,aligned_hold,0.25452333,0.71585216,1.46142826,0.00000000,0.25871078,0.03036248
yaw,5,timestamp_replay,0.25452467,0.71763869,1.49396728,0.00000000,0.26219984,0.00000000
combined_variable,5,shipping_delayed_hold,0.53413921,0.97544641,2.58282237,0.00000000,1.34620459,0.80490037
combined_variable,5,aligned_hold,0.25481825,0.77462989,2.26695345,0.00000000,0.41013051,0.03208058
combined_variable,5,timestamp_replay,0.25481976,0.77719288,2.29823571,0.00000000,0.41214251,0.00000000
yaw,10,shipping_delayed_hold,0.54246087,1.81469222,2.85335763,0.00000000,1.39287017,1.16034402
yaw,10,aligned_hold,0.25465711,0.71597526,1.46241180,0.00000000,0.25799030,0.05760217
yaw,10,timestamp_replay,0.25466002,0.71993322,1.52442309,0.00000000,0.26833757,0.00000000
combined_variable,10,shipping_delayed_hold,0.60914574,1.09421209,2.95896089,0.00000000,1.65396993,0.98208383
combined_variable,10,aligned_hold,0.25496400,0.77513063,2.25859329,0.00000000,0.40869427,0.06077366
combined_variable,10,timestamp_replay,0.25496725,0.77953049,2.31681383,0.00000000,0.41651028,0.00000000
yaw,20,shipping_delayed_hold,0.68134329,2.23151511,3.32053915,0.00000000,1.82119390,1.58392210
yaw,20,aligned_hold,0.25484079,0.70957349,1.45995294,0.00000000,0.25162457,0.10466199
yaw,20,timestamp_replay,0.25484742,0.72620412,1.56494831,0.00000000,0.28445212,0.00000000
combined_variable,20,shipping_delayed_hold,0.77031850,1.38591923,3.73615446,0.00000000,2.30437515,1.34896254
combined_variable,20,aligned_hold,0.25506714,0.77526967,2.25291058,0.00000000,0.40866110,0.10981367
combined_variable,20,timestamp_replay,0.25507454,0.78591602,2.36582726,0.00000000,0.42810406,0.00000000
yaw,40,shipping_delayed_hold,0.98098031,3.09572458,4.26257933,0.00000000,2.77260621,2.45995417
yaw,40,aligned_hold,0.25514939,0.71126250,1.46149656,0.00000000,0.25660633,0.17213898
yaw,40,timestamp_replay,0.25516536,0.74055218,1.64226434,0.00000000,0.31849460,0.00000000
combined_variable,40,shipping_delayed_hold,1.11418062,2.02218190,5.20482271,0.00000000,3.56419412,2.07022964
combined_variable,40,aligned_hold,0.25533816,0.77131488,2.20076891,0.00000000,0.40610272,0.18173471
combined_variable,40,timestamp_replay,0.25535564,0.80053132,2.40159013,0.00000000,0.45239107,0.00000000
async_jitter,20,shipping_delayed_hold,0.80248542,1.48225858,4.08337395,0.00000000,2.52678531,1.44743672
async_jitter,20,aligned_hold,0.25822364,0.78565608,2.22091797,0.00000000,0.43631761,0.13101375
async_jitter,20,timestamp_replay,0.25823224,0.80988876,2.30512054,0.00000000,0.47071960,0.00000000
gyro_bias_error,40,shipping_delayed_hold,1.15242217,4.29655761,13.33905892,0.00000000,7.33846337,2.13657126
gyro_bias_error,40,aligned_hold,0.25865594,2.63337379,9.20384383,0.00000000,4.18420120,0.19708166
gyro_bias_error,40,timestamp_replay,0.25867462,2.64616723,9.35097977,0.00000000,4.20136523,0.00000000
soft_iron_residual,20,shipping_delayed_hold,3.00274468,3.93031672,10.83541551,0.00000000,4.73556999,1.35689613
soft_iron_residual,20,aligned_hold,2.93721282,3.61732860,9.20191430,0.00000000,5.14894957,0.12848799
soft_iron_residual,20,timestamp_replay,2.93721260,3.62086183,9.30345873,0.00000000,5.13185313,0.00000000
interference_recovery,20,shipping_delayed_hold,11.86249991,40.45636985,179.66762068,0.00000000,2.06164361,1.49262689
interference_recovery,20,aligned_hold,11.83586017,40.39229029,179.94388817,0.00000000,0.50278252,0.79735601
interference_recovery,20,timestamp_replay,11.83587311,40.38248367,179.90130878,0.00000000,0.50948239,0.00000000
quiet,40,shipping_delayed_hold,0.25634381,0.35590039,1.16254441,0.00000000,0.51627611,0.20712873
quiet,40,aligned_hold,0.25692808,0.35667558,1.15967125,0.00000000,0.51821456,0.20759422
quiet,40,timestamp_replay,0.25694899,0.43283508,1.52163210,0.00000000,0.58787546,0.00000000
