scenario,delay_ms,mode,vector_rms_uT,heading_rms_deg,heading_peak_deg,rejection_rate,tail_heading_rms_deg,heading_vs_replay_rms_deg
yaw,5,shipping_delayed,0.26422436,0.58452094,1.25869458,0.00000000,0.05520125,0.26005234
yaw,5,aligned,0.25284607,0.43476638,0.95078965,0.00000000,0.27678475,0.03414522
yaw,5,timestamp_replay,0.25272491,0.44891156,0.97366908,0.00000000,0.29286142,0.00000000
combined_variable,5,shipping_delayed,0.26976237,0.52148027,1.26007086,0.00000000,0.11617139,0.18070519
combined_variable,5,aligned,0.25299779,0.38395621,0.87763491,0.00000000,0.16370071,0.06802994
combined_variable,5,timestamp_replay,0.25272487,0.39219405,0.91466820,0.00000000,0.13099129,0.00000000
yaw,10,shipping_delayed,0.29822905,0.78365884,1.54299608,0.00000000,0.19970088,0.51770233
yaw,10,aligned,0.25325607,0.43479262,0.95159049,0.00000000,0.27689871,0.03429170
yaw,10,timestamp_replay,0.25272491,0.44907802,0.97495145,0.00000000,0.29281412,0.00000000
combined_variable,10,shipping_delayed,0.31165038,0.67255375,1.60035430,0.00000000,0.18724586,0.36025011
combined_variable,10,aligned,0.25348016,0.38393027,0.87698946,0.00000000,0.16349016,0.06810145
combined_variable,10,timestamp_replay,0.25272487,0.39231072,0.91466820,0.00000000,0.13098516,0.00000000
yaw,20,shipping_delayed,0.40833231,1.25422750,2.11074873,0.00000000,0.68665789,1.03926289
yaw,20,aligned,0.25369016,0.43483019,0.95107823,0.00000000,0.27692910,0.03471562
yaw,20,timestamp_replay,0.25272491,0.44941345,0.97495145,0.00000000,0.29272045,0.00000000
combined_variable,20,shipping_delayed,0.43843849,1.00962699,2.29189388,0.00000000,0.39454788,0.72512331
combined_variable,20,aligned,0.25378124,0.38404587,0.87663087,0.00000000,0.16335906,0.06783478
combined_variable,20,timestamp_replay,0.25272487,0.39254031,0.91466820,0.00000000,0.13095359,0.00000000
yaw,40,shipping_delayed,0.69316185,2.26227183,3.26284967,0.00000000,1.66750245,2.08166843
yaw,40,aligned,0.25417882,0.43488343,0.95601816,0.00000000,0.27667543,0.03573353
yaw,40,timestamp_replay,0.25272491,0.45007784,0.98426783,0.00000000,0.29252836,0.00000000
combined_variable,40,shipping_delayed,0.75383486,1.71715193,3.71328015,0.00000000,0.84920196,1.45549460
combined_variable,40,aligned,0.25445196,0.38411483,0.88253557,0.00000000,0.16363764,0.06801632
combined_variable,40,timestamp_replay,0.25272487,0.39300811,0.92482469,0.00000000,0.13099211,0.00000000
async_jitter,20,shipping_delayed,0.50990947,1.09767078,2.44951416,0.00000000,0.51321019,0.90970335
async_jitter,20,aligned,0.25902783,0.33042822,0.63017374,0.00000000,0.17428931,0.05432511
async_jitter,20,timestamp_replay,0.25822755,0.31876476,0.65631288,0.00000000,0.13943614,0.00000000
gyro_bias_error,40,shipping_delayed,0.83330983,1.78600885,3.83929373,0.00000000,0.98937860,1.64973457
gyro_bias_error,40,aligned,0.25971160,0.31390031,0.81063417,0.00000000,0.17831362,0.07120399
gyro_bias_error,40,timestamp_replay,0.25822755,0.28949906,0.76007711,0.00000000,0.14317512,0.00000000
soft_iron_residual,20,shipping_delayed,2.85026172,3.20315403,7.73252546,0.00000000,0.62974121,0.74853791
soft_iron_residual,20,aligned,2.83891623,2.19624897,5.25727857,0.00000000,0.58159229,0.53172546
soft_iron_residual,20,timestamp_replay,2.83625136,2.66042159,6.36306570,0.00000000,0.87115757,0.00000000
interference_recovery,20,shipping_delayed,11.15362706,21.64686915,39.73601886,0.00000000,9.16858234,1.13031107
interference_recovery,20,aligned,11.14661290,17.81072712,38.30460245,0.00000000,5.41476592,4.04188696
interference_recovery,20,timestamp_replay,11.14514440,20.78512970,38.65007342,0.00000000,8.11040450,0.00000000
quiet,40,shipping_delayed,0.25822757,0.17431806,0.40239270,0.00000000,0.12974203,0.00456516
quiet,40,aligned,0.25875467,0.16214564,0.40236490,0.00000000,0.09999767,0.02452068
quiet,40,timestamp_replay,0.25822757,0.17575096,0.40752598,0.00000000,0.12852921,0.00000000
