arm,record,seed,gate,disp_x_rms_m,disp_y_rms_m,disp_z_rms_m,disp_3d_rms_m,yaw_rms_deg,roll_rms_deg,pitch_rms_deg,accel_bias_3d_rms_mps2,disp_z_pct_hs,tau_applied_s,sigma_applied_mps2
S1.00_rho1.00,jonswap_H0.270,1,FAIL,0.0462790355,0.0404217504,0.0119207129,0.0625920966,3.48299623,0.267154932,0.489758402,0.0854519755,4.41507864,1.2979629,0.350295067
S1.00_rho1.00,jonswap_H0.270,2,FAIL,0.0445674695,0.0388796218,0.0136495149,0.0606975593,4.05016375,0.331662118,0.205511793,0.0595996827,5.05537558,1.28338206,0.351863265
S1.00_rho1.00,jonswap_H0.270,3,FAIL,0.0422411039,0.035775505,0.0119789317,0.0566364937,5.07766581,0.185590044,0.221612185,0.0374238081,4.43664122,1.25628102,0.361482561
S1.00_rho1.00,jonswap_H0.270,4,FAIL,0.0449675955,0.0369217247,0.0125133656,0.0595137216,2.42517114,0.312258184,0.269275606,0.062705487,4.63457966,1.26532924,0.350922436
S1.00_rho1.00,jonswap_H0.270,5,FAIL,0.0460152067,0.0391262919,0.0117992917,0.0615425818,5.83059931,0.337899864,0.398360699,0.0855348557,4.37010813,1.25790656,0.351809829
S1.00_rho1.00,jonswap_H1.500,1,FAIL,0.161515549,0.230290368,0.0593224466,0.28747189,3.2727325,0.245067582,0.481768489,0.0791267827,3.95482969,2.18100834,0.725054562
S1.00_rho1.00,jonswap_H1.500,2,FAIL,0.158383414,0.218682513,0.0665303171,0.278089255,2.81804752,0.418075591,0.228016749,0.0733013675,4.43535423,2.18478942,0.726228893
S1.00_rho1.00,jonswap_H1.500,3,FAIL,0.171985999,0.184860855,0.0581983142,0.259113401,3.40018725,0.228668779,0.265780568,0.0454334766,3.87988758,2.17850184,0.729579926
S1.00_rho1.00,jonswap_H1.500,4,FAIL,0.16181244,0.206386983,0.0608584732,0.269225925,1.55372202,0.384107918,0.309655219,0.0753309354,4.05723143,2.18348646,0.705685496
S1.00_rho1.00,jonswap_H1.500,5,FAIL,0.151766196,0.232771888,0.0564021692,0.283543527,6.30004215,0.286508262,0.433104813,0.084130086,3.76014447,2.1777575,0.720298052
S1.00_rho1.00,jonswap_H4.000,1,FAIL,0.624145091,0.461341351,0.156731233,0.791806579,2.25476861,0.373163819,0.46706152,0.0858879387,3.91828084,3.58995557,1.12525678
S1.00_rho1.00,jonswap_H4.000,2,FAIL,0.633288622,0.445438147,0.169778362,0.792650163,3.42384744,0.261117339,0.262942582,0.0509575792,4.24445915,3.59055161,1.12444961
S1.00_rho1.00,jonswap_H4.000,3,FAIL,0.591412961,0.375102341,0.153606713,0.716984034,4.50760841,0.182538956,0.328111559,0.0476262122,3.84016776,3.58910298,1.12364471
S1.00_rho1.00,jonswap_H4.000,4,FAIL,0.637979746,0.415323436,0.165247813,0.77898562,1.86620593,0.274573028,0.355639577,0.0641626865,4.13119555,3.59000444,1.1244036
S1.00_rho1.00,jonswap_H4.000,5,FAIL,0.632273555,0.456477851,0.152161315,0.794540703,3.18734455,0.362667739,0.434035808,0.0951562822,3.8040328,3.58899474,1.12259674
S1.00_rho1.00,jonswap_H8.500,1,FAIL,0.849649549,1.12780046,0.346523166,1.45393145,3.08639646,0.326756597,0.506240487,0.0881404877,4.07674313,4.22194338,1.42203033
S1.00_rho1.00,jonswap_H8.500,2,FAIL,0.85519588,0.982701063,0.340837926,1.34656298,2.70388126,0.330652267,0.235318854,0.0546019301,4.00985765,4.22111464,1.4186244
S1.00_rho1.00,jonswap_H8.500,3,FAIL,0.927963078,0.852594376,0.335851282,1.30415821,2.77935624,0.190203443,0.310355037,0.0396281406,3.95119143,4.22255135,1.41917109
S1.00_rho1.00,jonswap_H8.500,4,FAIL,0.877063453,1.0256722,0.346671104,1.39335012,1.50820756,0.330277532,0.294748724,0.06199646,4.07848358,4.22084951,1.41772294
S1.00_rho1.00,jonswap_H8.500,5,FAIL,0.832760751,1.15200138,0.319667548,1.45697808,5.64897585,0.32420519,0.403196961,0.0845041797,3.76079464,4.22343445,1.41908598
S1.00_rho1.00,pmstokes_H0.270,1,FAIL,0.0451140404,0.039837312,0.0119395228,0.0613582954,3.21777439,0.260921806,0.498387516,0.0862033665,4.42204523,1.18999803,0.396762252
S1.00_rho1.00,pmstokes_H0.270,2,FAIL,0.0431466736,0.0384864286,0.0130144563,0.0592639595,4.00274706,0.343845457,0.199017644,0.0608720742,4.82016897,1.17476964,0.395672619
S1.00_rho1.00,pmstokes_H0.270,3,FAIL,0.0408802554,0.0350182988,0.011729164,0.0550912879,4.79487038,0.191101506,0.221700385,0.0380215943,4.34413481,1.14895809,0.385178655
S1.00_rho1.00,pmstokes_H0.270,4,FAIL,0.043287009,0.0366806872,0.0123701524,0.0580711514,2.34330916,0.323658407,0.253599465,0.0627973378,4.58153772,1.1575098,0.397549897
S1.00_rho1.00,pmstokes_H0.270,5,FAIL,0.0445997268,0.0380768552,0.0117881056,0.0598158985,5.13482761,0.32426241,0.377307028,0.0817654133,4.36596489,1.14930069,0.397038549
S1.00_rho1.00,pmstokes_H1.500,1,FAIL,0.156595677,0.222210228,0.0585303158,0.278074443,3.23154712,0.259561688,0.51782167,0.0857661441,3.90202093,2.04409766,0.791518748
S1.00_rho1.00,pmstokes_H1.500,2,FAIL,0.152440056,0.20468089,0.0608478189,0.262363672,2.84524608,0.383330345,0.199405983,0.0648259223,4.05652094,2.04525042,0.790892839
S1.00_rho1.00,pmstokes_H1.500,3,FAIL,0.16507262,0.175527051,0.0559283197,0.24735944,3.19898844,0.209224582,0.232748985,0.0383459851,3.72855449,2.04276919,0.79007268
S1.00_rho1.00,pmstokes_H1.500,4,FAIL,0.156677172,0.196779579,0.0584286004,0.258232147,1.69412172,0.348997205,0.27553162,0.0661364794,3.89523983,2.04334545,0.791733444
S1.00_rho1.00,pmstokes_H1.500,5,FAIL,0.149230525,0.220512152,0.0544205569,0.271766365,6.02013397,0.321548402,0.392357528,0.0827307031,3.62803698,2.04234433,0.789860129
S1.00_rho1.00,pmstokes_H4.000,1,FAIL,0.589366734,0.464549601,0.159204751,0.767141223,2.31357002,0.3701002,0.552582324,0.0979416296,3.98011875,3.28950691,1.12075531
S1.00_rho1.00,pmstokes_H4.000,2,FAIL,0.599859416,0.405883312,0.162839636,0.742353916,3.57014298,0.278104275,0.206879199,0.0451064445,4.07099104,3.29101133,1.12501812
S1.00_rho1.00,pmstokes_H4.000,3,FAIL,0.55908531,0.33785516,0.152000144,0.670691073,4.38406992,0.186004519,0.242384911,0.0332999043,3.80000353,3.29030442,1.12644529
S1.00_rho1.00,pmstokes_H4.000,4,FAIL,0.602438331,0.389196247,0.158177614,0.734456182,1.88178492,0.243776858,0.280899286,0.0484786071,3.95444036,3.29041028,1.12562871
S1.00_rho1.00,pmstokes_H4.000,5,FAIL,0.595693886,0.422874033,0.145260647,0.744831741,2.90333581,0.424136221,0.339753479,0.0906001329,3.63151622,3.29185557,1.1228081
S1.00_rho1.00,pmstokes_H8.500,1,FAIL,0.796256483,1.09329391,0.351725727,1.39750743,3.36429119,0.246422425,0.463749886,0.0772753358,4.13794947,4.10336018,1.49631071
S1.00_rho1.00,pmstokes_H8.500,2,FAIL,0.800053656,0.953818917,0.323778331,1.28634703,2.9246552,0.439803898,0.26938808,0.0743110031,3.80915666,4.10316706,1.49493265
S1.00_rho1.00,pmstokes_H8.500,3,FAIL,0.894634545,0.818795145,0.321808368,1.2547338,2.5392673,0.198870257,0.298069447,0.0364106409,3.7859807,4.10334301,1.49580479
S1.00_rho1.00,pmstokes_H8.500,4,FAIL,0.827868581,0.962136924,0.341868103,1.31451416,1.79236281,0.580107152,0.381663859,0.10670045,4.02197742,4.10386848,1.48789072
S1.00_rho1.00,pmstokes_H8.500,5,FAIL,0.76019913,1.111431,0.320968091,1.38426948,5.87706661,0.301292986,0.451680958,0.0836521387,3.77609515,4.10165882,1.49417436
S1.87_rho1.00,jonswap_H0.270,1,FAIL,0.0460912921,0.0405668393,0.0119074462,0.0625448823,3.53495479,0.272919953,0.468227983,0.0824613273,4.41016531,1.2979629,0.350295067
S1.87_rho1.00,jonswap_H0.270,2,FAIL,0.04433522,0.0389800221,0.0136138247,0.0605837442,4.0911808,0.326208115,0.219118401,0.0602594726,5.04215717,1.28338206,0.351863265
S1.87_rho1.00,jonswap_H0.270,3,FAIL,0.0421108864,0.0358848386,0.0119660199,0.0566059537,5.02306175,0.183527693,0.24009487,0.0402220078,4.43185902,1.25628102,0.361482561
S1.87_rho1.00,jonswap_H0.270,4,FAIL,0.0448007658,0.0370417647,0.0124513153,0.0594494417,2.47376227,0.306872785,0.287878841,0.0643186942,4.61159801,1.26532924,0.350922436
S1.87_rho1.00,jonswap_H0.270,5,FAIL,0.0458453745,0.0392597429,0.0117925508,0.06149951,5.87569618,0.340705812,0.415367603,0.0883759484,4.36761141,1.25790656,0.351809829
S1.87_rho1.00,jonswap_H1.500,1,FAIL,0.160268068,0.230937958,0.0590354502,0.287234008,3.51589155,0.266712487,0.383993149,0.0659299418,3.9356966,2.18100834,0.725054562
S1.87_rho1.00,jonswap_H1.500,2,FAIL,0.158059657,0.219698638,0.0663536489,0.278663158,3.01403952,0.393867046,0.311686099,0.0782470182,4.42357635,2.18478942,0.726228893
S1.87_rho1.00,jonswap_H1.500,3,FAIL,0.173110962,0.185825959,0.0578801967,0.26047805,3.13212252,0.213689789,0.374480933,0.05999263,3.85867953,2.17850184,0.729579926
S1.87_rho1.00,jonswap_H1.500,4,FAIL,0.162623331,0.207196847,0.0604906306,0.270251721,1.79634821,0.359397173,0.408633322,0.0838956386,4.03270864,2.18348646,0.705685496
S1.87_rho1.00,jonswap_H1.500,5,FAIL,0.151012301,0.234124079,0.0562772863,0.284228653,6.56724262,0.305594742,0.536113083,0.100506425,3.7518189,2.1777575,0.720298052
S1.87_rho1.00,jonswap_H4.000,1,FAIL,0.636657596,0.46952942,0.153872579,0.805895507,2.98921514,0.457681775,0.249482557,0.0735534802,3.84681439,3.58995557,1.12525678
S1.87_rho1.00,jonswap_H4.000,2,FAIL,0.651431501,0.45203343,0.168082893,0.810523987,4.04534864,0.203608319,0.553570747,0.0881514773,4.20207214,3.59055161,1.12444961
S1.87_rho1.00,jonswap_H4.000,3,FAIL,0.625187635,0.376999736,0.150585428,0.745428979,3.82734489,0.186872378,0.62858361,0.0939582586,3.7646358,3.58910298,1.12364471
S1.87_rho1.00,jonswap_H4.000,4,FAIL,0.665612221,0.42042169,0.16356805,0.804082394,2.59231472,0.20458366,0.666956723,0.103744924,4.08920145,3.59000444,1.1244036
S1.87_rho1.00,jonswap_H4.000,5,FAIL,0.644617319,0.462956727,0.152943626,0.808240116,3.9889462,0.431534648,0.753228724,0.142105982,3.82359076,3.58899474,1.12259674
S1.87_rho1.00,jonswap_H8.500,1,FAIL,0.947959244,1.14518702,0.33522591,1.52396083,4.07602549,0.434484988,0.224407986,0.06757541,3.94383407,4.22194338,1.42203033
S1.87_rho1.00,jonswap_H8.500,2,FAIL,0.984110951,1.00803256,0.346346498,1.45071018,3.57363725,0.244079515,0.609463453,0.0926629305,4.07466459,4.22111464,1.4186244
S1.87_rho1.00,jonswap_H8.500,3,FAIL,1.15589464,0.878387511,0.343398333,1.4918375,1.74345553,0.173431352,0.773955524,0.10468787,4.03998041,4.22255135,1.41917109
S1.87_rho1.00,jonswap_H8.500,4,FAIL,1.06893885,1.04562783,0.358132273,1.53760421,2.5339191,0.235248104,0.724567592,0.10729444,4.21332073,4.22084951,1.41772294
S1.87_rho1.00,jonswap_H8.500,5,FAIL,0.920371413,1.17596686,0.329299599,1.52918935,6.70360994,0.418398917,0.813337028,0.141836345,3.87411284,4.22343445,1.41908598
S1.87_rho1.00,pmstokes_H0.270,1,FAIL,0.0449856408,0.0398896374,0.0119267758,0.0612955056,3.19136,0.25760588,0.510449588,0.0876550227,4.41732407,1.18999803,0.396762252
S1.87_rho1.00,pmstokes_H0.270,2,FAIL,0.0429369956,0.0385635905,0.0130423587,0.0591678917,3.98351121,0.347344518,0.190332249,0.0607881099,4.83050299,1.17476964,0.395672619
S1.87_rho1.00,pmstokes_H0.270,3,FAIL,0.0407490954,0.0350851491,0.0117178708,0.0550342165,4.82070494,0.192294732,0.211507931,0.0369547382,4.33995199,1.14895809,0.385178655
S1.87_rho1.00,pmstokes_H0.270,4,FAIL,0.0430716798,0.0367505737,0.0123410067,0.0579488985,2.3112607,0.328161538,0.239506006,0.0620712042,4.57074308,1.1575098,0.397549897
S1.87_rho1.00,pmstokes_H0.270,5,FAIL,0.044429224,0.0381546393,0.0117492536,0.0597308762,5.10127926,0.320837736,0.363255501,0.0799228698,4.35157537,1.14930069,0.397038549
S1.87_rho1.00,pmstokes_H1.500,1,FAIL,0.156981215,0.222389191,0.0584642142,0.278420776,3.21940875,0.259352893,0.524451077,0.0863583535,3.89761424,2.04409766,0.791518748
S1.87_rho1.00,pmstokes_H1.500,2,FAIL,0.152828693,0.204605237,0.0608073957,0.262521327,2.82427049,0.385258228,0.190829292,0.064757362,4.05382633,2.04525042,0.790892839
S1.87_rho1.00,pmstokes_H1.500,3,FAIL,0.16501978,0.175320968,0.0557346866,0.247134224,3.22114706,0.20983091,0.223227933,0.0376161151,3.71564555,2.04276919,0.79007268
S1.87_rho1.00,pmstokes_H1.500,4,FAIL,0.156728745,0.19670932,0.0581996366,0.258158177,1.66480649,0.3512339,0.262566417,0.0654952377,3.87997556,2.04334545,0.791733444
S1.87_rho1.00,pmstokes_H1.500,5,FAIL,0.149553493,0.220474988,0.054370895,0.271903783,6.0106988,0.321744621,0.387078792,0.0823638141,3.6247263,2.04234433,0.789860129
S1.87_rho1.00,pmstokes_H4.000,1,FAIL,0.590284169,0.463966876,0.158661678,0.76738143,2.28293371,0.365443796,0.567350984,0.0990856662,3.96654201,3.28950691,1.12075531
S1.87_rho1.00,pmstokes_H4.000,2,FAIL,0.600219786,0.405835152,0.162466303,0.742537022,3.53523088,0.283100247,0.196341544,0.0450309031,4.06165743,3.29101133,1.12501812
S1.87_rho1.00,pmstokes_H4.000,3,FAIL,0.558314145,0.337797314,0.151762858,0.669965446,4.42810345,0.185929239,0.227073446,0.0318271741,3.79407144,3.29030442,1.12644529
S1.87_rho1.00,pmstokes_H4.000,4,FAIL,0.601668239,0.389358044,0.157408774,0.733745098,1.83914459,0.248969406,0.263195395,0.0473732203,3.93521929,3.29041028,1.12562871
S1.87_rho1.00,pmstokes_H4.000,5,FAIL,0.596346498,0.422978669,0.145262286,0.745413482,2.86473083,0.419698745,0.324152052,0.0892266631,3.63155723,3.29185557,1.1228081
S1.87_rho1.00,pmstokes_H8.500,1,FAIL,0.801077724,1.09334445,0.351096362,1.40014148,3.33457303,0.245640278,0.478622258,0.0786253363,4.13054514,4.10336018,1.49631071
S1.87_rho1.00,pmstokes_H8.500,2,FAIL,0.803670943,0.953184009,0.322431266,1.28779221,2.88692856,0.442984492,0.254251957,0.0741180256,3.79330897,4.10316706,1.49493265
S1.87_rho1.00,pmstokes_H8.500,3,FAIL,0.89219147,0.8179304,0.321570307,1.25236702,2.58811855,0.199030876,0.278352678,0.0346610248,3.78318,4.10334301,1.49580479
S1.87_rho1.00,pmstokes_H8.500,4,FAIL,0.827939689,0.961096764,0.338769674,1.31299508,1.74129939,0.584151208,0.357986033,0.106025778,3.98552561,4.10386848,1.48789072
S1.87_rho1.00,pmstokes_H8.500,5,FAIL,0.76343739,1.1113807,0.321049571,1.38602901,5.8481164,0.300936401,0.437817663,0.0824562758,3.77705359,4.10165882,1.49417436
