arm,record,seed,gate,disp_x_rms_m,disp_y_rms_m,disp_z_rms_m,disp_3d_rms_m,disp_z_pct_hs,tau_applied_s,sigma_applied_mps2
S0.60_rho1.00,jonswap_H0.270,1,FAIL,0.0467853993,0.0401444547,0.0119944429,0.0628037974,4.44238615,1.2979629,0.350295067
S0.60_rho1.00,jonswap_H0.270,2,FAIL,0.0452161022,0.038670972,0.0137665607,0.0610692911,5.09872627,1.28338206,0.351863265
S0.60_rho1.00,jonswap_H0.270,3,FAIL,0.0426185392,0.035570126,0.0120479427,0.0568042845,4.46220112,1.25628102,0.361482561
S0.60_rho1.00,jonswap_H0.270,4,FAIL,0.045444373,0.03667574,0.0126855448,0.0597597174,4.69834995,1.26532924,0.350922436
S0.60_rho1.00,jonswap_H0.270,5,FAIL,0.0464914925,0.0388381258,0.0118573066,0.0617288798,4.39159489,1.25790656,0.351809829
S0.60_rho1.00,jonswap_H1.500,1,FAIL,0.169470444,0.229458556,0.0604024455,0.29158175,4.02682972,2.18100834,0.725054562
S0.60_rho1.00,jonswap_H1.500,2,FAIL,0.165227905,0.216956005,0.0673373938,0.280899435,4.48915958,2.18478942,0.726228893
S0.60_rho1.00,jonswap_H1.500,3,FAIL,0.175999925,0.183281094,0.0594458506,0.260963112,3.96305656,2.17850184,0.729579926
S0.60_rho1.00,jonswap_H1.500,4,FAIL,0.16586782,0.205075383,0.0621248484,0.270975173,4.1416564,2.18348646,0.705685496
S0.60_rho1.00,jonswap_H1.500,5,FAIL,0.158255234,0.230362937,0.0571325049,0.285264671,3.8088336,2.1777575,0.720298052
S0.60_rho1.00,jonswap_H4.000,1,FAIL,0.721790254,0.446117967,0.171578065,0.865702868,4.2894516,3.58995557,1.12525678
S0.60_rho1.00,jonswap_H4.000,2,FAIL,0.742138326,0.433340698,0.182451427,0.878545403,4.5612855,3.59055161,1.12444961
S0.60_rho1.00,jonswap_H4.000,3,FAIL,0.648147881,0.374728441,0.167926013,0.767278433,4.19815016,3.58910298,1.12364471
S0.60_rho1.00,jonswap_H4.000,4,FAIL,0.722442687,0.407545388,0.177175567,0.848179162,4.429389,3.59000444,1.1244036
S0.60_rho1.00,jonswap_H4.000,5,FAIL,0.732218146,0.44643271,0.160109282,0.87239933,4.00273228,3.58899474,1.12259674
S0.60_rho1.00,jonswap_H8.500,1,FAIL,1.57790542,1.0973953,0.413904399,1.9660567,4.86946344,4.22194338,1.42203033
S0.60_rho1.00,jonswap_H8.500,2,FAIL,1.68057323,0.939612269,0.380120337,1.9625721,4.47200394,4.22111464,1.4186244
S0.60_rho1.00,jonswap_H8.500,3,FAIL,1.63483322,0.813904524,0.383861572,1.86613762,4.51601839,4.22255135,1.41917109
S0.60_rho1.00,jonswap_H8.500,4,FAIL,1.60155523,0.992137074,0.369891047,1.91993093,4.3516593,4.22084951,1.41772294
S0.60_rho1.00,jonswap_H8.500,5,FAIL,1.53667617,1.11537123,0.347001284,1.93024266,4.0823679,4.22343445,1.41908598
S0.60_rho1.00,pmstokes_H0.270,1,FAIL,0.0455065072,0.0397501588,0.0120178824,0.0616063848,4.45106745,1.18999803,0.396762252
S0.60_rho1.00,pmstokes_H0.270,2,FAIL,0.0437561944,0.038329076,0.0130010182,0.0596049428,4.81519175,1.17476964,0.395672619
S0.60_rho1.00,pmstokes_H0.270,3,FAIL,0.0412845947,0.0348975472,0.0118024722,0.0553313196,4.37128592,1.14895809,0.385178655
S0.60_rho1.00,pmstokes_H0.270,4,FAIL,0.0438783951,0.0365275815,0.0124817677,0.0584411845,4.62287664,1.1575098,0.397549897
S0.60_rho1.00,pmstokes_H0.270,5,FAIL,0.0450938791,0.0379136316,0.01191781,0.0601077005,4.41400337,1.14930069,0.397038549
S0.60_rho1.00,pmstokes_H1.500,1,FAIL,0.156008944,0.221865922,0.058957018,0.27755937,3.93046761,2.04409766,0.791518748
S0.60_rho1.00,pmstokes_H1.500,2,FAIL,0.152110085,0.20482856,0.0612099841,0.262371629,4.08066559,2.04525042,0.790892839
S0.60_rho1.00,pmstokes_H1.500,3,FAIL,0.165711179,0.175968409,0.0566659681,0.248266205,3.77773118,2.04276919,0.79007268
S0.60_rho1.00,pmstokes_H1.500,4,FAIL,0.157071903,0.196950078,0.0592496842,0.258788407,3.94997883,2.04334545,0.791733444
S0.60_rho1.00,pmstokes_H1.500,5,FAIL,0.14884533,0.220683172,0.0548302457,0.271776289,3.65534949,2.04234433,0.789860129
S0.60_rho1.00,pmstokes_H4.000,1,FAIL,0.589356005,0.465838373,0.161292329,0.768349588,4.0323081,3.28950691,1.12075531
S0.60_rho1.00,pmstokes_H4.000,2,FAIL,0.601226926,0.405770242,0.164625332,0.743790805,4.11563349,3.29101133,1.12501812
S0.60_rho1.00,pmstokes_H4.000,3,FAIL,0.562859356,0.337894857,0.153489798,0.674197853,3.83724499,3.29030442,1.12644529
S0.60_rho1.00,pmstokes_H4.000,4,FAIL,0.606306612,0.388766646,0.160861209,0.737986147,4.02153015,3.29041028,1.12562871
S0.60_rho1.00,pmstokes_H4.000,5,FAIL,0.595833719,0.422513694,0.146212399,0.74492532,3.65530992,3.29185557,1.1228081
S0.60_rho1.00,pmstokes_H8.500,1,FAIL,0.791590214,1.09355128,0.3544707,1.39575028,4.17024326,4.10336018,1.49631071
S0.60_rho1.00,pmstokes_H8.500,2,FAIL,0.800033212,0.955544353,0.328471154,1.28880239,3.86436653,4.10316706,1.49493265
S0.60_rho1.00,pmstokes_H8.500,3,FAIL,0.906493425,0.820896745,0.323968112,1.26513124,3.81138945,4.10334301,1.49580479
S0.60_rho1.00,pmstokes_H8.500,4,FAIL,0.836241186,0.964518011,0.350470513,1.3237915,4.1231823,4.10386848,1.48789072
S0.60_rho1.00,pmstokes_H8.500,5,FAIL,0.758298755,1.11193526,0.322155088,1.38390779,3.7900598,4.10165882,1.49417436
S0.80_rho1.00,jonswap_H0.270,1,FAIL,0.0464358032,0.0403236635,0.0119386883,0.0626483336,4.42173624,1.2979629,0.350295067
S0.80_rho1.00,jonswap_H0.270,2,FAIL,0.0447673127,0.0388069153,0.0136829354,0.0608055219,5.06775379,1.28338206,0.351863265
S0.80_rho1.00,jonswap_H0.270,3,FAIL,0.0423542336,0.0357016549,0.0119961239,0.0566780046,4.4430089,1.25628102,0.361482561
S0.80_rho1.00,jonswap_H0.270,4,FAIL,0.0451123454,0.0368359722,0.0125659592,0.0595811717,4.65405893,1.26532924,0.350922436
S0.80_rho1.00,jonswap_H0.270,5,FAIL,0.0461610556,0.0390278846,0.0118125249,0.0615918376,4.37500906,1.25790656,0.351809829
S0.80_rho1.00,jonswap_H1.500,1,FAIL,0.163366109,0.229927763,0.059612222,0.28828609,3.97414804,2.18100834,0.725054562
S0.80_rho1.00,jonswap_H1.500,2,FAIL,0.159714982,0.218019485,0.0667342544,0.278378934,4.44895029,2.18478942,0.726228893
S0.80_rho1.00,jonswap_H1.500,3,FAIL,0.172320858,0.18425402,0.0585298575,0.258978307,3.90199041,2.17850184,0.729579926
S0.80_rho1.00,jonswap_H1.500,4,FAIL,0.162249848,0.205870077,0.061208263,0.269172728,4.08055067,2.18348646,0.705685496
S0.80_rho1.00,jonswap_H1.500,5,FAIL,0.153175533,0.231885791,0.0565749258,0.283609748,3.77166152,2.1777575,0.720298052
S0.80_rho1.00,jonswap_H4.000,1,FAIL,0.638193309,0.455825508,0.160467789,0.800510764,4.01169491,3.58995557,1.12525678
S0.80_rho1.00,jonswap_H4.000,2,FAIL,0.647434831,0.440964222,0.172688425,0.8021487,4.31721067,3.59055161,1.12444961
S0.80_rho1.00,jonswap_H4.000,3,FAIL,0.589963078,0.374338299,0.157296881,0.716189861,3.93242192,3.58910298,1.12364471
S0.80_rho1.00,jonswap_H4.000,4,FAIL,0.643897235,0.412169307,0.168015718,0.78276211,4.20039272,3.59000444,1.1244036
S0.80_rho1.00,jonswap_H4.000,5,FAIL,0.646744013,0.452451795,0.153379753,0.804062068,3.83449388,3.58899474,1.12259674
S0.80_rho1.00,jonswap_H8.500,1,FAIL,0.97255677,1.11652625,0.362497956,1.52443504,4.26468182,4.22194338,1.42203033
S0.80_rho1.00,jonswap_H8.500,2,FAIL,0.993332267,0.96621424,0.345545053,1.42817378,4.06523561,4.22111464,1.4186244
S0.80_rho1.00,jonswap_H8.500,3,FAIL,0.99109894,0.836678684,0.341478616,1.34123671,4.0173955,4.22255135,1.41917109
S0.80_rho1.00,jonswap_H8.500,4,PASS,0.961841524,1.01270688,0.346194237,1.43894565,4.07287312,4.22084951,1.41772294
S0.80_rho1.00,jonswap_H8.500,5,FAIL,0.953540623,1.13706839,0.320762843,1.51824009,3.77368045,4.22343445,1.41908598
S0.80_rho1.00,pmstokes_H0.270,1,FAIL,0.0452301204,0.0398038477,0.011958099,0.0614256151,4.42892551,1.18999803,0.396762252
S0.80_rho1.00,pmstokes_H0.270,2,FAIL,0.0433305167,0.0384301543,0.0130027933,0.0593589321,4.8158493,1.17476964,0.395672619
S0.80_rho1.00,pmstokes_H0.270,3,FAIL,0.0409985743,0.0349730812,0.0117464634,0.0551541373,4.35054207,1.14895809,0.385178655
S0.80_rho1.00,pmstokes_H0.270,4,FAIL,0.0434680246,0.0366274454,0.0124004735,0.0581791252,4.59276772,1.1575098,0.397549897
S0.80_rho1.00,pmstokes_H0.270,5,FAIL,0.0447491035,0.038021002,0.0118247084,0.0598991029,4.37952137,1.14930069,0.397038549
S0.80_rho1.00,pmstokes_H1.500,1,FAIL,0.156362861,0.222089395,0.0586266257,0.277867079,3.90844154,2.04409766,0.791518748
S0.80_rho1.00,pmstokes_H1.500,2,FAIL,0.152265728,0.204726666,0.0609256327,0.262316197,4.06170893,2.04525042,0.790892839
S0.80_rho1.00,pmstokes_H1.500,3,FAIL,0.165220261,0.175669312,0.0561256856,0.24760358,3.74171233,2.04276919,0.79007268
S0.80_rho1.00,pmstokes_H1.500,4,FAIL,0.156745493,0.196832895,0.0586530715,0.258365095,3.91020465,2.04334545,0.791733444
S0.80_rho1.00,pmstokes_H1.500,5,FAIL,0.149058267,0.220564947,0.0545094498,0.271732479,3.63396311,2.04234433,0.789860129
S0.80_rho1.00,pmstokes_H4.000,1,FAIL,0.589123428,0.464933485,0.15975593,0.76730144,3.99389815,3.28950691,1.12075531
S0.80_rho1.00,pmstokes_H4.000,2,FAIL,0.600055993,0.405831605,0.1632853,0.742582381,4.08213234,3.29101133,1.12501812
S0.80_rho1.00,pmstokes_H4.000,3,FAIL,0.560072064,0.337837785,0.152347639,0.671583891,3.80869102,3.29030442,1.12644529
S0.80_rho1.00,pmstokes_H4.000,4,FAIL,0.603457332,0.389041066,0.158918187,0.735369742,3.97295475,3.29041028,1.12562871
S0.80_rho1.00,pmstokes_H4.000,5,FAIL,0.595539451,0.422750533,0.145426229,0.744670451,3.63565564,3.29185557,1.1228081
S0.80_rho1.00,pmstokes_H8.500,1,FAIL,0.793891609,1.09334195,0.352423966,1.39637506,4.14616442,4.10336018,1.49631071
S0.80_rho1.00,pmstokes_H8.500,2,FAIL,0.798989177,0.954368174,0.325079739,1.28642106,3.82446742,4.10316706,1.49493265
S0.80_rho1.00,pmstokes_H8.500,3,FAIL,0.897650361,0.819458425,0.322265774,1.25743532,3.79136205,4.10334301,1.49580479
S0.80_rho1.00,pmstokes_H8.500,4,FAIL,0.829499185,0.962908864,0.344454855,1.31678069,4.05241013,4.10386848,1.48789072
S0.80_rho1.00,pmstokes_H8.500,5,FAIL,0.758792341,1.11158371,0.321140587,1.3836602,3.77812457,4.10165882,1.49417436
S0.90_rho1.00,jonswap_H0.270,1,FAIL,0.0463437252,0.0403793715,0.0119274734,0.0626138896,4.41758251,1.2979629,0.350295067
S0.90_rho1.00,jonswap_H0.270,2,FAIL,0.0446500778,0.0388480127,0.0136629185,0.0607410297,5.06033993,1.28338206,0.351863265
S0.90_rho1.00,jonswap_H0.270,3,FAIL,0.0422878861,0.0357432887,0.0119854659,0.0566524453,4.43906116,1.25628102,0.361482561
S0.90_rho1.00,jonswap_H0.270,4,FAIL,0.0450269096,0.0368846171,0.0125350384,0.0595401116,4.64260674,1.26532924,0.350922436
S0.90_rho1.00,jonswap_H0.270,5,FAIL,0.0460753553,0.0390842408,0.0118041923,0.0615618005,4.37192297,1.25790656,0.351809829
S0.90_rho1.00,jonswap_H1.500,1,FAIL,0.162203416,0.230125919,0.0594365299,0.2877509,3.96243525,2.18100834,0.725054562
S0.90_rho1.00,jonswap_H1.500,2,FAIL,0.158832923,0.218391374,0.0666079372,0.278135419,4.44052887,2.18478942,0.726228893
S0.90_rho1.00,jonswap_H1.500,3,FAIL,0.172007844,0.184590966,0.0583288223,0.258964807,3.88858795,2.17850184,0.729579926
S0.90_rho1.00,jonswap_H1.500,4,FAIL,0.161890358,0.206161737,0.0609977841,0.26913172,4.06651878,2.18348646,0.705685496
S0.90_rho1.00,jonswap_H1.500,5,FAIL,0.152273342,0.232378036,0.0564674623,0.28350535,3.76449728,2.1777575,0.720298052
S0.90_rho1.00,jonswap_H4.000,1,FAIL,0.627675176,0.458945006,0.158151284,0.793484986,3.95378208,3.58995557,1.12525678
S0.90_rho1.00,jonswap_H4.000,2,FAIL,0.636384368,0.443513215,0.17084673,0.794278085,4.27116823,3.59055161,1.12444961
S0.90_rho1.00,jonswap_H4.000,3,FAIL,0.588250399,0.374705762,0.15502657,0.714476168,3.87566423,3.58910298,1.12364471
S0.90_rho1.00,jonswap_H4.000,4,FAIL,0.637652457,0.413890451,0.166267142,0.77817136,4.15667868,3.59000444,1.1244036
S0.90_rho1.00,jonswap_H4.000,5,FAIL,0.635937572,0.454673499,0.152499139,0.796492696,3.81247854,3.58899474,1.12259674
S0.90_rho1.00,jonswap_H8.500,1,FAIL,0.881485522,1.12281573,0.352494299,1.47036874,4.14699173,4.22194338,1.42203033
S0.90_rho1.00,jonswap_H8.500,2,FAIL,0.889551342,0.975466728,0.341861993,1.36371052,4.0219059,4.22111464,1.4186244
S0.90_rho1.00,jonswap_H8.500,3,FAIL,0.927195549,0.845507145,0.336994261,1.29928398,3.96463823,4.22255135,1.41917109
S0.90_rho1.00,jonswap_H8.500,4,FAIL,0.88712877,1.01998246,0.345561832,1.39526868,4.06543303,4.22084951,1.41772294
S0.90_rho1.00,jonswap_H8.500,5,FAIL,0.864865482,1.14533532,0.319223762,1.47026849,3.75557351,4.22343445,1.41908598
S0.90_rho1.00,pmstokes_H0.270,1,FAIL,0.0451611429,0.0398224592,0.0119464481,0.0613846481,4.42461014,1.18999803,0.396762252
S0.90_rho1.00,pmstokes_H0.270,2,FAIL,0.043222107,0.0384622775,0.0130085526,0.0593019351,4.8179822,1.17476964,0.395672619
S0.90_rho1.00,pmstokes_H0.270,3,FAIL,0.0409283973,0.0349985659,0.0117356982,0.0551158749,4.34655476,1.14895809,0.385178655
S0.90_rho1.00,pmstokes_H0.270,4,FAIL,0.0433615297,0.0366578922,0.0123822391,0.0581149161,4.58601427,1.1575098,0.397549897
S0.90_rho1.00,pmstokes_H0.270,5,FAIL,0.044661127,0.0380529463,0.0118027898,0.0598493852,4.37140369,1.14930069,0.397038549
S0.90_rho1.00,pmstokes_H1.500,1,FAIL,0.156492904,0.222157359,0.0585657433,0.277981788,3.90438271,2.04409766,0.791518748
S0.90_rho1.00,pmstokes_H1.500,2,FAIL,0.152357176,0.204699114,0.0608749203,0.262336046,4.05832767,2.04525042,0.790892839
S0.90_rho1.00,pmstokes_H1.500,3,FAIL,0.165125549,0.175587729,0.0560052916,0.247455224,3.73368597,2.04276919,0.79007268
S0.90_rho1.00,pmstokes_H1.500,4,FAIL,0.156698406,0.196802109,0.0585186146,0.258282572,3.90124083,2.04334545,0.791733444
S0.90_rho1.00,pmstokes_H1.500,5,FAIL,0.149152637,0.220534742,0.0544528179,0.271748394,3.63018775,2.04234433,0.789860129
S0.90_rho1.00,pmstokes_H4.000,1,FAIL,0.589227557,0.464708298,0.159423441,0.767175794,3.98558593,3.28950691,1.12075531
S0.90_rho1.00,pmstokes_H4.000,2,FAIL,0.599906325,0.405865639,0.163008213,0.742419183,4.07520533,3.29101133,1.12501812
S0.90_rho1.00,pmstokes_H4.000,3,FAIL,0.559469163,0.337847799,0.152130932,0.671037018,3.8032732,3.29030442,1.12644529
S0.90_rho1.00,pmstokes_H4.000,4,FAIL,0.602835417,0.389128119,0.158475175,0.734809935,3.96187949,3.29041028,1.12562871
S0.90_rho1.00,pmstokes_H4.000,5,FAIL,0.595606983,0.422830194,0.145311072,0.744747162,3.63277674,3.29185557,1.1228081
S0.90_rho1.00,pmstokes_H8.500,1,FAIL,0.795159996,1.0933032,0.35199514,1.39695811,4.141119,4.10336018,1.49631071
S0.90_rho1.00,pmstokes_H8.500,2,FAIL,0.79947114,0.954038143,0.324292749,1.28627706,3.81520867,4.10316706,1.49493265
S0.90_rho1.00,pmstokes_H8.500,3,FAIL,0.895803154,0.819075167,0.321972191,1.25579202,3.78790808,4.10334301,1.49580479
S0.90_rho1.00,pmstokes_H8.500,4,FAIL,0.8284145,0.962461233,0.342925131,1.31537068,4.03441334,4.10386848,1.48789072
S0.90_rho1.00,pmstokes_H8.500,5,FAIL,0.759509027,1.11149871,0.321017087,1.38395643,3.77667165,4.10165882,1.49417436
S1.00_rho1.00,jonswap_H0.270,1,FAIL,0.0462790355,0.0404217504,0.0119207129,0.0625920966,4.41507864,1.2979629,0.350295067
S1.00_rho1.00,jonswap_H0.270,2,FAIL,0.0445674695,0.0388796218,0.0136495149,0.0606975593,5.05537558,1.28338206,0.351863265
S1.00_rho1.00,jonswap_H0.270,3,FAIL,0.0422411039,0.035775505,0.0119789317,0.0566364937,4.43664122,1.25628102,0.361482561
S1.00_rho1.00,jonswap_H0.270,4,FAIL,0.0449675955,0.0369217247,0.0125133656,0.0595137216,4.63457966,1.26532924,0.350922436
S1.00_rho1.00,jonswap_H0.270,5,FAIL,0.0460152067,0.0391262919,0.0117992917,0.0615425818,4.37010813,1.25790656,0.351809829
S1.00_rho1.00,jonswap_H1.500,1,FAIL,0.161515549,0.230290368,0.0593224466,0.28747189,3.95482969,2.18100834,0.725054562
S1.00_rho1.00,jonswap_H1.500,2,FAIL,0.158383414,0.218682513,0.0665303171,0.278089255,4.43535423,2.18478942,0.726228893
S1.00_rho1.00,jonswap_H1.500,3,FAIL,0.171985999,0.184860855,0.0581983142,0.259113401,3.87988758,2.17850184,0.729579926
S1.00_rho1.00,jonswap_H1.500,4,FAIL,0.16181244,0.206386983,0.0608584732,0.269225925,4.05723143,2.18348646,0.705685496
S1.00_rho1.00,jonswap_H1.500,5,FAIL,0.151766196,0.232771888,0.0564021692,0.283543527,3.76014447,2.1777575,0.720298052
S1.00_rho1.00,jonswap_H4.000,1,FAIL,0.624145091,0.461341351,0.156731233,0.791806579,3.91828084,3.58995557,1.12525678
S1.00_rho1.00,jonswap_H4.000,2,FAIL,0.633288622,0.445438147,0.169778362,0.792650163,4.24445915,3.59055161,1.12444961
S1.00_rho1.00,jonswap_H4.000,3,FAIL,0.591412961,0.375102341,0.153606713,0.716984034,3.84016776,3.58910298,1.12364471
S1.00_rho1.00,jonswap_H4.000,4,FAIL,0.637979746,0.415323436,0.165247813,0.77898562,4.13119555,3.59000444,1.1244036
S1.00_rho1.00,jonswap_H4.000,5,FAIL,0.632273555,0.456477851,0.152161315,0.794540703,3.8040328,3.58899474,1.12259674
S1.00_rho1.00,jonswap_H8.500,1,FAIL,0.849649549,1.12780046,0.346523166,1.45393145,4.07674313,4.22194338,1.42203033
S1.00_rho1.00,jonswap_H8.500,2,FAIL,0.85519588,0.982701063,0.340837926,1.34656298,4.00985765,4.22111464,1.4186244
S1.00_rho1.00,jonswap_H8.500,3,FAIL,0.927963078,0.852594376,0.335851282,1.30415821,3.95119143,4.22255135,1.41917109
S1.00_rho1.00,jonswap_H8.500,4,FAIL,0.877063453,1.0256722,0.346671104,1.39335012,4.07848358,4.22084951,1.41772294
S1.00_rho1.00,jonswap_H8.500,5,FAIL,0.832760751,1.15200138,0.319667548,1.45697808,3.76079464,4.22343445,1.41908598
S1.00_rho1.00,pmstokes_H0.270,1,FAIL,0.0451140404,0.039837312,0.0119395228,0.0613582954,4.42204523,1.18999803,0.396762252
S1.00_rho1.00,pmstokes_H0.270,2,FAIL,0.0431466736,0.0384864286,0.0130144563,0.0592639595,4.82016897,1.17476964,0.395672619
S1.00_rho1.00,pmstokes_H0.270,3,FAIL,0.0408802554,0.0350182988,0.011729164,0.0550912879,4.34413481,1.14895809,0.385178655
S1.00_rho1.00,pmstokes_H0.270,4,FAIL,0.043287009,0.0366806872,0.0123701524,0.0580711514,4.58153772,1.1575098,0.397549897
S1.00_rho1.00,pmstokes_H0.270,5,FAIL,0.0445997268,0.0380768552,0.0117881056,0.0598158985,4.36596489,1.14930069,0.397038549
S1.00_rho1.00,pmstokes_H1.500,1,FAIL,0.156595677,0.222210228,0.0585303158,0.278074443,3.90202093,2.04409766,0.791518748
S1.00_rho1.00,pmstokes_H1.500,2,FAIL,0.152440056,0.20468089,0.0608478189,0.262363672,4.05652094,2.04525042,0.790892839
S1.00_rho1.00,pmstokes_H1.500,3,FAIL,0.16507262,0.175527051,0.0559283197,0.24735944,3.72855449,2.04276919,0.79007268
S1.00_rho1.00,pmstokes_H1.500,4,FAIL,0.156677172,0.196779579,0.0584286004,0.258232147,3.89523983,2.04334545,0.791733444
S1.00_rho1.00,pmstokes_H1.500,5,FAIL,0.149230525,0.220512152,0.0544205569,0.271766365,3.62803698,2.04234433,0.789860129
S1.00_rho1.00,pmstokes_H4.000,1,FAIL,0.589366734,0.464549601,0.159204751,0.767141223,3.98011875,3.28950691,1.12075531
S1.00_rho1.00,pmstokes_H4.000,2,FAIL,0.599859416,0.405883312,0.162839636,0.742353916,4.07099104,3.29101133,1.12501812
S1.00_rho1.00,pmstokes_H4.000,3,FAIL,0.55908531,0.33785516,0.152000144,0.670691073,3.80000353,3.29030442,1.12644529
S1.00_rho1.00,pmstokes_H4.000,4,FAIL,0.602438331,0.389196247,0.158177614,0.734456182,3.95444036,3.29041028,1.12562871
S1.00_rho1.00,pmstokes_H4.000,5,FAIL,0.595693886,0.422874033,0.145260647,0.744831741,3.63151622,3.29185557,1.1228081
S1.00_rho1.00,pmstokes_H8.500,1,FAIL,0.796256483,1.09329391,0.351725727,1.39750743,4.13794947,4.10336018,1.49631071
S1.00_rho1.00,pmstokes_H8.500,2,FAIL,0.800053656,0.953818917,0.323778331,1.28634703,3.80915666,4.10316706,1.49493265
S1.00_rho1.00,pmstokes_H8.500,3,FAIL,0.894634545,0.818795145,0.321808368,1.2547338,3.7859807,4.10334301,1.49580479
S1.00_rho1.00,pmstokes_H8.500,4,FAIL,0.827868581,0.962136924,0.341868103,1.31451416,4.02197742,4.10386848,1.48789072
S1.00_rho1.00,pmstokes_H8.500,5,FAIL,0.76019913,1.111431,0.320968091,1.38426948,3.77609515,4.10165882,1.49417436
S1.10_rho1.00,jonswap_H0.270,1,FAIL,0.0462318473,0.0404543206,0.0119164987,0.0625774637,4.41351795,1.2979629,0.350295067
S1.10_rho1.00,jonswap_H0.270,2,FAIL,0.044507768,0.0389033183,0.0136400992,0.0606668107,5.05188847,1.28338206,0.351863265
S1.10_rho1.00,jonswap_H0.270,3,FAIL,0.0422078446,0.0358004831,0.0119748125,0.0566266105,4.43511581,1.25628102,0.361482561
S1.10_rho1.00,jonswap_H0.270,4,FAIL,0.044925224,0.0369502418,0.0124977315,0.0594961308,4.62878942,1.26532924,0.350922436
S1.10_rho1.00,jonswap_H0.270,5,FAIL,0.0459716246,0.0391578525,0.0117966421,0.0615295731,4.3691268,1.25790656,0.351809829
S1.10_rho1.00,jonswap_H1.500,1,FAIL,0.161091655,0.230427533,0.0592434853,0.287327617,3.94956565,2.18100834,0.725054562
S1.10_rho1.00,jonswap_H1.500,2,FAIL,0.158152893,0.218910888,0.0664781034,0.278125256,4.43187332,2.18478942,0.726228893
S1.10_rho1.00,jonswap_H1.500,3,FAIL,0.172086537,0.185076296,0.0581106171,0.259314209,3.87404108,2.17850184,0.729579926
S1.10_rho1.00,jonswap_H1.500,4,FAIL,0.161858782,0.206564844,0.0607603975,0.269368023,4.05069304,2.18348646,0.705685496
S1.10_rho1.00,jonswap_H1.500,5,FAIL,0.151469395,0.233079344,0.0563620739,0.283629417,3.75747156,2.1777575,0.720298052
S1.10_rho1.00,jonswap_H4.000,1,FAIL,0.623849332,0.463195831,0.15581727,0.792475462,3.89543176,3.58995557,1.12525678
S1.10_rho1.00,jonswap_H4.000,2,FAIL,0.633780181,0.446951181,0.169144228,0.793758452,4.22860575,3.59055161,1.12444961
S1.10_rho1.00,jonswap_H4.000,3,FAIL,0.596221864,0.375467122,0.152682558,0.720949411,3.81706405,3.58910298,1.12364471
S1.10_rho1.00,jonswap_H4.000,4,FAIL,0.640931427,0.416445524,0.164634362,0.781872451,4.11585903,3.59000444,1.1244036
S1.10_rho1.00,jonswap_H4.000,5,FAIL,0.63190645,0.457888395,0.152091876,0.795046866,3.80229688,3.58899474,1.12259674
S1.10_rho1.00,jonswap_H8.500,1,FAIL,0.846631229,1.13165557,0.342789233,1.45428097,4.0328145,4.22194338,1.42203033
S1.10_rho1.00,jonswap_H8.500,2,FAIL,0.854609311,0.9883582,0.340967476,1.35035837,4.0113821,4.22111464,1.4186244
S1.10_rho1.00,jonswap_H8.500,3,FAIL,0.954288721,0.858257353,0.336143374,1.3267498,3.95462775,4.22255135,1.41917109
S1.10_rho1.00,jonswap_H8.500,4,FAIL,0.894531846,1.03012109,0.34834826,1.40807784,4.09821463,4.22084951,1.41772294
S1.10_rho1.00,jonswap_H8.500,5,FAIL,0.828345418,1.15724635,0.320857733,1.45887792,3.77479672,4.22343445,1.41908598
S1.10_rho1.00,pmstokes_H0.270,1,FAIL,0.0450804494,0.0398487709,0.0119352126,0.0613402054,4.42044926,1.18999803,0.396762252
S1.10_rho1.00,pmstokes_H0.270,2,FAIL,0.0430922769,0.0385050178,0.0130196279,0.0592375845,4.82208443,1.17476964,0.395672619
S1.10_rho1.00,pmstokes_H0.270,3,FAIL,0.0408458561,0.0350336954,0.0117253494,0.0550747439,4.34272194,1.14895809,0.385178655
S1.10_rho1.00,pmstokes_H0.270,4,FAIL,0.043232888,0.0366977528,0.0123620667,0.058039885,4.57854319,1.1575098,0.397549897
S1.10_rho1.00,pmstokes_H0.270,5,FAIL,0.0445558317,0.0380953886,0.0117779067,0.0597929768,4.36218739,1.14930069,0.397038549
S1.10_rho1.00,pmstokes_H1.500,1,FAIL,0.156676933,0.222251698,0.0585080348,0.278148651,3.90053558,2.04409766,0.791518748
S1.10_rho1.00,pmstokes_H1.500,2,FAIL,0.15251109,0.204665974,0.060832046,0.26238966,4.05546951,2.04525042,0.790892839
S1.10_rho1.00,pmstokes_H1.500,3,FAIL,0.165040359,0.175482124,0.055875577,0.247294113,3.72503829,2.04276919,0.79007268
S1.10_rho1.00,pmstokes_H1.500,4,FAIL,0.15666987,0.196763292,0.0583676398,0.25820151,3.89117575,2.04334545,0.791733444
S1.10_rho1.00,pmstokes_H1.500,5,FAIL,0.149296552,0.220497534,0.0544018745,0.271787018,3.62679148,2.04234433,0.789860129
S1.10_rho1.00,pmstokes_H4.000,1,FAIL,0.589505196,0.464432597,0.159056097,0.767145932,3.97640252,3.28950691,1.12075531
S1.10_rho1.00,pmstokes_H4.000,2,FAIL,0.59985888,0.405895352,0.162727043,0.742335379,4.06817627,3.29101133,1.12501812
S1.10_rho1.00,pmstokes_H4.000,3,FAIL,0.558830142,0.337860972,0.151920497,0.670463264,3.7980125,3.29030442,1.12644529
S1.10_rho1.00,pmstokes_H4.000,4,FAIL,0.602167726,0.389247894,0.157971859,0.734217227,3.94929647,3.29041028,1.12562871
S1.10_rho1.00,pmstokes_H4.000,5,FAIL,0.595787048,0.422911942,0.14523761,0.744923234,3.6309402,3.29185557,1.1228081
S1.10_rho1.00,pmstokes_H8.500,1,FAIL,0.797189116,1.09328675,0.351547092,1.39798844,4.13584805,4.10336018,1.49631071
S1.10_rho1.00,pmstokes_H8.500,2,FAIL,0.800647616,0.95365113,0.323415607,1.28650093,3.80488944,4.10316706,1.49493265
S1.10_rho1.00,pmstokes_H8.500,3,FAIL,0.893868148,0.818587482,0.321716011,1.25402832,3.78489423,4.10334301,1.49580479
S1.10_rho1.00,pmstokes_H8.500,4,FAIL,0.827606142,0.961889446,0.341095507,1.31396699,4.01288843,4.10386848,1.48789072
S1.10_rho1.00,pmstokes_H8.500,5,FAIL,0.760809243,1.11138761,0.32095322,1.38456643,3.77592015,4.10165882,1.49417436
S1.20_rho1.00,jonswap_H0.270,1,FAIL,0.0461966097,0.0404802412,0.0119137615,0.0625676811,4.4125042,1.2979629,0.350295067
S1.20_rho1.00,jonswap_H0.270,2,FAIL,0.0444633029,0.0389217027,0.0136331385,0.0606444292,5.04931021,1.28338206,0.351863265
S1.20_rho1.00,jonswap_H0.270,3,FAIL,0.0421831608,0.0358203053,0.0119720465,0.0566201657,4.43409109,1.25628102,0.361482561
S1.20_rho1.00,jonswap_H0.270,4,FAIL,0.0448931605,0.0369727202,0.0124861123,0.0594834499,4.62448597,1.26532924,0.350922436
S1.20_rho1.00,jonswap_H0.270,5,FAIL,0.0459392369,0.0391825549,0.0117950067,0.0615207925,4.36852074,1.25790656,0.351809829
S1.20_rho1.00,jonswap_H1.500,1,FAIL,0.16081807,0.230536357,0.059188135,0.287250251,3.94587541,2.18100834,0.725054562
S1.20_rho1.00,jonswap_H1.500,2,FAIL,0.158040956,0.219092771,0.0664425045,0.278196305,4.4295001,2.18478942,0.726228893
S1.20_rho1.00,jonswap_H1.500,3,FAIL,0.172233388,0.185249731,0.0580475889,0.259521335,3.86983919,2.17850184,0.729579926
S1.20_rho1.00,jonswap_H1.500,4,FAIL,0.161954969,0.206712976,0.0606882013,0.269523144,4.04587984,2.18348646,0.705685496
S1.20_rho1.00,jonswap_H1.500,5,FAIL,0.151290372,0.233313784,0.056335967,0.283721417,3.75573111,2.1777575,0.720298052
S1.20_rho1.00,jonswap_H4.000,1,FAIL,0.625014424,0.464683622,0.155215546,0.79414463,3.88038874,3.58995557,1.12525678
S1.20_rho1.00,jonswap_H4.000,2,FAIL,0.635792255,0.448129565,0.168750986,0.795945227,4.2187748,3.59055161,1.12444961
S1.20_rho1.00,jonswap_H4.000,3,FAIL,0.6013304,0.375793099,0.152055517,0.725216925,3.80138803,3.58910298,1.12364471
S1.20_rho1.00,jonswap_H4.000,4,FAIL,0.644771159,0.417386323,0.16425167,0.785442412,4.10629177,3.59000444,1.1244036
S1.20_rho1.00,jonswap_H4.000,5,FAIL,0.633028626,0.459035218,0.152141795,0.796608865,3.80354476,3.58899474,1.12259674
S1.20_rho1.00,jonswap_H8.500,1,FAIL,0.856362581,1.1347276,0.340364546,1.46178377,4.00428867,4.22194338,1.42203033
S1.20_rho1.00,jonswap_H8.500,2,FAIL,0.868646264,0.992862463,0.341579676,1.36271751,4.01858425,4.22111464,1.4186244
S1.20_rho1.00,jonswap_H8.500,3,FAIL,0.988101244,0.862819493,0.337015182,1.35439312,3.96488452,4.22255135,1.41917109
S1.20_rho1.00,jonswap_H8.500,4,FAIL,0.921479464,1.03364789,0.350101322,1.42832887,4.11883879,4.22084951,1.41772294
S1.20_rho1.00,jonswap_H8.500,5,FAIL,0.836390555,1.1614747,0.322247446,1.46711147,3.79114628,4.22343445,1.41908598
S1.20_rho1.00,pmstokes_H0.270,1,FAIL,0.0450558439,0.039857734,0.0119324345,0.061327409,4.41942024,1.18999803,0.396762252
S1.20_rho1.00,pmstokes_H0.270,2,FAIL,0.0430521108,0.0385195203,0.0130242892,0.0592188314,4.82381058,1.17476964,0.395672619
S1.20_rho1.00,pmstokes_H0.270,3,FAIL,0.0408207327,0.0350456871,0.0117226951,0.0550631806,4.3417387,1.14895809,0.385178655
S1.20_rho1.00,pmstokes_H0.270,4,FAIL,0.0431919955,0.036710877,0.012356177,0.0580164827,4.57636166,1.1575098,0.397549897
S1.20_rho1.00,pmstokes_H0.270,5,FAIL,0.0445229337,0.0381102636,0.0117704011,0.0597764701,4.3594079,1.14930069,0.397038549
S1.20_rho1.00,pmstokes_H1.500,1,FAIL,0.156744465,0.222283393,0.0584936365,0.278209001,3.89957571,2.04409766,0.791518748
S1.20_rho1.00,pmstokes_H1.500,2,FAIL,0.152573258,0.204655394,0.0608234107,0.262415528,4.05489397,2.04525042,0.790892839
S1.20_rho1.00,pmstokes_H1.500,3,FAIL,0.165021211,0.17544657,0.0558370911,0.247247413,3.72247267,2.04276919,0.79007268
S1.20_rho1.00,pmstokes_H1.500,4,FAIL,0.156670779,0.196752623,0.0583226159,0.258183748,3.8881743,2.04334545,0.791733444
S1.20_rho1.00,pmstokes_H1.500,5,FAIL,0.1493496,0.2204891,0.0543905795,0.271807075,3.62603855,2.04234433,0.789860129
S1.20_rho1.00,pmstokes_H4.000,1,FAIL,0.589632154,0.464334667,0.158950895,0.767162442,3.97377229,3.28950691,1.12075531
S1.20_rho1.00,pmstokes_H4.000,2,FAIL,0.599888623,0.405904412,0.162648976,0.74234724,4.06622458,3.29101133,1.12501812
S1.20_rho1.00,pmstokes_H4.000,3,FAIL,0.558657408,0.337864608,0.151868388,0.670309305,3.79670978,3.29030442,1.12644529
S1.20_rho1.00,pmstokes_H4.000,4,FAIL,0.601992428,0.389288217,0.157822415,0.734062731,3.94556046,3.29041028,1.12562871
S1.20_rho1.00,pmstokes_H4.000,5,FAIL,0.595879018,0.422935367,0.145231202,0.745008886,3.63077998,3.29185557,1.1228081
S1.20_rho1.00,pmstokes_H8.500,1,FAIL,0.797987103,1.09328985,0.351429254,1.3984164,4.13446188,4.10336018,1.49631071
S1.20_rho1.00,pmstokes_H8.500,2,FAIL,0.801193655,0.953528881,0.323156536,1.28668523,3.8018415,4.10316706,1.49493265
S1.20_rho1.00,pmstokes_H8.500,3,FAIL,0.893328607,0.81843096,0.32165271,1.25352526,3.78414941,4.10334301,1.49580479
S1.20_rho1.00,pmstokes_H8.500,4,FAIL,0.827498496,0.961698592,0.340510815,1.31360781,4.00600958,4.10386848,1.48789072
S1.20_rho1.00,pmstokes_H8.500,5,FAIL,0.761328459,1.11134684,0.320962548,1.38482118,3.77602983,4.10165882,1.49417436
S1.50_rho1.00,jonswap_H0.270,1,FAIL,0.0461306423,0.0405319519,0.0119095324,0.0625516772,4.41093779,1.2979629,0.350295067
S1.50_rho1.00,jonswap_H0.270,2,FAIL,0.0443822704,0.0389577933,0.0136208804,0.0606054775,5.04477024,1.28338206,0.351863265
S1.50_rho1.00,jonswap_H0.270,3,FAIL,0.042137973,0.035859555,0.0119677437,0.0566104539,4.4324975,1.25628102,0.361482561
S1.50_rho1.00,jonswap_H0.270,4,FAIL,0.0448354334,0.0370148942,0.0124644376,0.0594615899,4.61645842,1.26532924,0.350922436
S1.50_rho1.00,jonswap_H0.270,5,FAIL,0.0458800159,0.0392300151,0.0117929596,0.0615064539,4.36776257,1.25790656,0.351809829
S1.50_rho1.00,jonswap_H1.500,1,FAIL,0.160425156,0.230770037,0.0590913817,0.287198246,3.93942523,2.18100834,0.725054562
S1.50_rho1.00,jonswap_H1.500,2,FAIL,0.157981426,0.21945411,0.0663838238,0.278433204,4.42558813,2.18478942,0.726228893
S1.50_rho1.00,jonswap_H1.500,3,FAIL,0.172686294,0.18559745,0.0579398908,0.260046154,3.86265922,2.17850184,0.729579926
S1.50_rho1.00,jonswap_H1.500,4,FAIL,0.162291259,0.207003593,0.0605634823,0.269920111,4.03756523,2.18348646,0.705685496
S1.50_rho1.00,jonswap_H1.500,5,FAIL,0.151068136,0.233789623,0.0562955737,0.283986568,3.75303817,2.1777575,0.720298052
S1.50_rho1.00,jonswap_H4.000,1,FAIL,0.63063997,0.467598647,0.154292271,0.800100803,3.85730672,3.58995557,1.12525678
S1.50_rho1.00,jonswap_H4.000,2,FAIL,0.64363277,0.4505063,0.168240756,0.803445101,4.20601892,3.59055161,1.12444961
S1.50_rho1.00,jonswap_H4.000,3,FAIL,0.614454806,0.376499295,0.151065573,0.736292899,3.77663922,3.58910298,1.12364471
S1.50_rho1.00,jonswap_H4.000,4,FAIL,0.655892015,0.419225931,0.163734183,0.795458078,4.0933547,3.59000444,1.1244036
S1.50_rho1.00,jonswap_H4.000,5,FAIL,0.638620973,0.461376816,0.152509004,0.802473843,3.81272507,3.58899474,1.12259674
S1.50_rho1.00,jonswap_H8.500,1,FAIL,0.902129292,1.14089859,0.336774111,1.49295139,3.96204829,4.22194338,1.42203033
S1.50_rho1.00,jonswap_H8.500,2,FAIL,0.927473724,1.00192428,0.34397614,1.40796995,4.0467782,4.22111464,1.4186244
S1.50_rho1.00,jonswap_H8.500,3,FAIL,1.0807147,0.872076929,0.340242893,1.42976499,4.00285769,4.22255135,1.41917109
S1.50_rho1.00,jonswap_H8.500,4,FAIL,1.00143945,1.04082894,0.354538947,1.48724711,4.17104626,4.22084951,1.41772294
S1.50_rho1.00,jonswap_H8.500,5,FAIL,0.877766907,1.17003751,0.326058507,1.49859154,3.83598232,4.22343445,1.41908598
S1.50_rho1.00,pmstokes_H0.270,1,FAIL,0.0450112745,0.0398770645,0.0119283143,0.0613064431,4.41789389,1.18999803,0.396762252
S1.50_rho1.00,pmstokes_H0.270,2,FAIL,0.0429793335,0.0385471806,0.0130345542,0.0591862127,4.8276124,1.17476964,0.395672619
S1.50_rho1.00,pmstokes_H0.270,3,FAIL,0.0407752804,0.0350701064,0.0117191421,0.0550442934,4.34042311,1.14895809,0.385178655
S1.50_rho1.00,pmstokes_H0.270,4,FAIL,0.0431171954,0.0367358588,0.0123462416,0.0579745248,4.5726819,1.1575098,0.397549897
S1.50_rho1.00,pmstokes_H0.270,5,FAIL,0.0444635376,0.0381374322,0.0117570423,0.0597469509,4.35445976,1.14930069,0.397038549
S1.50_rho1.00,pmstokes_H1.500,1,FAIL,0.156879827,0.2223465,0.0584732145,0.278331399,3.8982141,2.04409766,0.791518748
S1.50_rho1.00,pmstokes_H1.500,2,FAIL,0.152712435,0.204628974,0.0608102717,0.262472838,4.05401802,2.04525042,0.790892839
S1.50_rho1.00,pmstokes_H1.500,3,FAIL,0.165006891,0.175374702,0.055771824,0.247172117,3.71812153,2.04276919,0.79007268
S1.50_rho1.00,pmstokes_H1.500,4,FAIL,0.156691998,0.196726725,0.0582446568,0.25815931,3.88297701,2.04334545,0.791733444
S1.50_rho1.00,pmstokes_H1.500,5,FAIL,0.149463609,0.220477015,0.0543755628,0.271856934,3.62503743,2.04234433,0.789860129
S1.50_rho1.00,pmstokes_H4.000,1,FAIL,0.589971244,0.464138418,0.158765242,0.767265916,3.96913099,3.28950691,1.12075531
S1.50_rho1.00,pmstokes_H4.000,2,FAIL,0.600032985,0.405887425,0.16252543,0.742427588,4.06313562,3.29101133,1.12501812
S1.50_rho1.00,pmstokes_H4.000,3,FAIL,0.55839783,0.337842584,0.151792005,0.670064569,3.79480004,3.29030442,1.12644529
S1.50_rho1.00,pmstokes_H4.000,4,FAIL,0.601735771,0.389352351,0.157560721,0.733830094,3.93901801,3.29041028,1.12562871
S1.50_rho1.00,pmstokes_H4.000,5,FAIL,0.596118152,0.422970623,0.145239979,0.745221913,3.63099957,3.29185557,1.1228081
S1.50_rho1.00,pmstokes_H8.500,1,FAIL,0.799738407,1.09332323,0.351213813,1.39938855,4.13192701,4.10336018,1.49631071
S1.50_rho1.00,pmstokes_H8.500,2,FAIL,0.802537978,0.953287303,0.322692573,1.28722739,3.79638314,4.10316706,1.49493265
S1.50_rho1.00,pmstokes_H8.500,3,FAIL,0.892531931,0.818123639,0.321588337,1.25274038,3.78339219,4.10334301,1.49580479
S1.50_rho1.00,pmstokes_H8.500,4,FAIL,0.82760036,0.961335361,0.339443237,1.31312978,3.99344969,4.10386848,1.48789072
S1.50_rho1.00,pmstokes_H8.500,5,FAIL,0.762506068,1.11133063,0.321002096,1.38546515,3.77649522,4.10165882,1.49417436
S1.87_rho1.00,jonswap_H0.270,1,FAIL,0.0460912921,0.0405668393,0.0119074462,0.0625448823,4.41016531,1.2979629,0.350295067
S1.87_rho1.00,jonswap_H0.270,2,FAIL,0.04433522,0.0389800221,0.0136138247,0.0605837442,5.04215717,1.28338206,0.351863265
S1.87_rho1.00,jonswap_H0.270,3,FAIL,0.0421108864,0.0358848386,0.0119660199,0.0566059537,4.43185902,1.25628102,0.361482561
S1.87_rho1.00,jonswap_H0.270,4,FAIL,0.0448007658,0.0370417647,0.0124513153,0.0594494417,4.61159801,1.26532924,0.350922436
S1.87_rho1.00,jonswap_H0.270,5,FAIL,0.0458453745,0.0392597429,0.0117925508,0.06149951,4.36761141,1.25790656,0.351809829
S1.87_rho1.00,jonswap_H1.500,1,FAIL,0.160268068,0.230937958,0.0590354502,0.287234008,3.9356966,2.18100834,0.725054562
S1.87_rho1.00,jonswap_H1.500,2,FAIL,0.158059657,0.219698638,0.0663536489,0.278663158,4.42357635,2.18478942,0.726228893
S1.87_rho1.00,jonswap_H1.500,3,FAIL,0.173110962,0.185825959,0.0578801967,0.26047805,3.85867953,2.17850184,0.729579926
S1.87_rho1.00,jonswap_H1.500,4,FAIL,0.162623331,0.207196847,0.0604906306,0.270251721,4.03270864,2.18348646,0.705685496
S1.87_rho1.00,jonswap_H1.500,5,FAIL,0.151012301,0.234124079,0.0562772863,0.284228653,3.7518189,2.1777575,0.720298052
S1.87_rho1.00,jonswap_H4.000,1,FAIL,0.636657596,0.46952942,0.153872579,0.805895507,3.84681439,3.58995557,1.12525678
S1.87_rho1.00,jonswap_H4.000,2,FAIL,0.651431501,0.45203343,0.168082893,0.810523987,4.20207214,3.59055161,1.12444961
S1.87_rho1.00,jonswap_H4.000,3,FAIL,0.625187635,0.376999736,0.150585428,0.745428979,3.7646358,3.58910298,1.12364471
S1.87_rho1.00,jonswap_H4.000,4,FAIL,0.665612221,0.42042169,0.16356805,0.804082394,4.08920145,3.59000444,1.1244036
S1.87_rho1.00,jonswap_H4.000,5,FAIL,0.644617319,0.462956727,0.152943626,0.808240116,3.82359076,3.58899474,1.12259674
S1.87_rho1.00,jonswap_H8.500,1,FAIL,0.947959244,1.14518702,0.33522591,1.52396083,3.94383407,4.22194338,1.42203033
S1.87_rho1.00,jonswap_H8.500,2,FAIL,0.984110951,1.00803256,0.346346498,1.45071018,4.07466459,4.22111464,1.4186244
S1.87_rho1.00,jonswap_H8.500,3,FAIL,1.15589464,0.878387511,0.343398333,1.4918375,4.03998041,4.22255135,1.41917109
S1.87_rho1.00,jonswap_H8.500,4,FAIL,1.06893885,1.04562783,0.358132273,1.53760421,4.21332073,4.22084951,1.41772294
S1.87_rho1.00,jonswap_H8.500,5,FAIL,0.920371413,1.17596686,0.329299599,1.52918935,3.87411284,4.22343445,1.41908598
S1.87_rho1.00,pmstokes_H0.270,1,FAIL,0.0449856408,0.0398896374,0.0119267758,0.0612955056,4.41732407,1.18999803,0.396762252
S1.87_rho1.00,pmstokes_H0.270,2,FAIL,0.0429369956,0.0385635905,0.0130423587,0.0591678917,4.83050299,1.17476964,0.395672619
S1.87_rho1.00,pmstokes_H0.270,3,FAIL,0.0407490954,0.0350851491,0.0117178708,0.0550342165,4.33995199,1.14895809,0.385178655
S1.87_rho1.00,pmstokes_H0.270,4,FAIL,0.0430716798,0.0367505737,0.0123410067,0.0579488985,4.57074308,1.1575098,0.397549897
S1.87_rho1.00,pmstokes_H0.270,5,FAIL,0.044429224,0.0381546393,0.0117492536,0.0597308762,4.35157537,1.14930069,0.397038549
S1.87_rho1.00,pmstokes_H1.500,1,FAIL,0.156981215,0.222389191,0.0584642142,0.278420776,3.89761424,2.04409766,0.791518748
S1.87_rho1.00,pmstokes_H1.500,2,FAIL,0.152828693,0.204605237,0.0608073957,0.262521327,4.05382633,2.04525042,0.790892839
S1.87_rho1.00,pmstokes_H1.500,3,FAIL,0.16501978,0.175320968,0.0557346866,0.247134224,3.71564555,2.04276919,0.79007268
S1.87_rho1.00,pmstokes_H1.500,4,FAIL,0.156728745,0.19670932,0.0581996366,0.258158177,3.87997556,2.04334545,0.791733444
S1.87_rho1.00,pmstokes_H1.500,5,FAIL,0.149553493,0.220474988,0.054370895,0.271903783,3.6247263,2.04234433,0.789860129
S1.87_rho1.00,pmstokes_H4.000,1,FAIL,0.590284169,0.463966876,0.158661678,0.76738143,3.96654201,3.28950691,1.12075531
S1.87_rho1.00,pmstokes_H4.000,2,FAIL,0.600219786,0.405835152,0.162466303,0.742537022,4.06165743,3.29101133,1.12501812
S1.87_rho1.00,pmstokes_H4.000,3,FAIL,0.558314145,0.337797314,0.151762858,0.669965446,3.79407144,3.29030442,1.12644529
S1.87_rho1.00,pmstokes_H4.000,4,FAIL,0.601668239,0.389358044,0.157408774,0.733745098,3.93521929,3.29041028,1.12562871
S1.87_rho1.00,pmstokes_H4.000,5,FAIL,0.596346498,0.422978669,0.145262286,0.745413482,3.63155723,3.29185557,1.1228081
S1.87_rho1.00,pmstokes_H8.500,1,FAIL,0.801077724,1.09334445,0.351096362,1.40014148,4.13054514,4.10336018,1.49631071
S1.87_rho1.00,pmstokes_H8.500,2,FAIL,0.803670943,0.953184009,0.322431266,1.28779221,3.79330897,4.10316706,1.49493265
S1.87_rho1.00,pmstokes_H8.500,3,FAIL,0.89219147,0.8179304,0.321570307,1.25236702,3.78318,4.10334301,1.49580479
S1.87_rho1.00,pmstokes_H8.500,4,FAIL,0.827939689,0.961096764,0.338769674,1.31299508,3.98552561,4.10386848,1.48789072
S1.87_rho1.00,pmstokes_H8.500,5,FAIL,0.76343739,1.1113807,0.321049571,1.38602901,3.77705359,4.10165882,1.49417436
